model,evaluation,target_scale,repeat,split_name,row_index,y_true,y_pred
maml,A_zero_shot_all_inhouse,inhouse_percentile,0,all_rows,0,0.08653846383094788,17.006988525390625
maml,A_zero_shot_all_inhouse,inhouse_percentile,0,all_rows,1,0.18269230425357819,16.799381256103516
maml,A_zero_shot_all_inhouse,inhouse_percentile,0,all_rows,2,0.16346153616905212,16.926528930664062
maml,A_zero_shot_all_inhouse,inhouse_percentile,0,all_rows,3,0.19230769574642181,16.75338363647461
maml,A_zero_shot_all_inhouse,inhouse_percentile,0,all_rows,4,0.028846153989434242,16.42389678955078
maml,A_zero_shot_all_inhouse,inhouse_percentile,0,all_rows,5,0.36538460850715637,17.165607452392578
maml,A_zero_shot_all_inhouse,inhouse_percentile,0,all_rows,6,0.01923076994717121,16.43444061279297
maml,A_zero_shot_all_inhouse,inhouse_percentile,0,all_rows,7,0.09615384787321091,17.147724151611328
maml,A_zero_shot_all_inhouse,inhouse_percentile,0,all_rows,8,0.057692307978868484,16.752113342285156
maml,A_zero_shot_all_inhouse,inhouse_percentile,0,all_rows,9,0.009615384973585606,16.750347137451172
maml,A_zero_shot_all_inhouse,inhouse_percentile,0,all_rows,10,0.20192307233810425,16.723453521728516
maml,A_zero_shot_all_inhouse,inhouse_percentile,0,all_rows,11,0.11538461595773697,16.68722915649414
maml,A_zero_shot_all_inhouse,inhouse_percentile,0,all_rows,12,0.25,16.799795150756836
maml,A_zero_shot_all_inhouse,inhouse_percentile,0,all_rows,13,0.10576923191547394,16.373716354370117
maml,A_zero_shot_all_inhouse,inhouse_percentile,0,all_rows,14,0.5288461446762085,17.165607452392578
maml,A_zero_shot_all_inhouse,inhouse_percentile,0,all_rows,15,0.21153846383094788,17.120677947998047
maml,A_zero_shot_all_inhouse,inhouse_percentile,0,all_rows,16,0.125,17.147724151611328
maml,A_zero_shot_all_inhouse,inhouse_percentile,0,all_rows,17,0.048076923936605453,16.448406219482422
maml,A_zero_shot_all_inhouse,inhouse_percentile,0,all_rows,18,0.2884615361690521,17.161298751831055
maml,A_zero_shot_all_inhouse,inhouse_percentile,0,all_rows,19,0.2788461446762085,17.002452850341797
maml,A_zero_shot_all_inhouse,inhouse_percentile,0,all_rows,20,0.38461539149284363,16.44082260131836
maml,A_zero_shot_all_inhouse,inhouse_percentile,0,all_rows,21,0.39423078298568726,17.137962341308594
maml,A_zero_shot_all_inhouse,inhouse_percentile,0,all_rows,22,0.4423076808452606,17.111042022705078
maml,A_zero_shot_all_inhouse,inhouse_percentile,0,all_rows,23,0.3076923191547394,17.006988525390625
maml,A_zero_shot_all_inhouse,inhouse_percentile,0,all_rows,24,0.3365384638309479,16.42263412475586
maml,A_zero_shot_all_inhouse,inhouse_percentile,0,all_rows,25,0.17307692766189575,16.660755157470703
maml,A_zero_shot_all_inhouse,inhouse_percentile,0,all_rows,26,0.3173076808452606,16.449464797973633
maml,A_zero_shot_all_inhouse,inhouse_percentile,0,all_rows,27,0.06730769574642181,16.740859985351562
maml,A_zero_shot_all_inhouse,inhouse_percentile,0,all_rows,28,0.03846153989434242,16.799381256103516
maml,A_zero_shot_all_inhouse,inhouse_percentile,0,all_rows,29,0.13461539149284363,17.120677947998047
maml,A_zero_shot_all_inhouse,inhouse_percentile,0,all_rows,30,0.6346153616905212,17.11044692993164
maml,A_zero_shot_all_inhouse,inhouse_percentile,0,all_rows,31,0.42307692766189575,16.433456420898438
maml,A_zero_shot_all_inhouse,inhouse_percentile,0,all_rows,32,0.557692289352417,16.992698669433594
maml,A_zero_shot_all_inhouse,inhouse_percentile,0,all_rows,33,0.9134615659713745,15.403169631958008
maml,A_zero_shot_all_inhouse,inhouse_percentile,0,all_rows,34,0.7692307829856873,16.09982681274414
maml,A_zero_shot_all_inhouse,inhouse_percentile,0,all_rows,35,0.5865384340286255,15.53986644744873
maml,A_zero_shot_all_inhouse,inhouse_percentile,0,all_rows,36,0.7980769276618958,15.47843074798584
maml,A_zero_shot_all_inhouse,inhouse_percentile,0,all_rows,37,0.7307692170143127,16.205913543701172
maml,A_zero_shot_all_inhouse,inhouse_percentile,0,all_rows,38,0.932692289352417,16.834077835083008
maml,A_zero_shot_all_inhouse,inhouse_percentile,0,all_rows,39,0.8653846383094788,16.356626510620117
maml,A_zero_shot_all_inhouse,inhouse_percentile,0,all_rows,40,0.9230769276618958,15.991415977478027
maml,A_zero_shot_all_inhouse,inhouse_percentile,0,all_rows,41,0.7019230723381042,15.387852668762207
maml,A_zero_shot_all_inhouse,inhouse_percentile,0,all_rows,42,0.26923078298568726,16.736101150512695
maml,A_zero_shot_all_inhouse,inhouse_percentile,0,all_rows,43,0.6442307829856873,16.51862335205078
maml,A_zero_shot_all_inhouse,inhouse_percentile,0,all_rows,44,0.24038460850715637,15.937007904052734
maml,A_zero_shot_all_inhouse,inhouse_percentile,0,all_rows,45,0.375,15.418383598327637
maml,A_zero_shot_all_inhouse,inhouse_percentile,0,all_rows,46,0.45192307233810425,16.001602172851562
maml,A_zero_shot_all_inhouse,inhouse_percentile,0,all_rows,47,0.682692289352417,16.03449058532715
maml,A_zero_shot_all_inhouse,inhouse_percentile,0,all_rows,48,0.1538461595773697,15.977139472961426
maml,A_zero_shot_all_inhouse,inhouse_percentile,0,all_rows,49,0.3461538553237915,15.442153930664062
maml,A_zero_shot_all_inhouse,inhouse_percentile,0,all_rows,50,0.5,17.290733337402344
maml,A_zero_shot_all_inhouse,inhouse_percentile,0,all_rows,51,0.4038461446762085,16.066152572631836
maml,A_zero_shot_all_inhouse,inhouse_percentile,0,all_rows,52,0.14423076808452606,16.447772979736328
maml,A_zero_shot_all_inhouse,inhouse_percentile,0,all_rows,53,0.07692307978868484,15.645554542541504
maml,A_zero_shot_all_inhouse,inhouse_percentile,0,all_rows,54,0.23076923191547394,16.681833267211914
maml,A_zero_shot_all_inhouse,inhouse_percentile,0,all_rows,55,0.5096153616905212,17.11279296875
maml,A_zero_shot_all_inhouse,inhouse_percentile,0,all_rows,56,0.7788461446762085,16.82499122619629
maml,A_zero_shot_all_inhouse,inhouse_percentile,0,all_rows,57,0.567307710647583,16.776187896728516
maml,A_zero_shot_all_inhouse,inhouse_percentile,0,all_rows,58,0.5480769276618958,16.72654151916504
maml,A_zero_shot_all_inhouse,inhouse_percentile,0,all_rows,59,0.6057692170143127,16.679548263549805
maml,A_zero_shot_all_inhouse,inhouse_percentile,0,all_rows,60,0.5384615659713745,17.108890533447266
maml,A_zero_shot_all_inhouse,inhouse_percentile,0,all_rows,61,0.6153846383094788,17.06306266784668
maml,A_zero_shot_all_inhouse,inhouse_percentile,0,all_rows,62,0.5769230723381042,16.776185989379883
maml,A_zero_shot_all_inhouse,inhouse_percentile,0,all_rows,63,0.7115384340286255,16.72654151916504
maml,A_zero_shot_all_inhouse,inhouse_percentile,0,all_rows,64,0.8557692170143127,15.986615180969238
maml,A_zero_shot_all_inhouse,inhouse_percentile,0,all_rows,65,0.817307710647583,16.022659301757812
maml,A_zero_shot_all_inhouse,inhouse_percentile,0,all_rows,66,0.8942307829856873,16.081924438476562
maml,A_zero_shot_all_inhouse,inhouse_percentile,0,all_rows,67,0.7596153616905212,16.275861740112305
maml,A_zero_shot_all_inhouse,inhouse_percentile,0,all_rows,68,0.7403846383094788,16.64984130859375
maml,A_zero_shot_all_inhouse,inhouse_percentile,0,all_rows,69,0.49038460850715637,15.986615180969238
maml,A_zero_shot_all_inhouse,inhouse_percentile,0,all_rows,70,0.35576921701431274,16.50286102294922
maml,A_zero_shot_all_inhouse,inhouse_percentile,0,all_rows,71,0.2211538404226303,16.504905700683594
maml,A_zero_shot_all_inhouse,inhouse_percentile,0,all_rows,72,0.25961539149284363,16.772327423095703
maml,A_zero_shot_all_inhouse,inhouse_percentile,0,all_rows,73,0.4615384638309479,16.26142120361328
maml,A_zero_shot_all_inhouse,inhouse_percentile,0,all_rows,74,0.48076921701431274,17.137962341308594
maml,A_zero_shot_all_inhouse,inhouse_percentile,0,all_rows,75,0.5961538553237915,16.820934295654297
maml,A_zero_shot_all_inhouse,inhouse_percentile,0,all_rows,76,0.4711538553237915,16.876399993896484
maml,A_zero_shot_all_inhouse,inhouse_percentile,0,all_rows,77,0.32692307233810425,16.507160186767578
maml,A_zero_shot_all_inhouse,inhouse_percentile,0,all_rows,78,0.4326923191547394,17.165607452392578
maml,A_zero_shot_all_inhouse,inhouse_percentile,0,all_rows,79,0.6634615659713745,16.834077835083008
maml,A_zero_shot_all_inhouse,inhouse_percentile,0,all_rows,80,0.6538461446762085,16.03449058532715
maml,A_zero_shot_all_inhouse,inhouse_percentile,0,all_rows,81,0.5192307829856873,16.51862144470215
maml,A_zero_shot_all_inhouse,inhouse_percentile,0,all_rows,82,0.29807692766189575,17.165607452392578
maml,A_zero_shot_all_inhouse,inhouse_percentile,0,all_rows,83,0.4134615361690521,17.147724151611328
maml,A_zero_shot_all_inhouse,inhouse_percentile,0,all_rows,84,1.0,16.213218688964844
maml,A_zero_shot_all_inhouse,inhouse_percentile,0,all_rows,85,0.875,16.198345184326172
maml,A_zero_shot_all_inhouse,inhouse_percentile,0,all_rows,86,0.9711538553237915,16.18321990966797
maml,A_zero_shot_all_inhouse,inhouse_percentile,0,all_rows,87,0.9038461446762085,16.168350219726562
maml,A_zero_shot_all_inhouse,inhouse_percentile,0,all_rows,88,0.8365384340286255,16.152484893798828
maml,A_zero_shot_all_inhouse,inhouse_percentile,0,all_rows,89,0.8846153616905212,16.768136978149414
maml,A_zero_shot_all_inhouse,inhouse_percentile,0,all_rows,90,0.807692289352417,16.579681396484375
maml,A_zero_shot_all_inhouse,inhouse_percentile,0,all_rows,91,0.9615384340286255,15.81363582611084
maml,A_zero_shot_all_inhouse,inhouse_percentile,0,all_rows,92,0.942307710647583,16.64940643310547
maml,A_zero_shot_all_inhouse,inhouse_percentile,0,all_rows,93,0.75,16.315135955810547
maml,A_zero_shot_all_inhouse,inhouse_percentile,0,all_rows,94,0.625,17.59518051147461
maml,A_zero_shot_all_inhouse,inhouse_percentile,0,all_rows,95,0.692307710647583,16.86284065246582
maml,A_zero_shot_all_inhouse,inhouse_percentile,0,all_rows,96,0.7884615659713745,17.518051147460938
maml,A_zero_shot_all_inhouse,inhouse_percentile,0,all_rows,97,0.6730769276618958,17.295658111572266
maml,A_zero_shot_all_inhouse,inhouse_percentile,0,all_rows,98,0.8269230723381042,16.081863403320312
maml,A_zero_shot_all_inhouse,inhouse_percentile,0,all_rows,99,0.8461538553237915,15.986615180969238
maml,A_zero_shot_all_inhouse,inhouse_percentile,0,all_rows,100,0.9903846383094788,16.707426071166992
maml,A_zero_shot_all_inhouse,inhouse_percentile,0,all_rows,101,0.9807692170143127,15.486656188964844
maml,A_zero_shot_all_inhouse,inhouse_percentile,0,all_rows,102,0.9519230723381042,16.827301025390625
maml,A_zero_shot_all_inhouse,inhouse_percentile,0,all_rows,103,0.7211538553237915,16.375186920166016
fomaml,A_zero_shot_all_inhouse,inhouse_percentile,0,all_rows,0,0.08653846383094788,14.70386791229248
fomaml,A_zero_shot_all_inhouse,inhouse_percentile,0,all_rows,1,0.18269230425357819,15.029837608337402
fomaml,A_zero_shot_all_inhouse,inhouse_percentile,0,all_rows,2,0.16346153616905212,14.512930870056152
fomaml,A_zero_shot_all_inhouse,inhouse_percentile,0,all_rows,3,0.19230769574642181,14.931498527526855
fomaml,A_zero_shot_all_inhouse,inhouse_percentile,0,all_rows,4,0.028846153989434242,15.1299467086792
fomaml,A_zero_shot_all_inhouse,inhouse_percentile,0,all_rows,5,0.36538460850715637,15.129955291748047
fomaml,A_zero_shot_all_inhouse,inhouse_percentile,0,all_rows,6,0.01923076994717121,15.118183135986328
fomaml,A_zero_shot_all_inhouse,inhouse_percentile,0,all_rows,7,0.09615384787321091,15.16455078125
fomaml,A_zero_shot_all_inhouse,inhouse_percentile,0,all_rows,8,0.057692307978868484,15.075657844543457
fomaml,A_zero_shot_all_inhouse,inhouse_percentile,0,all_rows,9,0.009615384973585606,15.230058670043945
fomaml,A_zero_shot_all_inhouse,inhouse_percentile,0,all_rows,10,0.20192307233810425,14.800368309020996
fomaml,A_zero_shot_all_inhouse,inhouse_percentile,0,all_rows,11,0.11538461595773697,14.672868728637695
fomaml,A_zero_shot_all_inhouse,inhouse_percentile,0,all_rows,12,0.25,14.90177059173584
fomaml,A_zero_shot_all_inhouse,inhouse_percentile,0,all_rows,13,0.10576923191547394,15.014543533325195
fomaml,A_zero_shot_all_inhouse,inhouse_percentile,0,all_rows,14,0.5288461446762085,15.129955291748047
fomaml,A_zero_shot_all_inhouse,inhouse_percentile,0,all_rows,15,0.21153846383094788,15.005467414855957
fomaml,A_zero_shot_all_inhouse,inhouse_percentile,0,all_rows,16,0.125,15.16455078125
fomaml,A_zero_shot_all_inhouse,inhouse_percentile,0,all_rows,17,0.048076923936605453,15.257866859436035
fomaml,A_zero_shot_all_inhouse,inhouse_percentile,0,all_rows,18,0.2884615361690521,15.133514404296875
fomaml,A_zero_shot_all_inhouse,inhouse_percentile,0,all_rows,19,0.2788461446762085,14.673352241516113
fomaml,A_zero_shot_all_inhouse,inhouse_percentile,0,all_rows,20,0.38461539149284363,15.268027305603027
fomaml,A_zero_shot_all_inhouse,inhouse_percentile,0,all_rows,21,0.39423078298568726,14.98393726348877
fomaml,A_zero_shot_all_inhouse,inhouse_percentile,0,all_rows,22,0.4423076808452606,14.991456031799316
fomaml,A_zero_shot_all_inhouse,inhouse_percentile,0,all_rows,23,0.3076923191547394,14.70386791229248
fomaml,A_zero_shot_all_inhouse,inhouse_percentile,0,all_rows,24,0.3365384638309479,15.392868041992188
fomaml,A_zero_shot_all_inhouse,inhouse_percentile,0,all_rows,25,0.17307692766189575,15.060051918029785
fomaml,A_zero_shot_all_inhouse,inhouse_percentile,0,all_rows,26,0.3173076808452606,15.254875183105469
fomaml,A_zero_shot_all_inhouse,inhouse_percentile,0,all_rows,27,0.06730769574642181,14.953813552856445
fomaml,A_zero_shot_all_inhouse,inhouse_percentile,0,all_rows,28,0.03846153989434242,15.029837608337402
fomaml,A_zero_shot_all_inhouse,inhouse_percentile,0,all_rows,29,0.13461539149284363,15.005467414855957
fomaml,A_zero_shot_all_inhouse,inhouse_percentile,0,all_rows,30,0.6346153616905212,15.066778182983398
fomaml,A_zero_shot_all_inhouse,inhouse_percentile,0,all_rows,31,0.42307692766189575,14.600186347961426
fomaml,A_zero_shot_all_inhouse,inhouse_percentile,0,all_rows,32,0.557692289352417,15.088314056396484
fomaml,A_zero_shot_all_inhouse,inhouse_percentile,0,all_rows,33,0.9134615659713745,14.050812721252441
fomaml,A_zero_shot_all_inhouse,inhouse_percentile,0,all_rows,34,0.7692307829856873,14.292363166809082
fomaml,A_zero_shot_all_inhouse,inhouse_percentile,0,all_rows,35,0.5865384340286255,13.776642799377441
fomaml,A_zero_shot_all_inhouse,inhouse_percentile,0,all_rows,36,0.7980769276618958,14.121623992919922
fomaml,A_zero_shot_all_inhouse,inhouse_percentile,0,all_rows,37,0.7307692170143127,14.385990142822266
fomaml,A_zero_shot_all_inhouse,inhouse_percentile,0,all_rows,38,0.932692289352417,14.961153984069824
fomaml,A_zero_shot_all_inhouse,inhouse_percentile,0,all_rows,39,0.8653846383094788,14.36949348449707
fomaml,A_zero_shot_all_inhouse,inhouse_percentile,0,all_rows,40,0.9230769276618958,14.267887115478516
fomaml,A_zero_shot_all_inhouse,inhouse_percentile,0,all_rows,41,0.7019230723381042,14.082463264465332
fomaml,A_zero_shot_all_inhouse,inhouse_percentile,0,all_rows,42,0.26923078298568726,14.550726890563965
fomaml,A_zero_shot_all_inhouse,inhouse_percentile,0,all_rows,43,0.6442307829856873,14.53902530670166
fomaml,A_zero_shot_all_inhouse,inhouse_percentile,0,all_rows,44,0.24038460850715637,14.303162574768066
fomaml,A_zero_shot_all_inhouse,inhouse_percentile,0,all_rows,45,0.375,13.961445808410645
fomaml,A_zero_shot_all_inhouse,inhouse_percentile,0,all_rows,46,0.45192307233810425,14.463976860046387
fomaml,A_zero_shot_all_inhouse,inhouse_percentile,0,all_rows,47,0.682692289352417,14.313643455505371
fomaml,A_zero_shot_all_inhouse,inhouse_percentile,0,all_rows,48,0.1538461595773697,14.349984169006348
fomaml,A_zero_shot_all_inhouse,inhouse_percentile,0,all_rows,49,0.3461538553237915,14.170397758483887
fomaml,A_zero_shot_all_inhouse,inhouse_percentile,0,all_rows,50,0.5,15.661026954650879
fomaml,A_zero_shot_all_inhouse,inhouse_percentile,0,all_rows,51,0.4038461446762085,14.45991039276123
fomaml,A_zero_shot_all_inhouse,inhouse_percentile,0,all_rows,52,0.14423076808452606,14.31808090209961
fomaml,A_zero_shot_all_inhouse,inhouse_percentile,0,all_rows,53,0.07692307978868484,14.039498329162598
fomaml,A_zero_shot_all_inhouse,inhouse_percentile,0,all_rows,54,0.23076923191547394,14.984530448913574
fomaml,A_zero_shot_all_inhouse,inhouse_percentile,0,all_rows,55,0.5096153616905212,15.05706787109375
fomaml,A_zero_shot_all_inhouse,inhouse_percentile,0,all_rows,56,0.7788461446762085,14.758160591125488
fomaml,A_zero_shot_all_inhouse,inhouse_percentile,0,all_rows,57,0.567307710647583,14.742663383483887
fomaml,A_zero_shot_all_inhouse,inhouse_percentile,0,all_rows,58,0.5480769276618958,14.728428840637207
fomaml,A_zero_shot_all_inhouse,inhouse_percentile,0,all_rows,59,0.6057692170143127,14.712933540344238
fomaml,A_zero_shot_all_inhouse,inhouse_percentile,0,all_rows,60,0.5384615659713745,14.93064022064209
fomaml,A_zero_shot_all_inhouse,inhouse_percentile,0,all_rows,61,0.6153846383094788,14.916340827941895
fomaml,A_zero_shot_all_inhouse,inhouse_percentile,0,all_rows,62,0.5769230723381042,14.74266242980957
fomaml,A_zero_shot_all_inhouse,inhouse_percentile,0,all_rows,63,0.7115384340286255,14.728428840637207
fomaml,A_zero_shot_all_inhouse,inhouse_percentile,0,all_rows,64,0.8557692170143127,14.283002853393555
fomaml,A_zero_shot_all_inhouse,inhouse_percentile,0,all_rows,65,0.817307710647583,14.317282676696777
fomaml,A_zero_shot_all_inhouse,inhouse_percentile,0,all_rows,66,0.8942307829856873,14.346795082092285
fomaml,A_zero_shot_all_inhouse,inhouse_percentile,0,all_rows,67,0.7596153616905212,14.418878555297852
fomaml,A_zero_shot_all_inhouse,inhouse_percentile,0,all_rows,68,0.7403846383094788,14.633332252502441
fomaml,A_zero_shot_all_inhouse,inhouse_percentile,0,all_rows,69,0.49038460850715637,14.283002853393555
fomaml,A_zero_shot_all_inhouse,inhouse_percentile,0,all_rows,70,0.35576921701431274,14.50020694732666
fomaml,A_zero_shot_all_inhouse,inhouse_percentile,0,all_rows,71,0.2211538404226303,14.464922904968262
fomaml,A_zero_shot_all_inhouse,inhouse_percentile,0,all_rows,72,0.25961539149284363,14.663527488708496
fomaml,A_zero_shot_all_inhouse,inhouse_percentile,0,all_rows,73,0.4615384638309479,14.430350303649902
fomaml,A_zero_shot_all_inhouse,inhouse_percentile,0,all_rows,74,0.48076921701431274,14.98393726348877
fomaml,A_zero_shot_all_inhouse,inhouse_percentile,0,all_rows,75,0.5961538553237915,14.823824882507324
fomaml,A_zero_shot_all_inhouse,inhouse_percentile,0,all_rows,76,0.4711538553237915,14.899271965026855
fomaml,A_zero_shot_all_inhouse,inhouse_percentile,0,all_rows,77,0.32692307233810425,14.679352760314941
fomaml,A_zero_shot_all_inhouse,inhouse_percentile,0,all_rows,78,0.4326923191547394,15.129955291748047
fomaml,A_zero_shot_all_inhouse,inhouse_percentile,0,all_rows,79,0.6634615659713745,14.961153984069824
fomaml,A_zero_shot_all_inhouse,inhouse_percentile,0,all_rows,80,0.6538461446762085,14.313643455505371
fomaml,A_zero_shot_all_inhouse,inhouse_percentile,0,all_rows,81,0.5192307829856873,14.539023399353027
fomaml,A_zero_shot_all_inhouse,inhouse_percentile,0,all_rows,82,0.29807692766189575,15.129955291748047
fomaml,A_zero_shot_all_inhouse,inhouse_percentile,0,all_rows,83,0.4134615361690521,15.164549827575684
fomaml,A_zero_shot_all_inhouse,inhouse_percentile,0,all_rows,84,1.0,14.203399658203125
fomaml,A_zero_shot_all_inhouse,inhouse_percentile,0,all_rows,85,0.875,14.2496919631958
fomaml,A_zero_shot_all_inhouse,inhouse_percentile,0,all_rows,86,0.9711538553237915,14.29598331451416
fomaml,A_zero_shot_all_inhouse,inhouse_percentile,0,all_rows,87,0.9038461446762085,14.342272758483887
fomaml,A_zero_shot_all_inhouse,inhouse_percentile,0,all_rows,88,0.8365384340286255,14.38856315612793
fomaml,A_zero_shot_all_inhouse,inhouse_percentile,0,all_rows,89,0.8846153616905212,14.678082466125488
fomaml,A_zero_shot_all_inhouse,inhouse_percentile,0,all_rows,90,0.807692289352417,14.573309898376465
fomaml,A_zero_shot_all_inhouse,inhouse_percentile,0,all_rows,91,0.9615384340286255,14.23431396484375
fomaml,A_zero_shot_all_inhouse,inhouse_percentile,0,all_rows,92,0.942307710647583,14.626969337463379
fomaml,A_zero_shot_all_inhouse,inhouse_percentile,0,all_rows,93,0.75,14.497934341430664
fomaml,A_zero_shot_all_inhouse,inhouse_percentile,0,all_rows,94,0.625,14.931575775146484
fomaml,A_zero_shot_all_inhouse,inhouse_percentile,0,all_rows,95,0.692307710647583,15.266676902770996
fomaml,A_zero_shot_all_inhouse,inhouse_percentile,0,all_rows,96,0.7884615659713745,14.933098793029785
fomaml,A_zero_shot_all_inhouse,inhouse_percentile,0,all_rows,97,0.6730769276618958,14.959312438964844
fomaml,A_zero_shot_all_inhouse,inhouse_percentile,0,all_rows,98,0.8269230723381042,14.3451566696167
fomaml,A_zero_shot_all_inhouse,inhouse_percentile,0,all_rows,99,0.8461538553237915,14.283002853393555
fomaml,A_zero_shot_all_inhouse,inhouse_percentile,0,all_rows,100,0.9903846383094788,14.584734916687012
fomaml,A_zero_shot_all_inhouse,inhouse_percentile,0,all_rows,101,0.9807692170143127,13.922266006469727
fomaml,A_zero_shot_all_inhouse,inhouse_percentile,0,all_rows,102,0.9519230723381042,14.759642601013184
fomaml,A_zero_shot_all_inhouse,inhouse_percentile,0,all_rows,103,0.7211538553237915,14.329757690429688
metasgd,A_zero_shot_all_inhouse,inhouse_percentile,0,all_rows,0,0.08653846383094788,15.259820938110352
metasgd,A_zero_shot_all_inhouse,inhouse_percentile,0,all_rows,1,0.18269230425357819,14.46896743774414
metasgd,A_zero_shot_all_inhouse,inhouse_percentile,0,all_rows,2,0.16346153616905212,15.263826370239258
metasgd,A_zero_shot_all_inhouse,inhouse_percentile,0,all_rows,3,0.19230769574642181,14.620833396911621
metasgd,A_zero_shot_all_inhouse,inhouse_percentile,0,all_rows,4,0.028846153989434242,14.232418060302734
metasgd,A_zero_shot_all_inhouse,inhouse_percentile,0,all_rows,5,0.36538460850715637,15.237184524536133
metasgd,A_zero_shot_all_inhouse,inhouse_percentile,0,all_rows,6,0.01923076994717121,14.240352630615234
metasgd,A_zero_shot_all_inhouse,inhouse_percentile,0,all_rows,7,0.09615384787321091,15.085624694824219
metasgd,A_zero_shot_all_inhouse,inhouse_percentile,0,all_rows,8,0.057692307978868484,14.542994499206543
metasgd,A_zero_shot_all_inhouse,inhouse_percentile,0,all_rows,9,0.009615384973585606,14.480109214782715
metasgd,A_zero_shot_all_inhouse,inhouse_percentile,0,all_rows,10,0.20192307233810425,14.537960052490234
metasgd,A_zero_shot_all_inhouse,inhouse_percentile,0,all_rows,11,0.11538461595773697,14.581527709960938
metasgd,A_zero_shot_all_inhouse,inhouse_percentile,0,all_rows,12,0.25,14.501358032226562
metasgd,A_zero_shot_all_inhouse,inhouse_percentile,0,all_rows,13,0.10576923191547394,14.191658020019531
metasgd,A_zero_shot_all_inhouse,inhouse_percentile,0,all_rows,14,0.5288461446762085,15.23718547821045
metasgd,A_zero_shot_all_inhouse,inhouse_percentile,0,all_rows,15,0.21153846383094788,15.0466947555542
metasgd,A_zero_shot_all_inhouse,inhouse_percentile,0,all_rows,16,0.125,15.085624694824219
metasgd,A_zero_shot_all_inhouse,inhouse_percentile,0,all_rows,17,0.048076923936605453,14.233150482177734
metasgd,A_zero_shot_all_inhouse,inhouse_percentile,0,all_rows,18,0.2884615361690521,15.157571792602539
metasgd,A_zero_shot_all_inhouse,inhouse_percentile,0,all_rows,19,0.2788461446762085,15.142424583435059
metasgd,A_zero_shot_all_inhouse,inhouse_percentile,0,all_rows,20,0.38461539149284363,14.347688674926758
metasgd,A_zero_shot_all_inhouse,inhouse_percentile,0,all_rows,21,0.39423078298568726,15.129932403564453
metasgd,A_zero_shot_all_inhouse,inhouse_percentile,0,all_rows,22,0.4423076808452606,15.129155158996582
metasgd,A_zero_shot_all_inhouse,inhouse_percentile,0,all_rows,23,0.3076923191547394,15.259820938110352
metasgd,A_zero_shot_all_inhouse,inhouse_percentile,0,all_rows,24,0.3365384638309479,14.328814506530762
metasgd,A_zero_shot_all_inhouse,inhouse_percentile,0,all_rows,25,0.17307692766189575,14.118509292602539
metasgd,A_zero_shot_all_inhouse,inhouse_percentile,0,all_rows,26,0.3173076808452606,14.360384941101074
metasgd,A_zero_shot_all_inhouse,inhouse_percentile,0,all_rows,27,0.06730769574642181,14.510543823242188
metasgd,A_zero_shot_all_inhouse,inhouse_percentile,0,all_rows,28,0.03846153989434242,14.46896743774414
metasgd,A_zero_shot_all_inhouse,inhouse_percentile,0,all_rows,29,0.13461539149284363,15.0466947555542
metasgd,A_zero_shot_all_inhouse,inhouse_percentile,0,all_rows,30,0.6346153616905212,14.728675842285156
metasgd,A_zero_shot_all_inhouse,inhouse_percentile,0,all_rows,31,0.42307692766189575,15.116512298583984
metasgd,A_zero_shot_all_inhouse,inhouse_percentile,0,all_rows,32,0.557692289352417,14.758142471313477
metasgd,A_zero_shot_all_inhouse,inhouse_percentile,0,all_rows,33,0.9134615659713745,14.999618530273438
metasgd,A_zero_shot_all_inhouse,inhouse_percentile,0,all_rows,34,0.7692307829856873,14.636551856994629
metasgd,A_zero_shot_all_inhouse,inhouse_percentile,0,all_rows,35,0.5865384340286255,14.834123611450195
metasgd,A_zero_shot_all_inhouse,inhouse_percentile,0,all_rows,36,0.7980769276618958,15.246585845947266
metasgd,A_zero_shot_all_inhouse,inhouse_percentile,0,all_rows,37,0.7307692170143127,15.061938285827637
metasgd,A_zero_shot_all_inhouse,inhouse_percentile,0,all_rows,38,0.932692289352417,14.892217636108398
metasgd,A_zero_shot_all_inhouse,inhouse_percentile,0,all_rows,39,0.8653846383094788,15.084274291992188
metasgd,A_zero_shot_all_inhouse,inhouse_percentile,0,all_rows,40,0.9230769276618958,15.20137882232666
metasgd,A_zero_shot_all_inhouse,inhouse_percentile,0,all_rows,41,0.7019230723381042,15.080368041992188
metasgd,A_zero_shot_all_inhouse,inhouse_percentile,0,all_rows,42,0.26923078298568726,14.886157989501953
metasgd,A_zero_shot_all_inhouse,inhouse_percentile,0,all_rows,43,0.6442307829856873,14.923255920410156
metasgd,A_zero_shot_all_inhouse,inhouse_percentile,0,all_rows,44,0.24038460850715637,15.159872055053711
metasgd,A_zero_shot_all_inhouse,inhouse_percentile,0,all_rows,45,0.375,14.717172622680664
metasgd,A_zero_shot_all_inhouse,inhouse_percentile,0,all_rows,46,0.45192307233810425,14.620955467224121
metasgd,A_zero_shot_all_inhouse,inhouse_percentile,0,all_rows,47,0.682692289352417,14.991249084472656
metasgd,A_zero_shot_all_inhouse,inhouse_percentile,0,all_rows,48,0.1538461595773697,14.578649520874023
metasgd,A_zero_shot_all_inhouse,inhouse_percentile,0,all_rows,49,0.3461538553237915,15.241572380065918
metasgd,A_zero_shot_all_inhouse,inhouse_percentile,0,all_rows,50,0.5,15.140129089355469
metasgd,A_zero_shot_all_inhouse,inhouse_percentile,0,all_rows,51,0.4038461446762085,15.073591232299805
metasgd,A_zero_shot_all_inhouse,inhouse_percentile,0,all_rows,52,0.14423076808452606,15.080533981323242
metasgd,A_zero_shot_all_inhouse,inhouse_percentile,0,all_rows,53,0.07692307978868484,15.021997451782227
metasgd,A_zero_shot_all_inhouse,inhouse_percentile,0,all_rows,54,0.23076923191547394,14.679811477661133
metasgd,A_zero_shot_all_inhouse,inhouse_percentile,0,all_rows,55,0.5096153616905212,14.722309112548828
metasgd,A_zero_shot_all_inhouse,inhouse_percentile,0,all_rows,56,0.7788461446762085,15.0532865524292
metasgd,A_zero_shot_all_inhouse,inhouse_percentile,0,all_rows,57,0.567307710647583,15.040763854980469
metasgd,A_zero_shot_all_inhouse,inhouse_percentile,0,all_rows,58,0.5480769276618958,15.029621124267578
metasgd,A_zero_shot_all_inhouse,inhouse_percentile,0,all_rows,59,0.6057692170143127,15.017393112182617
metasgd,A_zero_shot_all_inhouse,inhouse_percentile,0,all_rows,60,0.5384615659713745,15.255847930908203
metasgd,A_zero_shot_all_inhouse,inhouse_percentile,0,all_rows,61,0.6153846383094788,15.24648666381836
metasgd,A_zero_shot_all_inhouse,inhouse_percentile,0,all_rows,62,0.5769230723381042,15.040761947631836
metasgd,A_zero_shot_all_inhouse,inhouse_percentile,0,all_rows,63,0.7115384340286255,15.029621124267578
metasgd,A_zero_shot_all_inhouse,inhouse_percentile,0,all_rows,64,0.8557692170143127,15.20602035522461
metasgd,A_zero_shot_all_inhouse,inhouse_percentile,0,all_rows,65,0.817307710647583,15.003060340881348
metasgd,A_zero_shot_all_inhouse,inhouse_percentile,0,all_rows,66,0.8942307829856873,14.851046562194824
metasgd,A_zero_shot_all_inhouse,inhouse_percentile,0,all_rows,67,0.7596153616905212,15.214034080505371
metasgd,A_zero_shot_all_inhouse,inhouse_percentile,0,all_rows,68,0.7403846383094788,15.27486801147461
metasgd,A_zero_shot_all_inhouse,inhouse_percentile,0,all_rows,69,0.49038460850715637,15.20602035522461
metasgd,A_zero_shot_all_inhouse,inhouse_percentile,0,all_rows,70,0.35576921701431274,14.91686725616455
metasgd,A_zero_shot_all_inhouse,inhouse_percentile,0,all_rows,71,0.2211538404226303,14.904374122619629
metasgd,A_zero_shot_all_inhouse,inhouse_percentile,0,all_rows,72,0.25961539149284363,15.11337661743164
metasgd,A_zero_shot_all_inhouse,inhouse_percentile,0,all_rows,73,0.4615384638309479,15.25717544555664
metasgd,A_zero_shot_all_inhouse,inhouse_percentile,0,all_rows,74,0.48076921701431274,15.129932403564453
metasgd,A_zero_shot_all_inhouse,inhouse_percentile,0,all_rows,75,0.5961538553237915,15.206869125366211
metasgd,A_zero_shot_all_inhouse,inhouse_percentile,0,all_rows,76,0.4711538553237915,15.178163528442383
metasgd,A_zero_shot_all_inhouse,inhouse_percentile,0,all_rows,77,0.32692307233810425,14.978010177612305
metasgd,A_zero_shot_all_inhouse,inhouse_percentile,0,all_rows,78,0.4326923191547394,15.23718547821045
metasgd,A_zero_shot_all_inhouse,inhouse_percentile,0,all_rows,79,0.6634615659713745,14.892217636108398
metasgd,A_zero_shot_all_inhouse,inhouse_percentile,0,all_rows,80,0.6538461446762085,14.991249084472656
metasgd,A_zero_shot_all_inhouse,inhouse_percentile,0,all_rows,81,0.5192307829856873,14.923255920410156
metasgd,A_zero_shot_all_inhouse,inhouse_percentile,0,all_rows,82,0.29807692766189575,15.2371826171875
metasgd,A_zero_shot_all_inhouse,inhouse_percentile,0,all_rows,83,0.4134615361690521,15.085622787475586
metasgd,A_zero_shot_all_inhouse,inhouse_percentile,0,all_rows,84,1.0,14.79297161102295
metasgd,A_zero_shot_all_inhouse,inhouse_percentile,0,all_rows,85,0.875,14.817952156066895
metasgd,A_zero_shot_all_inhouse,inhouse_percentile,0,all_rows,86,0.9711538553237915,14.843358993530273
metasgd,A_zero_shot_all_inhouse,inhouse_percentile,0,all_rows,87,0.9038461446762085,14.86867618560791
metasgd,A_zero_shot_all_inhouse,inhouse_percentile,0,all_rows,88,0.8365384340286255,14.893993377685547
metasgd,A_zero_shot_all_inhouse,inhouse_percentile,0,all_rows,89,0.8846153616905212,15.363513946533203
metasgd,A_zero_shot_all_inhouse,inhouse_percentile,0,all_rows,90,0.807692289352417,15.1901273727417
metasgd,A_zero_shot_all_inhouse,inhouse_percentile,0,all_rows,91,0.9615384340286255,14.763134002685547
metasgd,A_zero_shot_all_inhouse,inhouse_percentile,0,all_rows,92,0.942307710647583,15.28327751159668
metasgd,A_zero_shot_all_inhouse,inhouse_percentile,0,all_rows,93,0.75,14.966375350952148
metasgd,A_zero_shot_all_inhouse,inhouse_percentile,0,all_rows,94,0.625,15.869449615478516
metasgd,A_zero_shot_all_inhouse,inhouse_percentile,0,all_rows,95,0.692307710647583,14.754268646240234
metasgd,A_zero_shot_all_inhouse,inhouse_percentile,0,all_rows,96,0.7884615659713745,15.745003700256348
metasgd,A_zero_shot_all_inhouse,inhouse_percentile,0,all_rows,97,0.6730769276618958,15.040694236755371
metasgd,A_zero_shot_all_inhouse,inhouse_percentile,0,all_rows,98,0.8269230723381042,14.846881866455078
metasgd,A_zero_shot_all_inhouse,inhouse_percentile,0,all_rows,99,0.8461538553237915,15.206021308898926
metasgd,A_zero_shot_all_inhouse,inhouse_percentile,0,all_rows,100,0.9903846383094788,15.320623397827148
metasgd,A_zero_shot_all_inhouse,inhouse_percentile,0,all_rows,101,0.9807692170143127,14.603161811828613
metasgd,A_zero_shot_all_inhouse,inhouse_percentile,0,all_rows,102,0.9519230723381042,15.055849075317383
metasgd,A_zero_shot_all_inhouse,inhouse_percentile,0,all_rows,103,0.7211538553237915,15.620381355285645
supervised_ann,A_zero_shot_all_inhouse,inhouse_percentile,0,all_rows,0,0.08653846383094788,78.76869201660156
supervised_ann,A_zero_shot_all_inhouse,inhouse_percentile,0,all_rows,1,0.18269230425357819,78.164794921875
supervised_ann,A_zero_shot_all_inhouse,inhouse_percentile,0,all_rows,2,0.16346153616905212,78.74937438964844
supervised_ann,A_zero_shot_all_inhouse,inhouse_percentile,0,all_rows,3,0.19230769574642181,78.47930145263672
supervised_ann,A_zero_shot_all_inhouse,inhouse_percentile,0,all_rows,4,0.028846153989434242,77.07090759277344
supervised_ann,A_zero_shot_all_inhouse,inhouse_percentile,0,all_rows,5,0.36538460850715637,79.60432434082031
supervised_ann,A_zero_shot_all_inhouse,inhouse_percentile,0,all_rows,6,0.01923076994717121,77.23091125488281
supervised_ann,A_zero_shot_all_inhouse,inhouse_percentile,0,all_rows,7,0.09615384787321091,78.72062683105469
supervised_ann,A_zero_shot_all_inhouse,inhouse_percentile,0,all_rows,8,0.057692307978868484,78.0185546875
supervised_ann,A_zero_shot_all_inhouse,inhouse_percentile,0,all_rows,9,0.009615384973585606,77.95695495605469
supervised_ann,A_zero_shot_all_inhouse,inhouse_percentile,0,all_rows,10,0.20192307233810425,77.9268798828125
supervised_ann,A_zero_shot_all_inhouse,inhouse_percentile,0,all_rows,11,0.11538461595773697,78.06729125976562
supervised_ann,A_zero_shot_all_inhouse,inhouse_percentile,0,all_rows,12,0.25,78.04939270019531
supervised_ann,A_zero_shot_all_inhouse,inhouse_percentile,0,all_rows,13,0.10576923191547394,77.21885681152344
supervised_ann,A_zero_shot_all_inhouse,inhouse_percentile,0,all_rows,14,0.5288461446762085,79.60433197021484
supervised_ann,A_zero_shot_all_inhouse,inhouse_percentile,0,all_rows,15,0.21153846383094788,78.92439270019531
supervised_ann,A_zero_shot_all_inhouse,inhouse_percentile,0,all_rows,16,0.125,78.72062683105469
supervised_ann,A_zero_shot_all_inhouse,inhouse_percentile,0,all_rows,17,0.048076923936605453,77.29783630371094
supervised_ann,A_zero_shot_all_inhouse,inhouse_percentile,0,all_rows,18,0.2884615361690521,79.17241668701172
supervised_ann,A_zero_shot_all_inhouse,inhouse_percentile,0,all_rows,19,0.2788461446762085,78.63981628417969
supervised_ann,A_zero_shot_all_inhouse,inhouse_percentile,0,all_rows,20,0.38461539149284363,77.67523193359375
supervised_ann,A_zero_shot_all_inhouse,inhouse_percentile,0,all_rows,21,0.39423078298568726,79.06077575683594
supervised_ann,A_zero_shot_all_inhouse,inhouse_percentile,0,all_rows,22,0.4423076808452606,79.34580993652344
supervised_ann,A_zero_shot_all_inhouse,inhouse_percentile,0,all_rows,23,0.3076923191547394,78.76869201660156
supervised_ann,A_zero_shot_all_inhouse,inhouse_percentile,0,all_rows,24,0.3365384638309479,77.73709869384766
supervised_ann,A_zero_shot_all_inhouse,inhouse_percentile,0,all_rows,25,0.17307692766189575,77.63685607910156
supervised_ann,A_zero_shot_all_inhouse,inhouse_percentile,0,all_rows,26,0.3173076808452606,77.796142578125
supervised_ann,A_zero_shot_all_inhouse,inhouse_percentile,0,all_rows,27,0.06730769574642181,77.74942016601562
supervised_ann,A_zero_shot_all_inhouse,inhouse_percentile,0,all_rows,28,0.03846153989434242,78.164794921875
supervised_ann,A_zero_shot_all_inhouse,inhouse_percentile,0,all_rows,29,0.13461539149284363,78.92439270019531
supervised_ann,A_zero_shot_all_inhouse,inhouse_percentile,0,all_rows,30,0.6346153616905212,78.68293762207031
supervised_ann,A_zero_shot_all_inhouse,inhouse_percentile,0,all_rows,31,0.42307692766189575,79.35724639892578
supervised_ann,A_zero_shot_all_inhouse,inhouse_percentile,0,all_rows,32,0.557692289352417,78.81981658935547
supervised_ann,A_zero_shot_all_inhouse,inhouse_percentile,0,all_rows,33,0.9134615659713745,78.76303100585938
supervised_ann,A_zero_shot_all_inhouse,inhouse_percentile,0,all_rows,34,0.7692307829856873,78.41793823242188
supervised_ann,A_zero_shot_all_inhouse,inhouse_percentile,0,all_rows,35,0.5865384340286255,78.58088684082031
supervised_ann,A_zero_shot_all_inhouse,inhouse_percentile,0,all_rows,36,0.7980769276618958,79.2255859375
supervised_ann,A_zero_shot_all_inhouse,inhouse_percentile,0,all_rows,37,0.7307692170143127,79.15498352050781
supervised_ann,A_zero_shot_all_inhouse,inhouse_percentile,0,all_rows,38,0.932692289352417,78.8531494140625
supervised_ann,A_zero_shot_all_inhouse,inhouse_percentile,0,all_rows,39,0.8653846383094788,79.19554138183594
supervised_ann,A_zero_shot_all_inhouse,inhouse_percentile,0,all_rows,40,0.9230769276618958,79.5728988647461
supervised_ann,A_zero_shot_all_inhouse,inhouse_percentile,0,all_rows,41,0.7019230723381042,78.89796447753906
supervised_ann,A_zero_shot_all_inhouse,inhouse_percentile,0,all_rows,42,0.26923078298568726,78.997802734375
supervised_ann,A_zero_shot_all_inhouse,inhouse_percentile,0,all_rows,43,0.6442307829856873,78.79490661621094
supervised_ann,A_zero_shot_all_inhouse,inhouse_percentile,0,all_rows,44,0.24038460850715637,79.2923583984375
supervised_ann,A_zero_shot_all_inhouse,inhouse_percentile,0,all_rows,45,0.375,78.32833862304688
supervised_ann,A_zero_shot_all_inhouse,inhouse_percentile,0,all_rows,46,0.45192307233810425,78.3695068359375
supervised_ann,A_zero_shot_all_inhouse,inhouse_percentile,0,all_rows,47,0.682692289352417,79.24636840820312
supervised_ann,A_zero_shot_all_inhouse,inhouse_percentile,0,all_rows,48,0.1538461595773697,78.13255310058594
supervised_ann,A_zero_shot_all_inhouse,inhouse_percentile,0,all_rows,49,0.3461538553237915,79.33686828613281
supervised_ann,A_zero_shot_all_inhouse,inhouse_percentile,0,all_rows,50,0.5,78.95576477050781
supervised_ann,A_zero_shot_all_inhouse,inhouse_percentile,0,all_rows,51,0.4038461446762085,79.33497619628906
supervised_ann,A_zero_shot_all_inhouse,inhouse_percentile,0,all_rows,52,0.14423076808452606,79.03044128417969
supervised_ann,A_zero_shot_all_inhouse,inhouse_percentile,0,all_rows,53,0.07692307978868484,78.82229614257812
supervised_ann,A_zero_shot_all_inhouse,inhouse_percentile,0,all_rows,54,0.23076923191547394,78.66612243652344
supervised_ann,A_zero_shot_all_inhouse,inhouse_percentile,0,all_rows,55,0.5096153616905212,78.54304504394531
supervised_ann,A_zero_shot_all_inhouse,inhouse_percentile,0,all_rows,56,0.7788461446762085,79.0902328491211
supervised_ann,A_zero_shot_all_inhouse,inhouse_percentile,0,all_rows,57,0.567307710647583,79.11260986328125
supervised_ann,A_zero_shot_all_inhouse,inhouse_percentile,0,all_rows,58,0.5480769276618958,79.14292907714844
supervised_ann,A_zero_shot_all_inhouse,inhouse_percentile,0,all_rows,59,0.6057692170143127,79.16773986816406
supervised_ann,A_zero_shot_all_inhouse,inhouse_percentile,0,all_rows,60,0.5384615659713745,79.3065185546875
supervised_ann,A_zero_shot_all_inhouse,inhouse_percentile,0,all_rows,61,0.6153846383094788,79.33602905273438
supervised_ann,A_zero_shot_all_inhouse,inhouse_percentile,0,all_rows,62,0.5769230723381042,79.11260986328125
supervised_ann,A_zero_shot_all_inhouse,inhouse_percentile,0,all_rows,63,0.7115384340286255,79.14292907714844
supervised_ann,A_zero_shot_all_inhouse,inhouse_percentile,0,all_rows,64,0.8557692170143127,79.58175659179688
supervised_ann,A_zero_shot_all_inhouse,inhouse_percentile,0,all_rows,65,0.817307710647583,79.26818084716797
supervised_ann,A_zero_shot_all_inhouse,inhouse_percentile,0,all_rows,66,0.8942307829856873,79.06594848632812
supervised_ann,A_zero_shot_all_inhouse,inhouse_percentile,0,all_rows,67,0.7596153616905212,79.53440856933594
supervised_ann,A_zero_shot_all_inhouse,inhouse_percentile,0,all_rows,68,0.7403846383094788,79.5093994140625
supervised_ann,A_zero_shot_all_inhouse,inhouse_percentile,0,all_rows,69,0.49038460850715637,79.58175659179688
supervised_ann,A_zero_shot_all_inhouse,inhouse_percentile,0,all_rows,70,0.35576921701431274,78.78060150146484
supervised_ann,A_zero_shot_all_inhouse,inhouse_percentile,0,all_rows,71,0.2211538404226303,78.67228698730469
supervised_ann,A_zero_shot_all_inhouse,inhouse_percentile,0,all_rows,72,0.25961539149284363,78.9607162475586
supervised_ann,A_zero_shot_all_inhouse,inhouse_percentile,0,all_rows,73,0.4615384638309479,79.64846801757812
supervised_ann,A_zero_shot_all_inhouse,inhouse_percentile,0,all_rows,74,0.48076921701431274,79.06077575683594
supervised_ann,A_zero_shot_all_inhouse,inhouse_percentile,0,all_rows,75,0.5961538553237915,79.46642303466797
supervised_ann,A_zero_shot_all_inhouse,inhouse_percentile,0,all_rows,76,0.4711538553237915,79.42926788330078
supervised_ann,A_zero_shot_all_inhouse,inhouse_percentile,0,all_rows,77,0.32692307233810425,79.25590515136719
supervised_ann,A_zero_shot_all_inhouse,inhouse_percentile,0,all_rows,78,0.4326923191547394,79.60433197021484
supervised_ann,A_zero_shot_all_inhouse,inhouse_percentile,0,all_rows,79,0.6634615659713745,78.8531494140625
supervised_ann,A_zero_shot_all_inhouse,inhouse_percentile,0,all_rows,80,0.6538461446762085,79.24636840820312
supervised_ann,A_zero_shot_all_inhouse,inhouse_percentile,0,all_rows,81,0.5192307829856873,78.79490661621094
supervised_ann,A_zero_shot_all_inhouse,inhouse_percentile,0,all_rows,82,0.29807692766189575,79.60433197021484
supervised_ann,A_zero_shot_all_inhouse,inhouse_percentile,0,all_rows,83,0.4134615361690521,78.72061920166016
supervised_ann,A_zero_shot_all_inhouse,inhouse_percentile,0,all_rows,84,1.0,78.96928405761719
supervised_ann,A_zero_shot_all_inhouse,inhouse_percentile,0,all_rows,85,0.875,79.00910949707031
supervised_ann,A_zero_shot_all_inhouse,inhouse_percentile,0,all_rows,86,0.9711538553237915,79.04893493652344
supervised_ann,A_zero_shot_all_inhouse,inhouse_percentile,0,all_rows,87,0.9038461446762085,79.08876037597656
supervised_ann,A_zero_shot_all_inhouse,inhouse_percentile,0,all_rows,88,0.8365384340286255,79.12857818603516
supervised_ann,A_zero_shot_all_inhouse,inhouse_percentile,0,all_rows,89,0.8846153616905212,79.59384155273438
supervised_ann,A_zero_shot_all_inhouse,inhouse_percentile,0,all_rows,90,0.807692289352417,79.47996520996094
supervised_ann,A_zero_shot_all_inhouse,inhouse_percentile,0,all_rows,91,0.9615384340286255,78.88367462158203
supervised_ann,A_zero_shot_all_inhouse,inhouse_percentile,0,all_rows,92,0.942307710647583,79.53925323486328
supervised_ann,A_zero_shot_all_inhouse,inhouse_percentile,0,all_rows,93,0.75,79.13519287109375
supervised_ann,A_zero_shot_all_inhouse,inhouse_percentile,0,all_rows,94,0.625,79.77992248535156
supervised_ann,A_zero_shot_all_inhouse,inhouse_percentile,0,all_rows,95,0.692307710647583,78.86334228515625
supervised_ann,A_zero_shot_all_inhouse,inhouse_percentile,0,all_rows,96,0.7884615659713745,79.71724700927734
supervised_ann,A_zero_shot_all_inhouse,inhouse_percentile,0,all_rows,97,0.6730769276618958,78.84864807128906
supervised_ann,A_zero_shot_all_inhouse,inhouse_percentile,0,all_rows,98,0.8269230723381042,79.05363464355469
supervised_ann,A_zero_shot_all_inhouse,inhouse_percentile,0,all_rows,99,0.8461538553237915,79.58175659179688
supervised_ann,A_zero_shot_all_inhouse,inhouse_percentile,0,all_rows,100,0.9903846383094788,79.65232849121094
supervised_ann,A_zero_shot_all_inhouse,inhouse_percentile,0,all_rows,101,0.9807692170143127,78.50564575195312
supervised_ann,A_zero_shot_all_inhouse,inhouse_percentile,0,all_rows,102,0.9519230723381042,79.10078430175781
supervised_ann,A_zero_shot_all_inhouse,inhouse_percentile,0,all_rows,103,0.7211538553237915,79.7968521118164
maml,B_fewshot_adapt_support_to_query,raw_inhouse_target,0,random_repeated,49,0.3796880137703043,-15186410496.0
maml,B_fewshot_adapt_support_to_query,raw_inhouse_target,0,random_repeated,6,0.05271949038060156,-15186410496.0
maml,B_fewshot_adapt_support_to_query,raw_inhouse_target,0,random_repeated,93,0.665395662177569,-15186410496.0
maml,B_fewshot_adapt_support_to_query,raw_inhouse_target,0,random_repeated,11,0.1821063094077652,-15186410496.0
maml,B_fewshot_adapt_support_to_query,raw_inhouse_target,0,random_repeated,88,0.7501729079419943,-15186410496.0
maml,B_fewshot_adapt_support_to_query,raw_inhouse_target,0,random_repeated,41,0.6377319120803782,-15186410496.0
maml,B_fewshot_adapt_support_to_query,raw_inhouse_target,0,random_repeated,22,0.4548051993775042,-15186410496.0
maml,B_fewshot_adapt_support_to_query,raw_inhouse_target,0,random_repeated,19,0.3461983072767217,-15186410496.0
maml,B_fewshot_adapt_support_to_query,raw_inhouse_target,0,random_repeated,35,0.5867029210460343,-15186410496.0
maml,B_fewshot_adapt_support_to_query,raw_inhouse_target,0,random_repeated,64,0.7521443277543998,-15186410496.0
maml,B_fewshot_adapt_support_to_query,raw_inhouse_target,0,random_repeated,47,0.6273633871473753,-15186410496.0
maml,B_fewshot_adapt_support_to_query,raw_inhouse_target,0,random_repeated,12,0.3353358208132731,-15186410496.0
maml,B_fewshot_adapt_support_to_query,raw_inhouse_target,0,random_repeated,53,0.16259722477569558,-15186410496.0
maml,B_fewshot_adapt_support_to_query,raw_inhouse_target,0,random_repeated,14,0.5160428222422133,-15186410496.0
maml,B_fewshot_adapt_support_to_query,raw_inhouse_target,0,random_repeated,13,0.17950464805909924,-15186410496.0
maml,B_fewshot_adapt_support_to_query,raw_inhouse_target,0,random_repeated,66,0.7681532100647782,-15186410496.0
maml,B_fewshot_adapt_support_to_query,raw_inhouse_target,0,random_repeated,36,0.710397436998435,-15186410496.0
maml,B_fewshot_adapt_support_to_query,raw_inhouse_target,0,random_repeated,97,0.624819414195981,-15186410496.0
maml,B_fewshot_adapt_support_to_query,raw_inhouse_target,0,random_repeated,65,0.7257684721288807,-15186410496.0
maml,B_fewshot_adapt_support_to_query,raw_inhouse_target,0,random_repeated,77,0.3714065405003823,-15186410496.0
maml,B_fewshot_adapt_support_to_query,raw_inhouse_target,0,random_repeated,8,0.1459604384601472,-15186410496.0
maml,B_fewshot_adapt_support_to_query,inhouse_percentile,0,random_repeated,49,0.3461538553237915,-949872576.0
maml,B_fewshot_adapt_support_to_query,inhouse_percentile,0,random_repeated,6,0.01923076994717121,-949872576.0
maml,B_fewshot_adapt_support_to_query,inhouse_percentile,0,random_repeated,93,0.75,-949872576.0
maml,B_fewshot_adapt_support_to_query,inhouse_percentile,0,random_repeated,11,0.11538461595773697,-949872576.0
maml,B_fewshot_adapt_support_to_query,inhouse_percentile,0,random_repeated,88,0.8365384340286255,-949872576.0
maml,B_fewshot_adapt_support_to_query,inhouse_percentile,0,random_repeated,41,0.7019230723381042,-949872576.0
maml,B_fewshot_adapt_support_to_query,inhouse_percentile,0,random_repeated,22,0.4423076808452606,-949872576.0
maml,B_fewshot_adapt_support_to_query,inhouse_percentile,0,random_repeated,19,0.2788461446762085,-949872576.0
maml,B_fewshot_adapt_support_to_query,inhouse_percentile,0,random_repeated,35,0.5865384340286255,-949872576.0
maml,B_fewshot_adapt_support_to_query,inhouse_percentile,0,random_repeated,64,0.8557692170143127,-949872576.0
maml,B_fewshot_adapt_support_to_query,inhouse_percentile,0,random_repeated,47,0.682692289352417,-949872576.0
maml,B_fewshot_adapt_support_to_query,inhouse_percentile,0,random_repeated,12,0.25,-949872576.0
maml,B_fewshot_adapt_support_to_query,inhouse_percentile,0,random_repeated,53,0.07692307978868484,-949872576.0
maml,B_fewshot_adapt_support_to_query,inhouse_percentile,0,random_repeated,14,0.5288461446762085,-949872576.0
maml,B_fewshot_adapt_support_to_query,inhouse_percentile,0,random_repeated,13,0.10576923191547394,-949872576.0
maml,B_fewshot_adapt_support_to_query,inhouse_percentile,0,random_repeated,66,0.8942307829856873,-949872576.0
maml,B_fewshot_adapt_support_to_query,inhouse_percentile,0,random_repeated,36,0.7980769276618958,-949872576.0
maml,B_fewshot_adapt_support_to_query,inhouse_percentile,0,random_repeated,97,0.6730769276618958,-949872576.0
maml,B_fewshot_adapt_support_to_query,inhouse_percentile,0,random_repeated,65,0.817307710647583,-949872576.0
maml,B_fewshot_adapt_support_to_query,inhouse_percentile,0,random_repeated,77,0.32692307233810425,-949872576.0
maml,B_fewshot_adapt_support_to_query,inhouse_percentile,0,random_repeated,8,0.057692307978868484,-949872576.0
fomaml,B_fewshot_adapt_support_to_query,raw_inhouse_target,0,random_repeated,49,0.3796880137703043,-1143754240.0
fomaml,B_fewshot_adapt_support_to_query,raw_inhouse_target,0,random_repeated,6,0.05271949038060156,-1143754240.0
fomaml,B_fewshot_adapt_support_to_query,raw_inhouse_target,0,random_repeated,93,0.665395662177569,-1143754240.0
fomaml,B_fewshot_adapt_support_to_query,raw_inhouse_target,0,random_repeated,11,0.1821063094077652,-1143754240.0
fomaml,B_fewshot_adapt_support_to_query,raw_inhouse_target,0,random_repeated,88,0.7501729079419943,-1143754240.0
fomaml,B_fewshot_adapt_support_to_query,raw_inhouse_target,0,random_repeated,41,0.6377319120803782,-1143718272.0
fomaml,B_fewshot_adapt_support_to_query,raw_inhouse_target,0,random_repeated,22,0.4548051993775042,-1143754240.0
fomaml,B_fewshot_adapt_support_to_query,raw_inhouse_target,0,random_repeated,19,0.3461983072767217,-1143754240.0
fomaml,B_fewshot_adapt_support_to_query,raw_inhouse_target,0,random_repeated,35,0.5867029210460343,-1143754240.0
fomaml,B_fewshot_adapt_support_to_query,raw_inhouse_target,0,random_repeated,64,0.7521443277543998,-1143754240.0
fomaml,B_fewshot_adapt_support_to_query,raw_inhouse_target,0,random_repeated,47,0.6273633871473753,-1143754240.0
fomaml,B_fewshot_adapt_support_to_query,raw_inhouse_target,0,random_repeated,12,0.3353358208132731,-1143754240.0
fomaml,B_fewshot_adapt_support_to_query,raw_inhouse_target,0,random_repeated,53,0.16259722477569558,-1143754240.0
fomaml,B_fewshot_adapt_support_to_query,raw_inhouse_target,0,random_repeated,14,0.5160428222422133,-1143754240.0
fomaml,B_fewshot_adapt_support_to_query,raw_inhouse_target,0,random_repeated,13,0.17950464805909924,-1143754240.0
fomaml,B_fewshot_adapt_support_to_query,raw_inhouse_target,0,random_repeated,66,0.7681532100647782,-1143754240.0
fomaml,B_fewshot_adapt_support_to_query,raw_inhouse_target,0,random_repeated,36,0.710397436998435,-1143754240.0
fomaml,B_fewshot_adapt_support_to_query,raw_inhouse_target,0,random_repeated,97,0.624819414195981,-1143754240.0
fomaml,B_fewshot_adapt_support_to_query,raw_inhouse_target,0,random_repeated,65,0.7257684721288807,-1143754240.0
fomaml,B_fewshot_adapt_support_to_query,raw_inhouse_target,0,random_repeated,77,0.3714065405003823,-1143754240.0
fomaml,B_fewshot_adapt_support_to_query,raw_inhouse_target,0,random_repeated,8,0.1459604384601472,-1143754240.0
fomaml,B_fewshot_adapt_support_to_query,inhouse_percentile,0,random_repeated,49,0.3461538553237915,-6.331791145978298e+18
fomaml,B_fewshot_adapt_support_to_query,inhouse_percentile,0,random_repeated,6,0.01923076994717121,-7.464934085668897e+18
fomaml,B_fewshot_adapt_support_to_query,inhouse_percentile,0,random_repeated,93,0.75,-6.865617785158894e+18
fomaml,B_fewshot_adapt_support_to_query,inhouse_percentile,0,random_repeated,11,0.11538461595773697,-7.58404692908494e+18
fomaml,B_fewshot_adapt_support_to_query,inhouse_percentile,0,random_repeated,88,0.8365384340286255,-6.873802549716058e+18
fomaml,B_fewshot_adapt_support_to_query,inhouse_percentile,0,random_repeated,41,0.7019230723381042,-6.106456683226071e+18
fomaml,B_fewshot_adapt_support_to_query,inhouse_percentile,0,random_repeated,22,0.4423076808452606,-7.732137951206834e+18
fomaml,B_fewshot_adapt_support_to_query,inhouse_percentile,0,random_repeated,19,0.2788461446762085,-7.702041569175536e+18
fomaml,B_fewshot_adapt_support_to_query,inhouse_percentile,0,random_repeated,35,0.5865384340286255,-6.208385809167417e+18
fomaml,B_fewshot_adapt_support_to_query,inhouse_percentile,0,random_repeated,64,0.8557692170143127,-6.681788786843582e+18
fomaml,B_fewshot_adapt_support_to_query,inhouse_percentile,0,random_repeated,47,0.682692289352417,-6.731838556139946e+18
fomaml,B_fewshot_adapt_support_to_query,inhouse_percentile,0,random_repeated,12,0.25,-7.585869369607979e+18
fomaml,B_fewshot_adapt_support_to_query,inhouse_percentile,0,random_repeated,53,0.07692307978868484,-6.424531103490507e+18
fomaml,B_fewshot_adapt_support_to_query,inhouse_percentile,0,random_repeated,14,0.5288461446762085,-7.756874214052725e+18
fomaml,B_fewshot_adapt_support_to_query,inhouse_percentile,0,random_repeated,13,0.10576923191547394,-7.46490769738983e+18
fomaml,B_fewshot_adapt_support_to_query,inhouse_percentile,0,random_repeated,66,0.8942307829856873,-6.83125749703508e+18
fomaml,B_fewshot_adapt_support_to_query,inhouse_percentile,0,random_repeated,36,0.7980769276618958,-6.236582784861733e+18
fomaml,B_fewshot_adapt_support_to_query,inhouse_percentile,0,random_repeated,97,0.6730769276618958,-7.822508461161185e+18
fomaml,B_fewshot_adapt_support_to_query,inhouse_percentile,0,random_repeated,65,0.817307710647583,-6.721635637989999e+18
fomaml,B_fewshot_adapt_support_to_query,inhouse_percentile,0,random_repeated,77,0.32692307233810425,-7.163942227809403e+18
fomaml,B_fewshot_adapt_support_to_query,inhouse_percentile,0,random_repeated,8,0.057692307978868484,-7.58727784400316e+18
metasgd,B_fewshot_adapt_support_to_query,raw_inhouse_target,0,random_repeated,49,0.3796880137703043,-3.438933157136659e+26
metasgd,B_fewshot_adapt_support_to_query,raw_inhouse_target,0,random_repeated,6,0.05271949038060156,-4.29646584208655e+26
metasgd,B_fewshot_adapt_support_to_query,raw_inhouse_target,0,random_repeated,93,0.665395662177569,-3.744803416776296e+26
metasgd,B_fewshot_adapt_support_to_query,raw_inhouse_target,0,random_repeated,11,0.1821063094077652,-4.250801296066964e+26
metasgd,B_fewshot_adapt_support_to_query,raw_inhouse_target,0,random_repeated,88,0.7501729079419943,-3.7500408163537036e+26
metasgd,B_fewshot_adapt_support_to_query,raw_inhouse_target,0,random_repeated,41,0.6377319120803782,-3.308476307307859e+26
metasgd,B_fewshot_adapt_support_to_query,raw_inhouse_target,0,random_repeated,22,0.4548051993775042,-4.218960002186452e+26
metasgd,B_fewshot_adapt_support_to_query,raw_inhouse_target,0,random_repeated,19,0.3461983072767217,-4.2029733159024125e+26
metasgd,B_fewshot_adapt_support_to_query,raw_inhouse_target,0,random_repeated,35,0.5867029210460343,-3.411315429779264e+26
metasgd,B_fewshot_adapt_support_to_query,raw_inhouse_target,0,random_repeated,64,0.7521443277543998,-3.575657103797061e+26
metasgd,B_fewshot_adapt_support_to_query,raw_inhouse_target,0,random_repeated,47,0.6273633871473753,-3.648411062423771e+26
metasgd,B_fewshot_adapt_support_to_query,raw_inhouse_target,0,random_repeated,12,0.3353358208132731,-4.2511986389343114e+26
metasgd,B_fewshot_adapt_support_to_query,raw_inhouse_target,0,random_repeated,53,0.16259722477569558,-3.5355339596972165e+26
metasgd,B_fewshot_adapt_support_to_query,raw_inhouse_target,0,random_repeated,14,0.5160428222422133,-4.231663536960253e+26
metasgd,B_fewshot_adapt_support_to_query,raw_inhouse_target,0,random_repeated,13,0.17950464805909924,-4.296969807134644e+26
metasgd,B_fewshot_adapt_support_to_query,raw_inhouse_target,0,random_repeated,66,0.7681532100647782,-3.734054867939427e+26
metasgd,B_fewshot_adapt_support_to_query,raw_inhouse_target,0,random_repeated,36,0.710397436998435,-3.383898771932272e+26
metasgd,B_fewshot_adapt_support_to_query,raw_inhouse_target,0,random_repeated,97,0.624819414195981,-4.276053412964346e+26
metasgd,B_fewshot_adapt_support_to_query,raw_inhouse_target,0,random_repeated,65,0.7257684721288807,-3.641121647035604e+26
metasgd,B_fewshot_adapt_support_to_query,raw_inhouse_target,0,random_repeated,77,0.3714065405003823,-3.910038282142142e+26
metasgd,B_fewshot_adapt_support_to_query,raw_inhouse_target,0,random_repeated,8,0.1459604384601472,-4.250931530080124e+26
metasgd,B_fewshot_adapt_support_to_query,inhouse_percentile,0,random_repeated,49,0.3461538553237915,-2932759592960.0
metasgd,B_fewshot_adapt_support_to_query,inhouse_percentile,0,random_repeated,6,0.01923076994717121,-2932759592960.0
metasgd,B_fewshot_adapt_support_to_query,inhouse_percentile,0,random_repeated,93,0.75,-2932759592960.0
metasgd,B_fewshot_adapt_support_to_query,inhouse_percentile,0,random_repeated,11,0.11538461595773697,-2932759592960.0
metasgd,B_fewshot_adapt_support_to_query,inhouse_percentile,0,random_repeated,88,0.8365384340286255,-2932759592960.0
metasgd,B_fewshot_adapt_support_to_query,inhouse_percentile,0,random_repeated,41,0.7019230723381042,-2932759592960.0
metasgd,B_fewshot_adapt_support_to_query,inhouse_percentile,0,random_repeated,22,0.4423076808452606,-2932759592960.0
metasgd,B_fewshot_adapt_support_to_query,inhouse_percentile,0,random_repeated,19,0.2788461446762085,-2932759592960.0
metasgd,B_fewshot_adapt_support_to_query,inhouse_percentile,0,random_repeated,35,0.5865384340286255,-2932759592960.0
metasgd,B_fewshot_adapt_support_to_query,inhouse_percentile,0,random_repeated,64,0.8557692170143127,-2932759592960.0
metasgd,B_fewshot_adapt_support_to_query,inhouse_percentile,0,random_repeated,47,0.682692289352417,-2932759592960.0
metasgd,B_fewshot_adapt_support_to_query,inhouse_percentile,0,random_repeated,12,0.25,-2932759592960.0
metasgd,B_fewshot_adapt_support_to_query,inhouse_percentile,0,random_repeated,53,0.07692307978868484,-2932759592960.0
metasgd,B_fewshot_adapt_support_to_query,inhouse_percentile,0,random_repeated,14,0.5288461446762085,-2932759592960.0
metasgd,B_fewshot_adapt_support_to_query,inhouse_percentile,0,random_repeated,13,0.10576923191547394,-2932759592960.0
metasgd,B_fewshot_adapt_support_to_query,inhouse_percentile,0,random_repeated,66,0.8942307829856873,-2932759592960.0
metasgd,B_fewshot_adapt_support_to_query,inhouse_percentile,0,random_repeated,36,0.7980769276618958,-2932759592960.0
metasgd,B_fewshot_adapt_support_to_query,inhouse_percentile,0,random_repeated,97,0.6730769276618958,-2932759592960.0
metasgd,B_fewshot_adapt_support_to_query,inhouse_percentile,0,random_repeated,65,0.817307710647583,-2932759592960.0
metasgd,B_fewshot_adapt_support_to_query,inhouse_percentile,0,random_repeated,77,0.32692307233810425,-2932759592960.0
metasgd,B_fewshot_adapt_support_to_query,inhouse_percentile,0,random_repeated,8,0.057692307978868484,-2932759592960.0
supervised_ann,B_fewshot_adapt_support_to_query,raw_inhouse_target,0,random_repeated,49,0.3796880137703043,0.4015600383281708
supervised_ann,B_fewshot_adapt_support_to_query,raw_inhouse_target,0,random_repeated,6,0.05271949038060156,0.20664578676223755
supervised_ann,B_fewshot_adapt_support_to_query,raw_inhouse_target,0,random_repeated,93,0.665395662177569,0.27769532799720764
supervised_ann,B_fewshot_adapt_support_to_query,raw_inhouse_target,0,random_repeated,11,0.1821063094077652,-0.19671297073364258
supervised_ann,B_fewshot_adapt_support_to_query,raw_inhouse_target,0,random_repeated,88,0.7501729079419943,0.320634126663208
supervised_ann,B_fewshot_adapt_support_to_query,raw_inhouse_target,0,random_repeated,41,0.6377319120803782,0.24960878491401672
supervised_ann,B_fewshot_adapt_support_to_query,raw_inhouse_target,0,random_repeated,22,0.4548051993775042,0.3398993909358978
supervised_ann,B_fewshot_adapt_support_to_query,raw_inhouse_target,0,random_repeated,19,0.3461983072767217,-0.011200033128261566
supervised_ann,B_fewshot_adapt_support_to_query,raw_inhouse_target,0,random_repeated,35,0.5867029210460343,0.46511349081993103
supervised_ann,B_fewshot_adapt_support_to_query,raw_inhouse_target,0,random_repeated,64,0.7521443277543998,0.3388115167617798
supervised_ann,B_fewshot_adapt_support_to_query,raw_inhouse_target,0,random_repeated,47,0.6273633871473753,0.33125820755958557
supervised_ann,B_fewshot_adapt_support_to_query,raw_inhouse_target,0,random_repeated,12,0.3353358208132731,0.35714077949523926
supervised_ann,B_fewshot_adapt_support_to_query,raw_inhouse_target,0,random_repeated,53,0.16259722477569558,0.4263594150543213
supervised_ann,B_fewshot_adapt_support_to_query,raw_inhouse_target,0,random_repeated,14,0.5160428222422133,0.31769537925720215
supervised_ann,B_fewshot_adapt_support_to_query,raw_inhouse_target,0,random_repeated,13,0.17950464805909924,0.012401558458805084
supervised_ann,B_fewshot_adapt_support_to_query,raw_inhouse_target,0,random_repeated,66,0.7681532100647782,0.34376516938209534
supervised_ann,B_fewshot_adapt_support_to_query,raw_inhouse_target,0,random_repeated,36,0.710397436998435,0.37694764137268066
supervised_ann,B_fewshot_adapt_support_to_query,raw_inhouse_target,0,random_repeated,97,0.624819414195981,0.2989288568496704
supervised_ann,B_fewshot_adapt_support_to_query,raw_inhouse_target,0,random_repeated,65,0.7257684721288807,0.3293803036212921
supervised_ann,B_fewshot_adapt_support_to_query,raw_inhouse_target,0,random_repeated,77,0.3714065405003823,0.2552327811717987
supervised_ann,B_fewshot_adapt_support_to_query,raw_inhouse_target,0,random_repeated,8,0.1459604384601472,0.09890381246805191
supervised_ann,B_fewshot_adapt_support_to_query,inhouse_percentile,0,random_repeated,49,0.3461538553237915,0.6417554020881653
supervised_ann,B_fewshot_adapt_support_to_query,inhouse_percentile,0,random_repeated,6,0.01923076994717121,0.3229876458644867
supervised_ann,B_fewshot_adapt_support_to_query,inhouse_percentile,0,random_repeated,93,0.75,0.5736449956893921
supervised_ann,B_fewshot_adapt_support_to_query,inhouse_percentile,0,random_repeated,11,0.11538461595773697,0.3939577341079712
supervised_ann,B_fewshot_adapt_support_to_query,inhouse_percentile,0,random_repeated,88,0.8365384340286255,0.5500925183296204
supervised_ann,B_fewshot_adapt_support_to_query,inhouse_percentile,0,random_repeated,41,0.7019230723381042,0.6335529685020447
supervised_ann,B_fewshot_adapt_support_to_query,inhouse_percentile,0,random_repeated,22,0.4423076808452606,0.4580216407775879
supervised_ann,B_fewshot_adapt_support_to_query,inhouse_percentile,0,random_repeated,19,0.2788461446762085,0.4283396601676941
supervised_ann,B_fewshot_adapt_support_to_query,inhouse_percentile,0,random_repeated,35,0.5865384340286255,0.7267180681228638
supervised_ann,B_fewshot_adapt_support_to_query,inhouse_percentile,0,random_repeated,64,0.8557692170143127,0.5422345399856567
supervised_ann,B_fewshot_adapt_support_to_query,inhouse_percentile,0,random_repeated,47,0.682692289352417,0.5498085021972656
supervised_ann,B_fewshot_adapt_support_to_query,inhouse_percentile,0,random_repeated,12,0.25,0.4100132882595062
supervised_ann,B_fewshot_adapt_support_to_query,inhouse_percentile,0,random_repeated,53,0.07692307978868484,0.7358058094978333
supervised_ann,B_fewshot_adapt_support_to_query,inhouse_percentile,0,random_repeated,14,0.5288461446762085,0.4668828547000885
supervised_ann,B_fewshot_adapt_support_to_query,inhouse_percentile,0,random_repeated,13,0.10576923191547394,0.32488054037094116
supervised_ann,B_fewshot_adapt_support_to_query,inhouse_percentile,0,random_repeated,66,0.8942307829856873,0.5615548491477966
supervised_ann,B_fewshot_adapt_support_to_query,inhouse_percentile,0,random_repeated,36,0.7980769276618958,0.6362619400024414
supervised_ann,B_fewshot_adapt_support_to_query,inhouse_percentile,0,random_repeated,97,0.6730769276618958,0.40701988339424133
supervised_ann,B_fewshot_adapt_support_to_query,inhouse_percentile,0,random_repeated,65,0.817307710647583,0.5492584109306335
supervised_ann,B_fewshot_adapt_support_to_query,inhouse_percentile,0,random_repeated,77,0.32692307233810425,0.510238766670227
supervised_ann,B_fewshot_adapt_support_to_query,inhouse_percentile,0,random_repeated,8,0.057692307978868484,0.43646982312202454
maml,B_fewshot_adapt_support_to_query,raw_inhouse_target,1,random_repeated,83,0.4363562940751377,-648796032.0
maml,B_fewshot_adapt_support_to_query,raw_inhouse_target,1,random_repeated,65,0.7257684721288807,-648796032.0
maml,B_fewshot_adapt_support_to_query,raw_inhouse_target,1,random_repeated,60,0.5483164824186075,-648796032.0
maml,B_fewshot_adapt_support_to_query,raw_inhouse_target,1,random_repeated,19,0.3461983072767217,-648796032.0
maml,B_fewshot_adapt_support_to_query,raw_inhouse_target,1,random_repeated,13,0.17950464805909924,-648796032.0
maml,B_fewshot_adapt_support_to_query,raw_inhouse_target,1,random_repeated,61,0.5956170942280743,-648796032.0
maml,B_fewshot_adapt_support_to_query,raw_inhouse_target,1,random_repeated,103,0.6471306330883555,-648796032.0
maml,B_fewshot_adapt_support_to_query,raw_inhouse_target,1,random_repeated,87,0.7716784767680998,-648796032.0
maml,B_fewshot_adapt_support_to_query,raw_inhouse_target,1,random_repeated,5,0.3918458728545167,-648796032.0
maml,B_fewshot_adapt_support_to_query,raw_inhouse_target,1,random_repeated,85,0.76035675302239,-648796032.0
maml,B_fewshot_adapt_support_to_query,raw_inhouse_target,1,random_repeated,59,0.5928021876040668,-648796032.0
maml,B_fewshot_adapt_support_to_query,raw_inhouse_target,1,random_repeated,48,0.2181523323074733,-648796032.0
maml,B_fewshot_adapt_support_to_query,raw_inhouse_target,1,random_repeated,58,0.5619024690394058,-648796032.0
maml,B_fewshot_adapt_support_to_query,raw_inhouse_target,1,random_repeated,73,0.4566549309911151,-648796032.0
maml,B_fewshot_adapt_support_to_query,raw_inhouse_target,1,random_repeated,93,0.665395662177569,-648796032.0
maml,B_fewshot_adapt_support_to_query,raw_inhouse_target,1,random_repeated,49,0.3796880137703043,-648796032.0
maml,B_fewshot_adapt_support_to_query,raw_inhouse_target,1,random_repeated,1,0.24854383135427813,-648796032.0
maml,B_fewshot_adapt_support_to_query,raw_inhouse_target,1,random_repeated,76,0.46415337042920773,-648796032.0
maml,B_fewshot_adapt_support_to_query,raw_inhouse_target,1,random_repeated,22,0.4548051993775042,-648796032.0
maml,B_fewshot_adapt_support_to_query,raw_inhouse_target,1,random_repeated,78,0.4474676542283091,-648796032.0
maml,B_fewshot_adapt_support_to_query,raw_inhouse_target,1,random_repeated,44,0.3351209588605774,-648796032.0
maml,B_fewshot_adapt_support_to_query,inhouse_percentile,1,random_repeated,83,0.4134615361690521,-97897603072.0
maml,B_fewshot_adapt_support_to_query,inhouse_percentile,1,random_repeated,65,0.817307710647583,-97897603072.0
maml,B_fewshot_adapt_support_to_query,inhouse_percentile,1,random_repeated,60,0.5384615659713745,-97897603072.0
maml,B_fewshot_adapt_support_to_query,inhouse_percentile,1,random_repeated,19,0.2788461446762085,-97897603072.0
maml,B_fewshot_adapt_support_to_query,inhouse_percentile,1,random_repeated,13,0.10576923191547394,-97897603072.0
maml,B_fewshot_adapt_support_to_query,inhouse_percentile,1,random_repeated,61,0.6153846383094788,-97897603072.0
maml,B_fewshot_adapt_support_to_query,inhouse_percentile,1,random_repeated,103,0.7211538553237915,-97897603072.0
maml,B_fewshot_adapt_support_to_query,inhouse_percentile,1,random_repeated,87,0.9038461446762085,-97897603072.0
maml,B_fewshot_adapt_support_to_query,inhouse_percentile,1,random_repeated,5,0.36538460850715637,-97897603072.0
maml,B_fewshot_adapt_support_to_query,inhouse_percentile,1,random_repeated,85,0.875,-97897603072.0
maml,B_fewshot_adapt_support_to_query,inhouse_percentile,1,random_repeated,59,0.6057692170143127,-97897603072.0
maml,B_fewshot_adapt_support_to_query,inhouse_percentile,1,random_repeated,48,0.1538461595773697,-97897603072.0
maml,B_fewshot_adapt_support_to_query,inhouse_percentile,1,random_repeated,58,0.5480769276618958,-97897603072.0
maml,B_fewshot_adapt_support_to_query,inhouse_percentile,1,random_repeated,73,0.4615384638309479,-97897603072.0
maml,B_fewshot_adapt_support_to_query,inhouse_percentile,1,random_repeated,93,0.75,-97897603072.0
maml,B_fewshot_adapt_support_to_query,inhouse_percentile,1,random_repeated,49,0.3461538553237915,-97897603072.0
maml,B_fewshot_adapt_support_to_query,inhouse_percentile,1,random_repeated,1,0.18269230425357819,-97897603072.0
maml,B_fewshot_adapt_support_to_query,inhouse_percentile,1,random_repeated,76,0.4711538553237915,-97897603072.0
maml,B_fewshot_adapt_support_to_query,inhouse_percentile,1,random_repeated,22,0.4423076808452606,-97897603072.0
maml,B_fewshot_adapt_support_to_query,inhouse_percentile,1,random_repeated,78,0.4326923191547394,-97897603072.0
maml,B_fewshot_adapt_support_to_query,inhouse_percentile,1,random_repeated,44,0.24038460850715637,-97897603072.0
fomaml,B_fewshot_adapt_support_to_query,raw_inhouse_target,1,random_repeated,83,0.4363562940751377,-1.1518896129441792e+17
fomaml,B_fewshot_adapt_support_to_query,raw_inhouse_target,1,random_repeated,65,0.7257684721288807,-8.522422001074176e+16
fomaml,B_fewshot_adapt_support_to_query,raw_inhouse_target,1,random_repeated,60,0.5483164824186075,-1.0126719417162138e+17
fomaml,B_fewshot_adapt_support_to_query,raw_inhouse_target,1,random_repeated,19,0.3461983072767217,-1.1674712388979917e+17
fomaml,B_fewshot_adapt_support_to_query,raw_inhouse_target,1,random_repeated,13,0.17950464805909924,-1.6200269607154483e+17
fomaml,B_fewshot_adapt_support_to_query,raw_inhouse_target,1,random_repeated,61,0.5956170942280743,-1.0154228682693018e+17
fomaml,B_fewshot_adapt_support_to_query,raw_inhouse_target,1,random_repeated,103,0.6471306330883555,-5.560654644432077e+16
fomaml,B_fewshot_adapt_support_to_query,raw_inhouse_target,1,random_repeated,87,0.7716784767680998,-9.488244181827584e+16
fomaml,B_fewshot_adapt_support_to_query,raw_inhouse_target,1,random_repeated,5,0.3918458728545167,-1.1919949008627302e+17
fomaml,B_fewshot_adapt_support_to_query,raw_inhouse_target,1,random_repeated,85,0.76035675302239,-9.422991602692915e+16
fomaml,B_fewshot_adapt_support_to_query,raw_inhouse_target,1,random_repeated,59,0.5928021876040668,-1.031440691101696e+17
fomaml,B_fewshot_adapt_support_to_query,raw_inhouse_target,1,random_repeated,48,0.2181523323074733,-1.142123029111767e+17
fomaml,B_fewshot_adapt_support_to_query,raw_inhouse_target,1,random_repeated,58,0.5619024690394058,-1.0286924274283315e+17
fomaml,B_fewshot_adapt_support_to_query,raw_inhouse_target,1,random_repeated,73,0.4566549309911151,-7.64907819714478e+16
fomaml,B_fewshot_adapt_support_to_query,raw_inhouse_target,1,random_repeated,93,0.665395662177569,-9.495081769762816e+16
fomaml,B_fewshot_adapt_support_to_query,raw_inhouse_target,1,random_repeated,49,0.3796880137703043,-7.643054076015411e+16
fomaml,B_fewshot_adapt_support_to_query,raw_inhouse_target,1,random_repeated,1,0.24854383135427813,-1.3819076172736102e+17
fomaml,B_fewshot_adapt_support_to_query,raw_inhouse_target,1,random_repeated,76,0.46415337042920773,-1.0812291545877709e+17
fomaml,B_fewshot_adapt_support_to_query,raw_inhouse_target,1,random_repeated,22,0.4548051993775042,-1.1756823573744845e+17
fomaml,B_fewshot_adapt_support_to_query,raw_inhouse_target,1,random_repeated,78,0.4474676542283091,-1.1919953303594598e+17
fomaml,B_fewshot_adapt_support_to_query,raw_inhouse_target,1,random_repeated,44,0.3351209588605774,-6.877738578005197e+16
fomaml,B_fewshot_adapt_support_to_query,inhouse_percentile,1,random_repeated,83,0.4134615361690521,-2.53889411944756e+18
fomaml,B_fewshot_adapt_support_to_query,inhouse_percentile,1,random_repeated,65,0.817307710647583,-2.2476403611973714e+18
fomaml,B_fewshot_adapt_support_to_query,inhouse_percentile,1,random_repeated,60,0.5384615659713745,-2.420816466229068e+18
fomaml,B_fewshot_adapt_support_to_query,inhouse_percentile,1,random_repeated,19,0.2788461446762085,-2.537531274784932e+18
fomaml,B_fewshot_adapt_support_to_query,inhouse_percentile,1,random_repeated,13,0.10576923191547394,-2.5713882614611313e+18
fomaml,B_fewshot_adapt_support_to_query,inhouse_percentile,1,random_repeated,61,0.6153846383094788,-2.4230751379904266e+18
fomaml,B_fewshot_adapt_support_to_query,inhouse_percentile,1,random_repeated,103,0.7211538553237915,-2.1481224642557379e+18
fomaml,B_fewshot_adapt_support_to_query,inhouse_percentile,1,random_repeated,87,0.9038461446762085,-2.30174224315895e+18
fomaml,B_fewshot_adapt_support_to_query,inhouse_percentile,1,random_repeated,5,0.36538460850715637,-2.558780436503331e+18
fomaml,B_fewshot_adapt_support_to_query,inhouse_percentile,1,random_repeated,85,0.875,-2.2979191037902193e+18
fomaml,B_fewshot_adapt_support_to_query,inhouse_percentile,1,random_repeated,59,0.6057692170143127,-2.38020160621065e+18
fomaml,B_fewshot_adapt_support_to_query,inhouse_percentile,1,random_repeated,48,0.1538461595773697,-2.3691515143515013e+18
fomaml,B_fewshot_adapt_support_to_query,inhouse_percentile,1,random_repeated,58,0.5480769276618958,-2.378159263362056e+18
fomaml,B_fewshot_adapt_support_to_query,inhouse_percentile,1,random_repeated,73,0.4615384638309479,-2.268503319456514e+18
fomaml,B_fewshot_adapt_support_to_query,inhouse_percentile,1,random_repeated,93,0.75,-2.300198391394599e+18
fomaml,B_fewshot_adapt_support_to_query,inhouse_percentile,1,random_repeated,49,0.3461538553237915,-2.1466882887762575e+18
fomaml,B_fewshot_adapt_support_to_query,inhouse_percentile,1,random_repeated,1,0.18269230425357819,-2.556207304416428e+18
fomaml,B_fewshot_adapt_support_to_query,inhouse_percentile,1,random_repeated,76,0.4711538553237915,-2.4622798743462216e+18
fomaml,B_fewshot_adapt_support_to_query,inhouse_percentile,1,random_repeated,22,0.4423076808452606,-2.549222107045167e+18
fomaml,B_fewshot_adapt_support_to_query,inhouse_percentile,1,random_repeated,78,0.4326923191547394,-2.558780436503331e+18
fomaml,B_fewshot_adapt_support_to_query,inhouse_percentile,1,random_repeated,44,0.24038460850715637,-2.146281332035027e+18
metasgd,B_fewshot_adapt_support_to_query,raw_inhouse_target,1,random_repeated,83,0.4363562940751377,-2064899899392.0
metasgd,B_fewshot_adapt_support_to_query,raw_inhouse_target,1,random_repeated,65,0.7257684721288807,-2064899899392.0
metasgd,B_fewshot_adapt_support_to_query,raw_inhouse_target,1,random_repeated,60,0.5483164824186075,-2064899899392.0
metasgd,B_fewshot_adapt_support_to_query,raw_inhouse_target,1,random_repeated,19,0.3461983072767217,-2064899899392.0
metasgd,B_fewshot_adapt_support_to_query,raw_inhouse_target,1,random_repeated,13,0.17950464805909924,-2064899899392.0
metasgd,B_fewshot_adapt_support_to_query,raw_inhouse_target,1,random_repeated,61,0.5956170942280743,-2064899899392.0
metasgd,B_fewshot_adapt_support_to_query,raw_inhouse_target,1,random_repeated,103,0.6471306330883555,-2064899899392.0
metasgd,B_fewshot_adapt_support_to_query,raw_inhouse_target,1,random_repeated,87,0.7716784767680998,-2064899899392.0
metasgd,B_fewshot_adapt_support_to_query,raw_inhouse_target,1,random_repeated,5,0.3918458728545167,-2064899899392.0
metasgd,B_fewshot_adapt_support_to_query,raw_inhouse_target,1,random_repeated,85,0.76035675302239,-2064899899392.0
metasgd,B_fewshot_adapt_support_to_query,raw_inhouse_target,1,random_repeated,59,0.5928021876040668,-2064899899392.0
metasgd,B_fewshot_adapt_support_to_query,raw_inhouse_target,1,random_repeated,48,0.2181523323074733,-2064899899392.0
metasgd,B_fewshot_adapt_support_to_query,raw_inhouse_target,1,random_repeated,58,0.5619024690394058,-2064899899392.0
metasgd,B_fewshot_adapt_support_to_query,raw_inhouse_target,1,random_repeated,73,0.4566549309911151,-2064899899392.0
metasgd,B_fewshot_adapt_support_to_query,raw_inhouse_target,1,random_repeated,93,0.665395662177569,-2064899899392.0
metasgd,B_fewshot_adapt_support_to_query,raw_inhouse_target,1,random_repeated,49,0.3796880137703043,-2064899899392.0
metasgd,B_fewshot_adapt_support_to_query,raw_inhouse_target,1,random_repeated,1,0.24854383135427813,-2064899899392.0
metasgd,B_fewshot_adapt_support_to_query,raw_inhouse_target,1,random_repeated,76,0.46415337042920773,-2064899899392.0
metasgd,B_fewshot_adapt_support_to_query,raw_inhouse_target,1,random_repeated,22,0.4548051993775042,-2064899899392.0
metasgd,B_fewshot_adapt_support_to_query,raw_inhouse_target,1,random_repeated,78,0.4474676542283091,-2064899899392.0
metasgd,B_fewshot_adapt_support_to_query,raw_inhouse_target,1,random_repeated,44,0.3351209588605774,-2064899899392.0
metasgd,B_fewshot_adapt_support_to_query,inhouse_percentile,1,random_repeated,83,0.4134615361690521,-3.188895288850037e+26
metasgd,B_fewshot_adapt_support_to_query,inhouse_percentile,1,random_repeated,65,0.817307710647583,-2.8001755364870292e+26
metasgd,B_fewshot_adapt_support_to_query,inhouse_percentile,1,random_repeated,60,0.5384615659713745,-3.0348539077881177e+26
metasgd,B_fewshot_adapt_support_to_query,inhouse_percentile,1,random_repeated,19,0.2788461446762085,-3.186519348213343e+26
metasgd,B_fewshot_adapt_support_to_query,inhouse_percentile,1,random_repeated,13,0.10576923191547394,-3.204799333720626e+26
metasgd,B_fewshot_adapt_support_to_query,inhouse_percentile,1,random_repeated,61,0.6153846383094788,-3.0372051297877528e+26
metasgd,B_fewshot_adapt_support_to_query,inhouse_percentile,1,random_repeated,103,0.7211538553237915,-2.6835271814020454e+26
metasgd,B_fewshot_adapt_support_to_query,inhouse_percentile,1,random_repeated,87,0.9038461446762085,-2.869100319978919e+26
metasgd,B_fewshot_adapt_support_to_query,inhouse_percentile,1,random_repeated,5,0.36538460850715637,-3.208032679021866e+26
metasgd,B_fewshot_adapt_support_to_query,inhouse_percentile,1,random_repeated,85,0.875,-2.8651523478122638e+26
metasgd,B_fewshot_adapt_support_to_query,inhouse_percentile,1,random_repeated,59,0.6057692170143127,-2.9738420396340863e+26
metasgd,B_fewshot_adapt_support_to_query,inhouse_percentile,1,random_repeated,48,0.1538461595773697,-2.950559297134013e+26
metasgd,B_fewshot_adapt_support_to_query,inhouse_percentile,1,random_repeated,58,0.5480769276618958,-2.9717634605118608e+26
metasgd,B_fewshot_adapt_support_to_query,inhouse_percentile,1,random_repeated,73,0.4615384638309479,-2.834261245718989e+26
metasgd,B_fewshot_adapt_support_to_query,inhouse_percentile,1,random_repeated,93,0.75,-2.867643027197096e+26
metasgd,B_fewshot_adapt_support_to_query,inhouse_percentile,1,random_repeated,49,0.3461538553237915,-2.6612778255049814e+26
metasgd,B_fewshot_adapt_support_to_query,inhouse_percentile,1,random_repeated,1,0.18269230425357819,-3.197734599675277e+26
metasgd,B_fewshot_adapt_support_to_query,inhouse_percentile,1,random_repeated,76,0.4711538553237915,-3.0834828455803494e+26
metasgd,B_fewshot_adapt_support_to_query,inhouse_percentile,1,random_repeated,22,0.4423076808452606,-3.198165146681957e+26
metasgd,B_fewshot_adapt_support_to_query,inhouse_percentile,1,random_repeated,78,0.4326923191547394,-3.208034154761392e+26
metasgd,B_fewshot_adapt_support_to_query,inhouse_percentile,1,random_repeated,44,0.24038460850715637,-2.6741501479870566e+26
supervised_ann,B_fewshot_adapt_support_to_query,raw_inhouse_target,1,random_repeated,83,0.4363562940751377,0.40245670080184937
supervised_ann,B_fewshot_adapt_support_to_query,raw_inhouse_target,1,random_repeated,65,0.7257684721288807,0.8773011565208435
supervised_ann,B_fewshot_adapt_support_to_query,raw_inhouse_target,1,random_repeated,60,0.5483164824186075,0.7648187279701233
supervised_ann,B_fewshot_adapt_support_to_query,raw_inhouse_target,1,random_repeated,19,0.3461983072767217,0.41884535551071167
supervised_ann,B_fewshot_adapt_support_to_query,raw_inhouse_target,1,random_repeated,13,0.17950464805909924,0.28555330634117126
supervised_ann,B_fewshot_adapt_support_to_query,raw_inhouse_target,1,random_repeated,61,0.5956170942280743,0.7592676281929016
supervised_ann,B_fewshot_adapt_support_to_query,raw_inhouse_target,1,random_repeated,103,0.6471306330883555,1.0155640840530396
supervised_ann,B_fewshot_adapt_support_to_query,raw_inhouse_target,1,random_repeated,87,0.7716784767680998,0.8293654322624207
supervised_ann,B_fewshot_adapt_support_to_query,raw_inhouse_target,1,random_repeated,5,0.3918458728545167,0.6641137599945068
supervised_ann,B_fewshot_adapt_support_to_query,raw_inhouse_target,1,random_repeated,85,0.76035675302239,0.836675763130188
supervised_ann,B_fewshot_adapt_support_to_query,raw_inhouse_target,1,random_repeated,59,0.5928021876040668,0.7649876475334167
supervised_ann,B_fewshot_adapt_support_to_query,raw_inhouse_target,1,random_repeated,48,0.2181523323074733,0.5574437975883484
supervised_ann,B_fewshot_adapt_support_to_query,raw_inhouse_target,1,random_repeated,58,0.5619024690394058,0.7689826488494873
supervised_ann,B_fewshot_adapt_support_to_query,raw_inhouse_target,1,random_repeated,73,0.4566549309911151,0.940579354763031
supervised_ann,B_fewshot_adapt_support_to_query,raw_inhouse_target,1,random_repeated,93,0.665395662177569,0.7925348877906799
supervised_ann,B_fewshot_adapt_support_to_query,raw_inhouse_target,1,random_repeated,49,0.3796880137703043,0.9319030046463013
supervised_ann,B_fewshot_adapt_support_to_query,raw_inhouse_target,1,random_repeated,1,0.24854383135427813,0.3998706042766571
supervised_ann,B_fewshot_adapt_support_to_query,raw_inhouse_target,1,random_repeated,76,0.46415337042920773,0.7073410153388977
supervised_ann,B_fewshot_adapt_support_to_query,raw_inhouse_target,1,random_repeated,22,0.4548051993775042,0.6988831758499146
supervised_ann,B_fewshot_adapt_support_to_query,raw_inhouse_target,1,random_repeated,78,0.4474676542283091,0.6641138195991516
supervised_ann,B_fewshot_adapt_support_to_query,raw_inhouse_target,1,random_repeated,44,0.3351209588605774,0.9093838930130005
supervised_ann,B_fewshot_adapt_support_to_query,inhouse_percentile,1,random_repeated,83,0.4134615361690521,0.42406439781188965
supervised_ann,B_fewshot_adapt_support_to_query,inhouse_percentile,1,random_repeated,65,0.817307710647583,0.8654360175132751
supervised_ann,B_fewshot_adapt_support_to_query,inhouse_percentile,1,random_repeated,60,0.5384615659713745,0.7586255669593811
supervised_ann,B_fewshot_adapt_support_to_query,inhouse_percentile,1,random_repeated,19,0.2788461446762085,0.49981340765953064
supervised_ann,B_fewshot_adapt_support_to_query,inhouse_percentile,1,random_repeated,13,0.10576923191547394,0.26811662316322327
supervised_ann,B_fewshot_adapt_support_to_query,inhouse_percentile,1,random_repeated,61,0.6153846383094788,0.7652878165245056
supervised_ann,B_fewshot_adapt_support_to_query,inhouse_percentile,1,random_repeated,103,0.7211538553237915,0.8514962196350098
supervised_ann,B_fewshot_adapt_support_to_query,inhouse_percentile,1,random_repeated,87,0.9038461446762085,0.84804767370224
supervised_ann,B_fewshot_adapt_support_to_query,inhouse_percentile,1,random_repeated,5,0.36538460850715637,0.7652488350868225
supervised_ann,B_fewshot_adapt_support_to_query,inhouse_percentile,1,random_repeated,85,0.875,0.8543327450752258
supervised_ann,B_fewshot_adapt_support_to_query,inhouse_percentile,1,random_repeated,59,0.6057692170143127,0.7746632695198059
supervised_ann,B_fewshot_adapt_support_to_query,inhouse_percentile,1,random_repeated,48,0.1538461595773697,0.5866069793701172
supervised_ann,B_fewshot_adapt_support_to_query,inhouse_percentile,1,random_repeated,58,0.5480769276618958,0.7638735175132751
supervised_ann,B_fewshot_adapt_support_to_query,inhouse_percentile,1,random_repeated,73,0.4615384638309479,0.8444450497627258
supervised_ann,B_fewshot_adapt_support_to_query,inhouse_percentile,1,random_repeated,93,0.75,0.7848595976829529
supervised_ann,B_fewshot_adapt_support_to_query,inhouse_percentile,1,random_repeated,49,0.3461538553237915,0.875105619430542
supervised_ann,B_fewshot_adapt_support_to_query,inhouse_percentile,1,random_repeated,1,0.18269230425357819,0.5164420008659363
supervised_ann,B_fewshot_adapt_support_to_query,inhouse_percentile,1,random_repeated,76,0.4711538553237915,0.7813692688941956
supervised_ann,B_fewshot_adapt_support_to_query,inhouse_percentile,1,random_repeated,22,0.4423076808452606,0.7670064568519592
supervised_ann,B_fewshot_adapt_support_to_query,inhouse_percentile,1,random_repeated,78,0.4326923191547394,0.7652484774589539
supervised_ann,B_fewshot_adapt_support_to_query,inhouse_percentile,1,random_repeated,44,0.24038460850715637,0.8174578547477722
maml,B_fewshot_adapt_support_to_query,raw_inhouse_target,2,random_repeated,103,0.6471306330883555,-29188190208.0
maml,B_fewshot_adapt_support_to_query,raw_inhouse_target,2,random_repeated,62,0.5763148594927118,-29188190208.0
maml,B_fewshot_adapt_support_to_query,raw_inhouse_target,2,random_repeated,41,0.6377319120803782,-29188190208.0
maml,B_fewshot_adapt_support_to_query,raw_inhouse_target,2,random_repeated,53,0.16259722477569558,-29188190208.0
maml,B_fewshot_adapt_support_to_query,raw_inhouse_target,2,random_repeated,13,0.17950464805909924,-29188190208.0
maml,B_fewshot_adapt_support_to_query,raw_inhouse_target,2,random_repeated,66,0.7681532100647782,-29188190208.0
maml,B_fewshot_adapt_support_to_query,raw_inhouse_target,2,random_repeated,87,0.7716784767680998,-29188190208.0
maml,B_fewshot_adapt_support_to_query,raw_inhouse_target,2,random_repeated,43,0.6136297737764471,-29188190208.0
maml,B_fewshot_adapt_support_to_query,raw_inhouse_target,2,random_repeated,23,0.36241321109052227,-29188190208.0
maml,B_fewshot_adapt_support_to_query,raw_inhouse_target,2,random_repeated,30,0.5986688106192481,-29188190208.0
maml,B_fewshot_adapt_support_to_query,raw_inhouse_target,2,random_repeated,8,0.1459604384601472,-29188190208.0
maml,B_fewshot_adapt_support_to_query,raw_inhouse_target,2,random_repeated,31,0.4373763137086527,-29188190208.0
maml,B_fewshot_adapt_support_to_query,raw_inhouse_target,2,random_repeated,78,0.4474676542283091,-29188190208.0
maml,B_fewshot_adapt_support_to_query,raw_inhouse_target,2,random_repeated,92,0.7916862503095949,-29188190208.0
maml,B_fewshot_adapt_support_to_query,raw_inhouse_target,2,random_repeated,47,0.6273633871473753,-29188190208.0
maml,B_fewshot_adapt_support_to_query,raw_inhouse_target,2,random_repeated,85,0.76035675302239,-29188190208.0
maml,B_fewshot_adapt_support_to_query,raw_inhouse_target,2,random_repeated,93,0.665395662177569,-29188190208.0
maml,B_fewshot_adapt_support_to_query,raw_inhouse_target,2,random_repeated,58,0.5619024690394058,-29188190208.0
maml,B_fewshot_adapt_support_to_query,raw_inhouse_target,2,random_repeated,7,0.17895376007702582,-29188190208.0
maml,B_fewshot_adapt_support_to_query,raw_inhouse_target,2,random_repeated,27,0.15802080318424067,-29188190208.0
maml,B_fewshot_adapt_support_to_query,raw_inhouse_target,2,random_repeated,1,0.24854383135427813,-29188190208.0
maml,B_fewshot_adapt_support_to_query,inhouse_percentile,2,random_repeated,103,0.7211538553237915,-394670211072.0
maml,B_fewshot_adapt_support_to_query,inhouse_percentile,2,random_repeated,62,0.5769230723381042,-394670211072.0
maml,B_fewshot_adapt_support_to_query,inhouse_percentile,2,random_repeated,41,0.7019230723381042,-394670211072.0
maml,B_fewshot_adapt_support_to_query,inhouse_percentile,2,random_repeated,53,0.07692307978868484,-394670211072.0
maml,B_fewshot_adapt_support_to_query,inhouse_percentile,2,random_repeated,13,0.10576923191547394,-394670211072.0
maml,B_fewshot_adapt_support_to_query,inhouse_percentile,2,random_repeated,66,0.8942307829856873,-394670211072.0
maml,B_fewshot_adapt_support_to_query,inhouse_percentile,2,random_repeated,87,0.9038461446762085,-394670211072.0
maml,B_fewshot_adapt_support_to_query,inhouse_percentile,2,random_repeated,43,0.6442307829856873,-394670211072.0
maml,B_fewshot_adapt_support_to_query,inhouse_percentile,2,random_repeated,23,0.3076923191547394,-394670211072.0
maml,B_fewshot_adapt_support_to_query,inhouse_percentile,2,random_repeated,30,0.6346153616905212,-394670211072.0
maml,B_fewshot_adapt_support_to_query,inhouse_percentile,2,random_repeated,8,0.057692307978868484,-394670211072.0
maml,B_fewshot_adapt_support_to_query,inhouse_percentile,2,random_repeated,31,0.42307692766189575,-394670211072.0
maml,B_fewshot_adapt_support_to_query,inhouse_percentile,2,random_repeated,78,0.4326923191547394,-394670211072.0
maml,B_fewshot_adapt_support_to_query,inhouse_percentile,2,random_repeated,92,0.942307710647583,-394670211072.0
maml,B_fewshot_adapt_support_to_query,inhouse_percentile,2,random_repeated,47,0.682692289352417,-394670211072.0
maml,B_fewshot_adapt_support_to_query,inhouse_percentile,2,random_repeated,85,0.875,-394670211072.0
maml,B_fewshot_adapt_support_to_query,inhouse_percentile,2,random_repeated,93,0.75,-394670211072.0
maml,B_fewshot_adapt_support_to_query,inhouse_percentile,2,random_repeated,58,0.5480769276618958,-394670211072.0
maml,B_fewshot_adapt_support_to_query,inhouse_percentile,2,random_repeated,7,0.09615384787321091,-394670211072.0
maml,B_fewshot_adapt_support_to_query,inhouse_percentile,2,random_repeated,27,0.06730769574642181,-394670211072.0
maml,B_fewshot_adapt_support_to_query,inhouse_percentile,2,random_repeated,1,0.18269230425357819,-394670211072.0
fomaml,B_fewshot_adapt_support_to_query,raw_inhouse_target,2,random_repeated,103,0.6471306330883555,-121776176.0
fomaml,B_fewshot_adapt_support_to_query,raw_inhouse_target,2,random_repeated,62,0.5763148594927118,-121928216.0
fomaml,B_fewshot_adapt_support_to_query,raw_inhouse_target,2,random_repeated,41,0.6377319120803782,-121923112.0
fomaml,B_fewshot_adapt_support_to_query,raw_inhouse_target,2,random_repeated,53,0.16259722477569558,-121928216.0
fomaml,B_fewshot_adapt_support_to_query,raw_inhouse_target,2,random_repeated,13,0.17950464805909924,-121928216.0
fomaml,B_fewshot_adapt_support_to_query,raw_inhouse_target,2,random_repeated,66,0.7681532100647782,-121928216.0
fomaml,B_fewshot_adapt_support_to_query,raw_inhouse_target,2,random_repeated,87,0.7716784767680998,-121928216.0
fomaml,B_fewshot_adapt_support_to_query,raw_inhouse_target,2,random_repeated,43,0.6136297737764471,-121928216.0
fomaml,B_fewshot_adapt_support_to_query,raw_inhouse_target,2,random_repeated,23,0.36241321109052227,-121928216.0
fomaml,B_fewshot_adapt_support_to_query,raw_inhouse_target,2,random_repeated,30,0.5986688106192481,-121928216.0
fomaml,B_fewshot_adapt_support_to_query,raw_inhouse_target,2,random_repeated,8,0.1459604384601472,-121928216.0
fomaml,B_fewshot_adapt_support_to_query,raw_inhouse_target,2,random_repeated,31,0.4373763137086527,-121928216.0
fomaml,B_fewshot_adapt_support_to_query,raw_inhouse_target,2,random_repeated,78,0.4474676542283091,-121928216.0
fomaml,B_fewshot_adapt_support_to_query,raw_inhouse_target,2,random_repeated,92,0.7916862503095949,-121928216.0
fomaml,B_fewshot_adapt_support_to_query,raw_inhouse_target,2,random_repeated,47,0.6273633871473753,-121928216.0
fomaml,B_fewshot_adapt_support_to_query,raw_inhouse_target,2,random_repeated,85,0.76035675302239,-121928216.0
fomaml,B_fewshot_adapt_support_to_query,raw_inhouse_target,2,random_repeated,93,0.665395662177569,-121928216.0
fomaml,B_fewshot_adapt_support_to_query,raw_inhouse_target,2,random_repeated,58,0.5619024690394058,-121928216.0
fomaml,B_fewshot_adapt_support_to_query,raw_inhouse_target,2,random_repeated,7,0.17895376007702582,-121928216.0
fomaml,B_fewshot_adapt_support_to_query,raw_inhouse_target,2,random_repeated,27,0.15802080318424067,-121928216.0
fomaml,B_fewshot_adapt_support_to_query,raw_inhouse_target,2,random_repeated,1,0.24854383135427813,-121928216.0
fomaml,B_fewshot_adapt_support_to_query,inhouse_percentile,2,random_repeated,103,0.7211538553237915,-101762136.0
fomaml,B_fewshot_adapt_support_to_query,inhouse_percentile,2,random_repeated,62,0.5769230723381042,-101893312.0
fomaml,B_fewshot_adapt_support_to_query,inhouse_percentile,2,random_repeated,41,0.7019230723381042,-101887456.0
fomaml,B_fewshot_adapt_support_to_query,inhouse_percentile,2,random_repeated,53,0.07692307978868484,-101893312.0
fomaml,B_fewshot_adapt_support_to_query,inhouse_percentile,2,random_repeated,13,0.10576923191547394,-101893312.0
fomaml,B_fewshot_adapt_support_to_query,inhouse_percentile,2,random_repeated,66,0.8942307829856873,-101893312.0
fomaml,B_fewshot_adapt_support_to_query,inhouse_percentile,2,random_repeated,87,0.9038461446762085,-101893312.0
fomaml,B_fewshot_adapt_support_to_query,inhouse_percentile,2,random_repeated,43,0.6442307829856873,-101893312.0
fomaml,B_fewshot_adapt_support_to_query,inhouse_percentile,2,random_repeated,23,0.3076923191547394,-101893312.0
fomaml,B_fewshot_adapt_support_to_query,inhouse_percentile,2,random_repeated,30,0.6346153616905212,-101893312.0
fomaml,B_fewshot_adapt_support_to_query,inhouse_percentile,2,random_repeated,8,0.057692307978868484,-101893312.0
fomaml,B_fewshot_adapt_support_to_query,inhouse_percentile,2,random_repeated,31,0.42307692766189575,-101893312.0
fomaml,B_fewshot_adapt_support_to_query,inhouse_percentile,2,random_repeated,78,0.4326923191547394,-101893312.0
fomaml,B_fewshot_adapt_support_to_query,inhouse_percentile,2,random_repeated,92,0.942307710647583,-101893312.0
fomaml,B_fewshot_adapt_support_to_query,inhouse_percentile,2,random_repeated,47,0.682692289352417,-101893312.0
fomaml,B_fewshot_adapt_support_to_query,inhouse_percentile,2,random_repeated,85,0.875,-101893312.0
fomaml,B_fewshot_adapt_support_to_query,inhouse_percentile,2,random_repeated,93,0.75,-101893312.0
fomaml,B_fewshot_adapt_support_to_query,inhouse_percentile,2,random_repeated,58,0.5480769276618958,-101893312.0
fomaml,B_fewshot_adapt_support_to_query,inhouse_percentile,2,random_repeated,7,0.09615384787321091,-101893312.0
fomaml,B_fewshot_adapt_support_to_query,inhouse_percentile,2,random_repeated,27,0.06730769574642181,-101893312.0
fomaml,B_fewshot_adapt_support_to_query,inhouse_percentile,2,random_repeated,1,0.18269230425357819,-101893312.0
metasgd,B_fewshot_adapt_support_to_query,raw_inhouse_target,2,random_repeated,103,0.6471306330883555,-1.6717799926971032e+24
metasgd,B_fewshot_adapt_support_to_query,raw_inhouse_target,2,random_repeated,62,0.5763148594927118,-1.855106329375014e+24
metasgd,B_fewshot_adapt_support_to_query,raw_inhouse_target,2,random_repeated,41,0.6377319120803782,-1.5954955001929104e+24
metasgd,B_fewshot_adapt_support_to_query,raw_inhouse_target,2,random_repeated,53,0.16259722477569558,-1.6914351426228288e+24
metasgd,B_fewshot_adapt_support_to_query,raw_inhouse_target,2,random_repeated,13,0.17950464805909924,-2.0066817842768047e+24
metasgd,B_fewshot_adapt_support_to_query,raw_inhouse_target,2,random_repeated,66,0.7681532100647782,-1.7843343869299108e+24
metasgd,B_fewshot_adapt_support_to_query,raw_inhouse_target,2,random_repeated,87,0.7716784767680998,-1.791008937750456e+24
metasgd,B_fewshot_adapt_support_to_query,raw_inhouse_target,2,random_repeated,43,0.6136297737764471,-1.88307966384129e+24
metasgd,B_fewshot_adapt_support_to_query,raw_inhouse_target,2,random_repeated,23,0.36241321109052227,-1.9939244195979538e+24
metasgd,B_fewshot_adapt_support_to_query,raw_inhouse_target,2,random_repeated,30,0.5986688106192481,-2.03901575610388e+24
metasgd,B_fewshot_adapt_support_to_query,raw_inhouse_target,2,random_repeated,8,0.1459604384601472,-2.0002783141250302e+24
metasgd,B_fewshot_adapt_support_to_query,raw_inhouse_target,2,random_repeated,31,0.4373763137086527,-1.7825645083051513e+24
metasgd,B_fewshot_adapt_support_to_query,raw_inhouse_target,2,random_repeated,78,0.4474676542283091,-2.0101543838486805e+24
metasgd,B_fewshot_adapt_support_to_query,raw_inhouse_target,2,random_repeated,92,0.7916862503095949,-1.847041066989537e+24
metasgd,B_fewshot_adapt_support_to_query,raw_inhouse_target,2,random_repeated,47,0.6273633871473753,-1.749707830690925e+24
metasgd,B_fewshot_adapt_support_to_query,raw_inhouse_target,2,random_repeated,85,0.76035675302239,-1.7880816700502592e+24
metasgd,B_fewshot_adapt_support_to_query,raw_inhouse_target,2,random_repeated,93,0.665395662177569,-1.7896729899569928e+24
metasgd,B_fewshot_adapt_support_to_query,raw_inhouse_target,2,random_repeated,58,0.5619024690394058,-1.8568374410141812e+24
metasgd,B_fewshot_adapt_support_to_query,raw_inhouse_target,2,random_repeated,7,0.17895376007702582,-1.994515868329817e+24
metasgd,B_fewshot_adapt_support_to_query,raw_inhouse_target,2,random_repeated,27,0.15802080318424067,-2.0002141828663364e+24
metasgd,B_fewshot_adapt_support_to_query,raw_inhouse_target,2,random_repeated,1,0.24854383135427813,-2.0012858234048685e+24
metasgd,B_fewshot_adapt_support_to_query,inhouse_percentile,2,random_repeated,103,0.7211538553237915,-2.8951172388855976e+26
metasgd,B_fewshot_adapt_support_to_query,inhouse_percentile,2,random_repeated,62,0.5769230723381042,-3.213718703415146e+26
metasgd,B_fewshot_adapt_support_to_query,inhouse_percentile,2,random_repeated,41,0.7019230723381042,-2.771476092057152e+26
metasgd,B_fewshot_adapt_support_to_query,inhouse_percentile,2,random_repeated,53,0.07692307978868484,-2.939557474501012e+26
metasgd,B_fewshot_adapt_support_to_query,inhouse_percentile,2,random_repeated,13,0.10576923191547394,-3.4815480874259796e+26
metasgd,B_fewshot_adapt_support_to_query,inhouse_percentile,2,random_repeated,66,0.8942307829856873,-3.093520272433177e+26
metasgd,B_fewshot_adapt_support_to_query,inhouse_percentile,2,random_repeated,87,0.9038461446762085,-3.1044796675548085e+26
metasgd,B_fewshot_adapt_support_to_query,inhouse_percentile,2,random_repeated,43,0.6442307829856873,-3.2619373856191785e+26
metasgd,B_fewshot_adapt_support_to_query,inhouse_percentile,2,random_repeated,23,0.3076923191547394,-3.450350953848522e+26
metasgd,B_fewshot_adapt_support_to_query,inhouse_percentile,2,random_repeated,30,0.6346153616905212,-3.5302449092364025e+26
metasgd,B_fewshot_adapt_support_to_query,inhouse_percentile,2,random_repeated,8,0.057692307978868484,-3.466300377709533e+26
metasgd,B_fewshot_adapt_support_to_query,inhouse_percentile,2,random_repeated,31,0.42307692766189575,-3.086089001583083e+26
metasgd,B_fewshot_adapt_support_to_query,inhouse_percentile,2,random_repeated,78,0.4326923191547394,-3.475978277520364e+26
metasgd,B_fewshot_adapt_support_to_query,inhouse_percentile,2,random_repeated,92,0.942307710647583,-3.19550807766558e+26
metasgd,B_fewshot_adapt_support_to_query,inhouse_percentile,2,random_repeated,47,0.682692289352417,-3.0332156524469316e+26
metasgd,B_fewshot_adapt_support_to_query,inhouse_percentile,2,random_repeated,85,0.875,-3.0996993782955475e+26
metasgd,B_fewshot_adapt_support_to_query,inhouse_percentile,2,random_repeated,93,0.75,-3.102584818003557e+26
metasgd,B_fewshot_adapt_support_to_query,inhouse_percentile,2,random_repeated,58,0.5480769276618958,-3.216498996681936e+26
metasgd,B_fewshot_adapt_support_to_query,inhouse_percentile,2,random_repeated,7,0.09615384787321091,-3.451569545762031e+26
metasgd,B_fewshot_adapt_support_to_query,inhouse_percentile,2,random_repeated,27,0.06730769574642181,-3.465664333973871e+26
metasgd,B_fewshot_adapt_support_to_query,inhouse_percentile,2,random_repeated,1,0.18269230425357819,-3.4673761918239115e+26
supervised_ann,B_fewshot_adapt_support_to_query,raw_inhouse_target,2,random_repeated,103,0.6471306330883555,0.42973485589027405
supervised_ann,B_fewshot_adapt_support_to_query,raw_inhouse_target,2,random_repeated,62,0.5763148594927118,0.40170806646347046
supervised_ann,B_fewshot_adapt_support_to_query,raw_inhouse_target,2,random_repeated,41,0.6377319120803782,0.444519579410553
supervised_ann,B_fewshot_adapt_support_to_query,raw_inhouse_target,2,random_repeated,53,0.16259722477569558,0.3948190212249756
supervised_ann,B_fewshot_adapt_support_to_query,raw_inhouse_target,2,random_repeated,13,0.17950464805909924,0.3082076907157898
supervised_ann,B_fewshot_adapt_support_to_query,raw_inhouse_target,2,random_repeated,66,0.7681532100647782,0.43824219703674316
supervised_ann,B_fewshot_adapt_support_to_query,raw_inhouse_target,2,random_repeated,87,0.7716784767680998,0.43358123302459717
supervised_ann,B_fewshot_adapt_support_to_query,raw_inhouse_target,2,random_repeated,43,0.6136297737764471,0.37259340286254883
supervised_ann,B_fewshot_adapt_support_to_query,raw_inhouse_target,2,random_repeated,23,0.36241321109052227,0.2889593243598938
supervised_ann,B_fewshot_adapt_support_to_query,raw_inhouse_target,2,random_repeated,30,0.5986688106192481,0.36721041798591614
supervised_ann,B_fewshot_adapt_support_to_query,raw_inhouse_target,2,random_repeated,8,0.1459604384601472,0.28490084409713745
supervised_ann,B_fewshot_adapt_support_to_query,raw_inhouse_target,2,random_repeated,31,0.4373763137086527,0.41876286268234253
supervised_ann,B_fewshot_adapt_support_to_query,raw_inhouse_target,2,random_repeated,78,0.4474676542283091,0.4008156359195709
supervised_ann,B_fewshot_adapt_support_to_query,raw_inhouse_target,2,random_repeated,92,0.7916862503095949,0.4478328824043274
supervised_ann,B_fewshot_adapt_support_to_query,raw_inhouse_target,2,random_repeated,47,0.6273633871473753,0.4585147500038147
supervised_ann,B_fewshot_adapt_support_to_query,raw_inhouse_target,2,random_repeated,85,0.76035675302239,0.4432874619960785
supervised_ann,B_fewshot_adapt_support_to_query,raw_inhouse_target,2,random_repeated,93,0.665395662177569,0.4214487075805664
supervised_ann,B_fewshot_adapt_support_to_query,raw_inhouse_target,2,random_repeated,58,0.5619024690394058,0.4011497497558594
supervised_ann,B_fewshot_adapt_support_to_query,raw_inhouse_target,2,random_repeated,7,0.17895376007702582,0.3537585735321045
supervised_ann,B_fewshot_adapt_support_to_query,raw_inhouse_target,2,random_repeated,27,0.15802080318424067,0.3165651559829712
supervised_ann,B_fewshot_adapt_support_to_query,raw_inhouse_target,2,random_repeated,1,0.24854383135427813,0.3311261534690857
supervised_ann,B_fewshot_adapt_support_to_query,inhouse_percentile,2,random_repeated,103,0.7211538553237915,0.026682784780859947
supervised_ann,B_fewshot_adapt_support_to_query,inhouse_percentile,2,random_repeated,62,0.5769230723381042,-0.04259469360113144
supervised_ann,B_fewshot_adapt_support_to_query,inhouse_percentile,2,random_repeated,41,0.7019230723381042,-0.2201056331396103
supervised_ann,B_fewshot_adapt_support_to_query,inhouse_percentile,2,random_repeated,53,0.07692307978868484,0.09865694493055344
supervised_ann,B_fewshot_adapt_support_to_query,inhouse_percentile,2,random_repeated,13,0.10576923191547394,-0.5897012948989868
supervised_ann,B_fewshot_adapt_support_to_query,inhouse_percentile,2,random_repeated,66,0.8942307829856873,-0.08830461651086807
supervised_ann,B_fewshot_adapt_support_to_query,inhouse_percentile,2,random_repeated,87,0.9038461446762085,-0.07331208139657974
supervised_ann,B_fewshot_adapt_support_to_query,inhouse_percentile,2,random_repeated,43,0.6442307829856873,-0.19248852133750916
supervised_ann,B_fewshot_adapt_support_to_query,inhouse_percentile,2,random_repeated,23,0.3076923191547394,-0.37881991267204285
supervised_ann,B_fewshot_adapt_support_to_query,inhouse_percentile,2,random_repeated,30,0.6346153616905212,0.1517738252878189
supervised_ann,B_fewshot_adapt_support_to_query,inhouse_percentile,2,random_repeated,8,0.057692307978868484,-0.4679347574710846
supervised_ann,B_fewshot_adapt_support_to_query,inhouse_percentile,2,random_repeated,31,0.42307692766189575,-0.135396346449852
supervised_ann,B_fewshot_adapt_support_to_query,inhouse_percentile,2,random_repeated,78,0.4326923191547394,-0.0442952886223793
supervised_ann,B_fewshot_adapt_support_to_query,inhouse_percentile,2,random_repeated,92,0.942307710647583,0.01992146484553814
supervised_ann,B_fewshot_adapt_support_to_query,inhouse_percentile,2,random_repeated,47,0.682692289352417,-0.07972259074449539
supervised_ann,B_fewshot_adapt_support_to_query,inhouse_percentile,2,random_repeated,85,0.875,-0.02524731494486332
supervised_ann,B_fewshot_adapt_support_to_query,inhouse_percentile,2,random_repeated,93,0.75,-0.0882633849978447
supervised_ann,B_fewshot_adapt_support_to_query,inhouse_percentile,2,random_repeated,58,0.5480769276618958,-0.05901730805635452
supervised_ann,B_fewshot_adapt_support_to_query,inhouse_percentile,2,random_repeated,7,0.09615384787321091,-0.2400333732366562
supervised_ann,B_fewshot_adapt_support_to_query,inhouse_percentile,2,random_repeated,27,0.06730769574642181,-0.4611450731754303
supervised_ann,B_fewshot_adapt_support_to_query,inhouse_percentile,2,random_repeated,1,0.18269230425357819,-0.14029590785503387
maml,B_fewshot_adapt_support_to_query,raw_inhouse_target,3,random_repeated,56,0.676069693879939,-1686850944.0
maml,B_fewshot_adapt_support_to_query,raw_inhouse_target,3,random_repeated,10,0.2580585765753896,-1686850944.0
maml,B_fewshot_adapt_support_to_query,raw_inhouse_target,3,random_repeated,76,0.46415337042920773,-1686850944.0
maml,B_fewshot_adapt_support_to_query,raw_inhouse_target,3,random_repeated,94,0.5959327298672837,-1686850944.0
maml,B_fewshot_adapt_support_to_query,raw_inhouse_target,3,random_repeated,19,0.3461983072767217,-1686850944.0
maml,B_fewshot_adapt_support_to_query,raw_inhouse_target,3,random_repeated,34,0.6705041576041141,-1686850944.0
maml,B_fewshot_adapt_support_to_query,raw_inhouse_target,3,random_repeated,99,0.7521442353995029,-1686850944.0
maml,B_fewshot_adapt_support_to_query,raw_inhouse_target,3,random_repeated,100,0.8899457183347337,-1686850944.0
maml,B_fewshot_adapt_support_to_query,raw_inhouse_target,3,random_repeated,98,0.7374909784281607,-1686850944.0
maml,B_fewshot_adapt_support_to_query,raw_inhouse_target,3,random_repeated,30,0.5986688106192481,-1686850944.0
maml,B_fewshot_adapt_support_to_query,raw_inhouse_target,3,random_repeated,60,0.5483164824186075,-1686850944.0
maml,B_fewshot_adapt_support_to_query,raw_inhouse_target,3,random_repeated,69,0.4818535458193168,-1686850944.0
maml,B_fewshot_adapt_support_to_query,raw_inhouse_target,3,random_repeated,73,0.4566549309911151,-1686850944.0
maml,B_fewshot_adapt_support_to_query,raw_inhouse_target,3,random_repeated,75,0.589140108951609,-1686850944.0
maml,B_fewshot_adapt_support_to_query,raw_inhouse_target,3,random_repeated,3,0.25755472955208975,-1686850944.0
maml,B_fewshot_adapt_support_to_query,raw_inhouse_target,3,random_repeated,52,0.21752824156773537,-1686850944.0
maml,B_fewshot_adapt_support_to_query,raw_inhouse_target,3,random_repeated,16,0.19256117908371134,-1686850944.0
maml,B_fewshot_adapt_support_to_query,raw_inhouse_target,3,random_repeated,65,0.7257684721288807,-1686850944.0
maml,B_fewshot_adapt_support_to_query,raw_inhouse_target,3,random_repeated,88,0.7501729079419943,-1686850944.0
maml,B_fewshot_adapt_support_to_query,raw_inhouse_target,3,random_repeated,93,0.665395662177569,-1686850944.0
maml,B_fewshot_adapt_support_to_query,raw_inhouse_target,3,random_repeated,27,0.15802080318424067,-1686850944.0
maml,B_fewshot_adapt_support_to_query,inhouse_percentile,3,random_repeated,56,0.7788461446762085,-68774848.0
maml,B_fewshot_adapt_support_to_query,inhouse_percentile,3,random_repeated,10,0.20192307233810425,-68774848.0
maml,B_fewshot_adapt_support_to_query,inhouse_percentile,3,random_repeated,76,0.4711538553237915,-68774848.0
maml,B_fewshot_adapt_support_to_query,inhouse_percentile,3,random_repeated,94,0.625,-68749096.0
maml,B_fewshot_adapt_support_to_query,inhouse_percentile,3,random_repeated,19,0.2788461446762085,-68774848.0
maml,B_fewshot_adapt_support_to_query,inhouse_percentile,3,random_repeated,34,0.7692307829856873,-68774848.0
maml,B_fewshot_adapt_support_to_query,inhouse_percentile,3,random_repeated,99,0.8461538553237915,-68774848.0
maml,B_fewshot_adapt_support_to_query,inhouse_percentile,3,random_repeated,100,0.9903846383094788,-68774848.0
maml,B_fewshot_adapt_support_to_query,inhouse_percentile,3,random_repeated,98,0.8269230723381042,-68774848.0
maml,B_fewshot_adapt_support_to_query,inhouse_percentile,3,random_repeated,30,0.6346153616905212,-68774848.0
maml,B_fewshot_adapt_support_to_query,inhouse_percentile,3,random_repeated,60,0.5384615659713745,-68774848.0
maml,B_fewshot_adapt_support_to_query,inhouse_percentile,3,random_repeated,69,0.49038460850715637,-68774848.0
maml,B_fewshot_adapt_support_to_query,inhouse_percentile,3,random_repeated,73,0.4615384638309479,-68774848.0
maml,B_fewshot_adapt_support_to_query,inhouse_percentile,3,random_repeated,75,0.5961538553237915,-68774848.0
maml,B_fewshot_adapt_support_to_query,inhouse_percentile,3,random_repeated,3,0.19230769574642181,-68774848.0
maml,B_fewshot_adapt_support_to_query,inhouse_percentile,3,random_repeated,52,0.14423076808452606,-68774848.0
maml,B_fewshot_adapt_support_to_query,inhouse_percentile,3,random_repeated,16,0.125,-68774848.0
maml,B_fewshot_adapt_support_to_query,inhouse_percentile,3,random_repeated,65,0.817307710647583,-68774848.0
maml,B_fewshot_adapt_support_to_query,inhouse_percentile,3,random_repeated,88,0.8365384340286255,-68774848.0
maml,B_fewshot_adapt_support_to_query,inhouse_percentile,3,random_repeated,93,0.75,-68774848.0
maml,B_fewshot_adapt_support_to_query,inhouse_percentile,3,random_repeated,27,0.06730769574642181,-68774848.0
fomaml,B_fewshot_adapt_support_to_query,raw_inhouse_target,3,random_repeated,56,0.676069693879939,-1.282633750065814e+19
fomaml,B_fewshot_adapt_support_to_query,raw_inhouse_target,3,random_repeated,10,0.2580585765753896,-1.384868980044333e+19
fomaml,B_fewshot_adapt_support_to_query,raw_inhouse_target,3,random_repeated,76,0.46415337042920773,-1.328899220241698e+19
fomaml,B_fewshot_adapt_support_to_query,raw_inhouse_target,3,random_repeated,94,0.5959327298672837,-1.2375390398711857e+19
fomaml,B_fewshot_adapt_support_to_query,raw_inhouse_target,3,random_repeated,19,0.3461983072767217,-1.370871977120419e+19
fomaml,B_fewshot_adapt_support_to_query,raw_inhouse_target,3,random_repeated,34,0.6705041576041141,-1.245768884405089e+19
fomaml,B_fewshot_adapt_support_to_query,raw_inhouse_target,3,random_repeated,99,0.7521442353995029,-1.1966775593946579e+19
fomaml,B_fewshot_adapt_support_to_query,raw_inhouse_target,3,random_repeated,100,0.8899457183347337,-1.289551657325455e+19
fomaml,B_fewshot_adapt_support_to_query,raw_inhouse_target,3,random_repeated,98,0.7374909784281607,-1.2411141019288994e+19
fomaml,B_fewshot_adapt_support_to_query,raw_inhouse_target,3,random_repeated,30,0.5986688106192481,-1.4071983019858592e+19
fomaml,B_fewshot_adapt_support_to_query,raw_inhouse_target,3,random_repeated,60,0.5483164824186075,-1.3061131611699937e+19
fomaml,B_fewshot_adapt_support_to_query,raw_inhouse_target,3,random_repeated,69,0.4818535458193168,-1.1966775593946579e+19
fomaml,B_fewshot_adapt_support_to_query,raw_inhouse_target,3,random_repeated,73,0.4566549309911151,-1.222785462996199e+19
fomaml,B_fewshot_adapt_support_to_query,raw_inhouse_target,3,random_repeated,75,0.589140108951609,-1.3137323369458303e+19
fomaml,B_fewshot_adapt_support_to_query,raw_inhouse_target,3,random_repeated,3,0.25755472955208975,-1.3902185439181144e+19
fomaml,B_fewshot_adapt_support_to_query,raw_inhouse_target,3,random_repeated,52,0.21752824156773537,-1.184594256458888e+19
fomaml,B_fewshot_adapt_support_to_query,raw_inhouse_target,3,random_repeated,16,0.19256117908371134,-1.3712247004506096e+19
fomaml,B_fewshot_adapt_support_to_query,raw_inhouse_target,3,random_repeated,65,0.7257684721288807,-1.2141009704042103e+19
fomaml,B_fewshot_adapt_support_to_query,raw_inhouse_target,3,random_repeated,88,0.7501729079419943,-1.2451824049028334e+19
fomaml,B_fewshot_adapt_support_to_query,raw_inhouse_target,3,random_repeated,93,0.665395662177569,-1.243217907477486e+19
fomaml,B_fewshot_adapt_support_to_query,raw_inhouse_target,3,random_repeated,27,0.15802080318424067,-1.384670298293194e+19
fomaml,B_fewshot_adapt_support_to_query,inhouse_percentile,3,random_repeated,56,0.7788461446762085,-3.591263962844365e+16
fomaml,B_fewshot_adapt_support_to_query,inhouse_percentile,3,random_repeated,10,0.20192307233810425,-3.650178888237056e+16
fomaml,B_fewshot_adapt_support_to_query,inhouse_percentile,3,random_repeated,76,0.4711538553237915,-3.4383300558585856e+16
fomaml,B_fewshot_adapt_support_to_query,inhouse_percentile,3,random_repeated,94,0.625,-2.961362770722816e+16
fomaml,B_fewshot_adapt_support_to_query,inhouse_percentile,3,random_repeated,19,0.2788461446762085,-3.2913186940256256e+16
fomaml,B_fewshot_adapt_support_to_query,inhouse_percentile,3,random_repeated,34,0.7692307829856873,-3.765024595745178e+16
fomaml,B_fewshot_adapt_support_to_query,inhouse_percentile,3,random_repeated,99,0.8461538553237915,-3.687112171008819e+16
fomaml,B_fewshot_adapt_support_to_query,inhouse_percentile,3,random_repeated,100,0.9903846383094788,-3.321821122265088e+16
fomaml,B_fewshot_adapt_support_to_query,inhouse_percentile,3,random_repeated,98,0.8269230723381042,-3.803078864981197e+16
fomaml,B_fewshot_adapt_support_to_query,inhouse_percentile,3,random_repeated,30,0.6346153616905212,-3.566930396132147e+16
fomaml,B_fewshot_adapt_support_to_query,inhouse_percentile,3,random_repeated,60,0.5384615659713745,-3.35623776894976e+16
fomaml,B_fewshot_adapt_support_to_query,inhouse_percentile,3,random_repeated,69,0.49038460850715637,-3.687112171008819e+16
fomaml,B_fewshot_adapt_support_to_query,inhouse_percentile,3,random_repeated,73,0.4615384638309479,-3.530856106819584e+16
fomaml,B_fewshot_adapt_support_to_query,inhouse_percentile,3,random_repeated,75,0.5961538553237915,-3.4187516621881344e+16
fomaml,B_fewshot_adapt_support_to_query,inhouse_percentile,3,random_repeated,3,0.19230769574642181,-3.70537608993833e+16
fomaml,B_fewshot_adapt_support_to_query,inhouse_percentile,3,random_repeated,52,0.14423076808452606,-3.636026541500006e+16
fomaml,B_fewshot_adapt_support_to_query,inhouse_percentile,3,random_repeated,16,0.125,-3.299207904703283e+16
fomaml,B_fewshot_adapt_support_to_query,inhouse_percentile,3,random_repeated,65,0.817307710647583,-3.744949918603674e+16
fomaml,B_fewshot_adapt_support_to_query,inhouse_percentile,3,random_repeated,88,0.8365384340286255,-3.760560406737715e+16
fomaml,B_fewshot_adapt_support_to_query,inhouse_percentile,3,random_repeated,93,0.75,-3.749521481793536e+16
fomaml,B_fewshot_adapt_support_to_query,inhouse_percentile,3,random_repeated,27,0.06730769574642181,-3.660563260165325e+16
metasgd,B_fewshot_adapt_support_to_query,raw_inhouse_target,3,random_repeated,56,0.676069693879939,-2772222607360.0
metasgd,B_fewshot_adapt_support_to_query,raw_inhouse_target,3,random_repeated,10,0.2580585765753896,-2772222607360.0
metasgd,B_fewshot_adapt_support_to_query,raw_inhouse_target,3,random_repeated,76,0.46415337042920773,-2772222607360.0
metasgd,B_fewshot_adapt_support_to_query,raw_inhouse_target,3,random_repeated,94,0.5959327298672837,-2772222607360.0
metasgd,B_fewshot_adapt_support_to_query,raw_inhouse_target,3,random_repeated,19,0.3461983072767217,-2772222607360.0
metasgd,B_fewshot_adapt_support_to_query,raw_inhouse_target,3,random_repeated,34,0.6705041576041141,-2772222607360.0
metasgd,B_fewshot_adapt_support_to_query,raw_inhouse_target,3,random_repeated,99,0.7521442353995029,-2772222607360.0
metasgd,B_fewshot_adapt_support_to_query,raw_inhouse_target,3,random_repeated,100,0.8899457183347337,-2772222607360.0
metasgd,B_fewshot_adapt_support_to_query,raw_inhouse_target,3,random_repeated,98,0.7374909784281607,-2772222607360.0
metasgd,B_fewshot_adapt_support_to_query,raw_inhouse_target,3,random_repeated,30,0.5986688106192481,-2772222607360.0
metasgd,B_fewshot_adapt_support_to_query,raw_inhouse_target,3,random_repeated,60,0.5483164824186075,-2772222607360.0
metasgd,B_fewshot_adapt_support_to_query,raw_inhouse_target,3,random_repeated,69,0.4818535458193168,-2772222607360.0
metasgd,B_fewshot_adapt_support_to_query,raw_inhouse_target,3,random_repeated,73,0.4566549309911151,-2772222607360.0
metasgd,B_fewshot_adapt_support_to_query,raw_inhouse_target,3,random_repeated,75,0.589140108951609,-2772222607360.0
metasgd,B_fewshot_adapt_support_to_query,raw_inhouse_target,3,random_repeated,3,0.25755472955208975,-2772222607360.0
metasgd,B_fewshot_adapt_support_to_query,raw_inhouse_target,3,random_repeated,52,0.21752824156773537,-2772222607360.0
metasgd,B_fewshot_adapt_support_to_query,raw_inhouse_target,3,random_repeated,16,0.19256117908371134,-2772222607360.0
metasgd,B_fewshot_adapt_support_to_query,raw_inhouse_target,3,random_repeated,65,0.7257684721288807,-2772222607360.0
metasgd,B_fewshot_adapt_support_to_query,raw_inhouse_target,3,random_repeated,88,0.7501729079419943,-2772222607360.0
metasgd,B_fewshot_adapt_support_to_query,raw_inhouse_target,3,random_repeated,93,0.665395662177569,-2772222607360.0
metasgd,B_fewshot_adapt_support_to_query,raw_inhouse_target,3,random_repeated,27,0.15802080318424067,-2772222607360.0
metasgd,B_fewshot_adapt_support_to_query,inhouse_percentile,3,random_repeated,56,0.7788461446762085,-5.319632280184452e+24
metasgd,B_fewshot_adapt_support_to_query,inhouse_percentile,3,random_repeated,10,0.20192307233810425,-5.857060298488658e+24
metasgd,B_fewshot_adapt_support_to_query,inhouse_percentile,3,random_repeated,76,0.4711538553237915,-5.560398607373756e+24
metasgd,B_fewshot_adapt_support_to_query,inhouse_percentile,3,random_repeated,94,0.625,-5.124560843908735e+24
metasgd,B_fewshot_adapt_support_to_query,inhouse_percentile,3,random_repeated,19,0.2788461446762085,-5.781837934920584e+24
metasgd,B_fewshot_adapt_support_to_query,inhouse_percentile,3,random_repeated,34,0.7692307829856873,-5.120175706965962e+24
metasgd,B_fewshot_adapt_support_to_query,inhouse_percentile,3,random_repeated,99,0.8461538553237915,-4.848130042895922e+24
metasgd,B_fewshot_adapt_support_to_query,inhouse_percentile,3,random_repeated,100,0.9903846383094788,-5.343754280364588e+24
metasgd,B_fewshot_adapt_support_to_query,inhouse_percentile,3,random_repeated,98,0.8269230723381042,-5.088978227512053e+24
metasgd,B_fewshot_adapt_support_to_query,inhouse_percentile,3,random_repeated,30,0.6346153616905212,-5.959944131256011e+24
metasgd,B_fewshot_adapt_support_to_query,inhouse_percentile,3,random_repeated,60,0.5384615659713745,-5.452590070399475e+24
metasgd,B_fewshot_adapt_support_to_query,inhouse_percentile,3,random_repeated,69,0.49038460850715637,-4.848130042895922e+24
metasgd,B_fewshot_adapt_support_to_query,inhouse_percentile,3,random_repeated,73,0.4615384638309479,-4.992731763846722e+24
metasgd,B_fewshot_adapt_support_to_query,inhouse_percentile,3,random_repeated,75,0.5961538553237915,-5.483087726500087e+24
metasgd,B_fewshot_adapt_support_to_query,inhouse_percentile,3,random_repeated,3,0.19230769574642181,-5.879165838957237e+24
metasgd,B_fewshot_adapt_support_to_query,inhouse_percentile,3,random_repeated,52,0.14423076808452606,-4.82592506294757e+24
metasgd,B_fewshot_adapt_support_to_query,inhouse_percentile,3,random_repeated,16,0.125,-5.783119407172955e+24
metasgd,B_fewshot_adapt_support_to_query,inhouse_percentile,3,random_repeated,65,0.817307710647583,-4.949785437800117e+24
metasgd,B_fewshot_adapt_support_to_query,inhouse_percentile,3,random_repeated,88,0.8365384340286255,-5.111624488166293e+24
metasgd,B_fewshot_adapt_support_to_query,inhouse_percentile,3,random_repeated,93,0.75,-5.104480986523749e+24
metasgd,B_fewshot_adapt_support_to_query,inhouse_percentile,3,random_repeated,27,0.06730769574642181,-5.854767137615995e+24
supervised_ann,B_fewshot_adapt_support_to_query,raw_inhouse_target,3,random_repeated,56,0.676069693879939,0.5417113304138184
supervised_ann,B_fewshot_adapt_support_to_query,raw_inhouse_target,3,random_repeated,10,0.2580585765753896,0.0957825630903244
supervised_ann,B_fewshot_adapt_support_to_query,raw_inhouse_target,3,random_repeated,76,0.46415337042920773,0.5176997184753418
supervised_ann,B_fewshot_adapt_support_to_query,raw_inhouse_target,3,random_repeated,94,0.5959327298672837,0.5919727087020874
supervised_ann,B_fewshot_adapt_support_to_query,raw_inhouse_target,3,random_repeated,19,0.3461983072767217,0.18763910233974457
supervised_ann,B_fewshot_adapt_support_to_query,raw_inhouse_target,3,random_repeated,34,0.6705041576041141,0.40243926644325256
supervised_ann,B_fewshot_adapt_support_to_query,raw_inhouse_target,3,random_repeated,99,0.7521442353995029,0.9219634532928467
supervised_ann,B_fewshot_adapt_support_to_query,raw_inhouse_target,3,random_repeated,100,0.8899457183347337,0.7814799547195435
supervised_ann,B_fewshot_adapt_support_to_query,raw_inhouse_target,3,random_repeated,98,0.7374909784281607,0.7765889167785645
supervised_ann,B_fewshot_adapt_support_to_query,raw_inhouse_target,3,random_repeated,30,0.5986688106192481,0.5011059641838074
supervised_ann,B_fewshot_adapt_support_to_query,raw_inhouse_target,3,random_repeated,60,0.5483164824186075,0.5159448385238647
supervised_ann,B_fewshot_adapt_support_to_query,raw_inhouse_target,3,random_repeated,69,0.4818535458193168,0.9219634532928467
supervised_ann,B_fewshot_adapt_support_to_query,raw_inhouse_target,3,random_repeated,73,0.4566549309911151,0.8616831302642822
supervised_ann,B_fewshot_adapt_support_to_query,raw_inhouse_target,3,random_repeated,75,0.589140108951609,0.53623366355896
supervised_ann,B_fewshot_adapt_support_to_query,raw_inhouse_target,3,random_repeated,3,0.25755472955208975,0.27732399106025696
supervised_ann,B_fewshot_adapt_support_to_query,raw_inhouse_target,3,random_repeated,52,0.21752824156773537,0.6599567532539368
supervised_ann,B_fewshot_adapt_support_to_query,raw_inhouse_target,3,random_repeated,16,0.19256117908371134,-0.007435085251927376
supervised_ann,B_fewshot_adapt_support_to_query,raw_inhouse_target,3,random_repeated,65,0.7257684721288807,0.8440895080566406
supervised_ann,B_fewshot_adapt_support_to_query,raw_inhouse_target,3,random_repeated,88,0.7501729079419943,0.758265495300293
supervised_ann,B_fewshot_adapt_support_to_query,raw_inhouse_target,3,random_repeated,93,0.665395662177569,0.6196079254150391
supervised_ann,B_fewshot_adapt_support_to_query,raw_inhouse_target,3,random_repeated,27,0.15802080318424067,0.1098255068063736
supervised_ann,B_fewshot_adapt_support_to_query,inhouse_percentile,3,random_repeated,56,0.7788461446762085,0.2416379302740097
supervised_ann,B_fewshot_adapt_support_to_query,inhouse_percentile,3,random_repeated,10,0.20192307233810425,-0.21096034348011017
supervised_ann,B_fewshot_adapt_support_to_query,inhouse_percentile,3,random_repeated,76,0.4711538553237915,0.2750024199485779
supervised_ann,B_fewshot_adapt_support_to_query,inhouse_percentile,3,random_repeated,94,0.625,0.3722808063030243
supervised_ann,B_fewshot_adapt_support_to_query,inhouse_percentile,3,random_repeated,19,0.2788461446762085,0.07862034440040588
supervised_ann,B_fewshot_adapt_support_to_query,inhouse_percentile,3,random_repeated,34,0.7692307829856873,0.21523474156856537
supervised_ann,B_fewshot_adapt_support_to_query,inhouse_percentile,3,random_repeated,99,0.8461538553237915,0.4822657108306885
supervised_ann,B_fewshot_adapt_support_to_query,inhouse_percentile,3,random_repeated,100,0.9903846383094788,0.3224846124649048
supervised_ann,B_fewshot_adapt_support_to_query,inhouse_percentile,3,random_repeated,98,0.8269230723381042,0.34341758489608765
supervised_ann,B_fewshot_adapt_support_to_query,inhouse_percentile,3,random_repeated,30,0.6346153616905212,0.015525711700320244
supervised_ann,B_fewshot_adapt_support_to_query,inhouse_percentile,3,random_repeated,60,0.5384615659713745,0.22713352739810944
supervised_ann,B_fewshot_adapt_support_to_query,inhouse_percentile,3,random_repeated,69,0.49038460850715637,0.4822657108306885
supervised_ann,B_fewshot_adapt_support_to_query,inhouse_percentile,3,random_repeated,73,0.4615384638309479,0.43679192662239075
supervised_ann,B_fewshot_adapt_support_to_query,inhouse_percentile,3,random_repeated,75,0.5961538553237915,0.3015834391117096
supervised_ann,B_fewshot_adapt_support_to_query,inhouse_percentile,3,random_repeated,3,0.19230769574642181,-0.051584526896476746
supervised_ann,B_fewshot_adapt_support_to_query,inhouse_percentile,3,random_repeated,52,0.14423076808452606,0.336495041847229
supervised_ann,B_fewshot_adapt_support_to_query,inhouse_percentile,3,random_repeated,16,0.125,0.03556104749441147
supervised_ann,B_fewshot_adapt_support_to_query,inhouse_percentile,3,random_repeated,65,0.817307710647583,0.4160493016242981
supervised_ann,B_fewshot_adapt_support_to_query,inhouse_percentile,3,random_repeated,88,0.8365384340286255,0.3444417417049408
supervised_ann,B_fewshot_adapt_support_to_query,inhouse_percentile,3,random_repeated,93,0.75,0.32209306955337524
supervised_ann,B_fewshot_adapt_support_to_query,inhouse_percentile,3,random_repeated,27,0.06730769574642181,-0.2501997947692871
maml,B_fewshot_adapt_support_to_query,raw_inhouse_target,4,random_repeated,4,0.05517919651737015,-1.101000405222818e+23
maml,B_fewshot_adapt_support_to_query,raw_inhouse_target,4,random_repeated,17,0.144256165394459,-1.101359432185112e+23
maml,B_fewshot_adapt_support_to_query,raw_inhouse_target,4,random_repeated,88,0.7501729079419943,-9.82086459941802e+22
maml,B_fewshot_adapt_support_to_query,raw_inhouse_target,4,random_repeated,69,0.4818535458193168,-9.434991679745288e+22
maml,B_fewshot_adapt_support_to_query,raw_inhouse_target,4,random_repeated,68,0.6528309468621716,-1.0183191799518933e+23
maml,B_fewshot_adapt_support_to_query,raw_inhouse_target,4,random_repeated,67,0.6704965744838094,-9.623996947466922e+22
maml,B_fewshot_adapt_support_to_query,raw_inhouse_target,4,random_repeated,44,0.3351209588605774,-9.114644333210946e+22
maml,B_fewshot_adapt_support_to_query,raw_inhouse_target,4,random_repeated,84,1.0000000001541716,-9.79159750687959e+22
maml,B_fewshot_adapt_support_to_query,raw_inhouse_target,4,random_repeated,21,0.4333989964776431,-1.1120024288965065e+23
maml,B_fewshot_adapt_support_to_query,raw_inhouse_target,4,random_repeated,81,0.512433318744358,-1.0371816062712091e+23
maml,B_fewshot_adapt_support_to_query,raw_inhouse_target,4,random_repeated,77,0.3714065405003823,-1.0265665318775043e+23
maml,B_fewshot_adapt_support_to_query,raw_inhouse_target,4,random_repeated,79,0.6238685646716786,-1.0504348893266275e+23
maml,B_fewshot_adapt_support_to_query,raw_inhouse_target,4,random_repeated,16,0.19256117908371134,-1.1084830459317015e+23
maml,B_fewshot_adapt_support_to_query,raw_inhouse_target,4,random_repeated,47,0.6273633871473753,-9.57430332845859e+22
maml,B_fewshot_adapt_support_to_query,raw_inhouse_target,4,random_repeated,35,0.5867029210460343,-8.844817466576521e+22
maml,B_fewshot_adapt_support_to_query,raw_inhouse_target,4,random_repeated,89,0.7603784272900662,-1.028552349097197e+23
maml,B_fewshot_adapt_support_to_query,raw_inhouse_target,4,random_repeated,26,0.3663625473378234,-1.105199201227408e+23
maml,B_fewshot_adapt_support_to_query,raw_inhouse_target,4,random_repeated,10,0.2580585765753896,-1.1047487511926785e+23
maml,B_fewshot_adapt_support_to_query,raw_inhouse_target,4,random_repeated,2,0.22500996167718212,-1.1084979978824644e+23
maml,B_fewshot_adapt_support_to_query,raw_inhouse_target,4,random_repeated,54,0.33212902834350305,-1.0595250448865047e+23
maml,B_fewshot_adapt_support_to_query,raw_inhouse_target,4,random_repeated,32,0.5724257036590981,-1.1320873122986758e+23
maml,B_fewshot_adapt_support_to_query,inhouse_percentile,4,random_repeated,4,0.028846153989434242,-7925112832.0
maml,B_fewshot_adapt_support_to_query,inhouse_percentile,4,random_repeated,17,0.048076923936605453,-7925112832.0
maml,B_fewshot_adapt_support_to_query,inhouse_percentile,4,random_repeated,88,0.8365384340286255,-7925112832.0
maml,B_fewshot_adapt_support_to_query,inhouse_percentile,4,random_repeated,69,0.49038460850715637,-7925112832.0
maml,B_fewshot_adapt_support_to_query,inhouse_percentile,4,random_repeated,68,0.7403846383094788,-7925112832.0
maml,B_fewshot_adapt_support_to_query,inhouse_percentile,4,random_repeated,67,0.7596153616905212,-7925112832.0
maml,B_fewshot_adapt_support_to_query,inhouse_percentile,4,random_repeated,44,0.24038460850715637,-7925112832.0
maml,B_fewshot_adapt_support_to_query,inhouse_percentile,4,random_repeated,84,1.0,-7925112832.0
maml,B_fewshot_adapt_support_to_query,inhouse_percentile,4,random_repeated,21,0.39423078298568726,-7925112832.0
maml,B_fewshot_adapt_support_to_query,inhouse_percentile,4,random_repeated,81,0.5192307829856873,-7925112832.0
maml,B_fewshot_adapt_support_to_query,inhouse_percentile,4,random_repeated,77,0.32692307233810425,-7925112832.0
maml,B_fewshot_adapt_support_to_query,inhouse_percentile,4,random_repeated,79,0.6634615659713745,-7925112832.0
maml,B_fewshot_adapt_support_to_query,inhouse_percentile,4,random_repeated,16,0.125,-7925112832.0
maml,B_fewshot_adapt_support_to_query,inhouse_percentile,4,random_repeated,47,0.682692289352417,-7925112832.0
maml,B_fewshot_adapt_support_to_query,inhouse_percentile,4,random_repeated,35,0.5865384340286255,-7925112832.0
maml,B_fewshot_adapt_support_to_query,inhouse_percentile,4,random_repeated,89,0.8846153616905212,-7925112832.0
maml,B_fewshot_adapt_support_to_query,inhouse_percentile,4,random_repeated,26,0.3173076808452606,-7925112832.0
maml,B_fewshot_adapt_support_to_query,inhouse_percentile,4,random_repeated,10,0.20192307233810425,-7925112832.0
maml,B_fewshot_adapt_support_to_query,inhouse_percentile,4,random_repeated,2,0.16346153616905212,-7925112832.0
maml,B_fewshot_adapt_support_to_query,inhouse_percentile,4,random_repeated,54,0.23076923191547394,-7925112832.0
maml,B_fewshot_adapt_support_to_query,inhouse_percentile,4,random_repeated,32,0.557692289352417,-7925112832.0
fomaml,B_fewshot_adapt_support_to_query,raw_inhouse_target,4,random_repeated,4,0.05517919651737015,-114028552.0
fomaml,B_fewshot_adapt_support_to_query,raw_inhouse_target,4,random_repeated,17,0.144256165394459,-114028552.0
fomaml,B_fewshot_adapt_support_to_query,raw_inhouse_target,4,random_repeated,88,0.7501729079419943,-114028552.0
fomaml,B_fewshot_adapt_support_to_query,raw_inhouse_target,4,random_repeated,69,0.4818535458193168,-114028552.0
fomaml,B_fewshot_adapt_support_to_query,raw_inhouse_target,4,random_repeated,68,0.6528309468621716,-114028552.0
fomaml,B_fewshot_adapt_support_to_query,raw_inhouse_target,4,random_repeated,67,0.6704965744838094,-114028552.0
fomaml,B_fewshot_adapt_support_to_query,raw_inhouse_target,4,random_repeated,44,0.3351209588605774,-114028552.0
fomaml,B_fewshot_adapt_support_to_query,raw_inhouse_target,4,random_repeated,84,1.0000000001541716,-114028552.0
fomaml,B_fewshot_adapt_support_to_query,raw_inhouse_target,4,random_repeated,21,0.4333989964776431,-114028552.0
fomaml,B_fewshot_adapt_support_to_query,raw_inhouse_target,4,random_repeated,81,0.512433318744358,-114028552.0
fomaml,B_fewshot_adapt_support_to_query,raw_inhouse_target,4,random_repeated,77,0.3714065405003823,-114028552.0
fomaml,B_fewshot_adapt_support_to_query,raw_inhouse_target,4,random_repeated,79,0.6238685646716786,-114028552.0
fomaml,B_fewshot_adapt_support_to_query,raw_inhouse_target,4,random_repeated,16,0.19256117908371134,-114028552.0
fomaml,B_fewshot_adapt_support_to_query,raw_inhouse_target,4,random_repeated,47,0.6273633871473753,-114028552.0
fomaml,B_fewshot_adapt_support_to_query,raw_inhouse_target,4,random_repeated,35,0.5867029210460343,-114028552.0
fomaml,B_fewshot_adapt_support_to_query,raw_inhouse_target,4,random_repeated,89,0.7603784272900662,-114028552.0
fomaml,B_fewshot_adapt_support_to_query,raw_inhouse_target,4,random_repeated,26,0.3663625473378234,-114028552.0
fomaml,B_fewshot_adapt_support_to_query,raw_inhouse_target,4,random_repeated,10,0.2580585765753896,-114028552.0
fomaml,B_fewshot_adapt_support_to_query,raw_inhouse_target,4,random_repeated,2,0.22500996167718212,-114028552.0
fomaml,B_fewshot_adapt_support_to_query,raw_inhouse_target,4,random_repeated,54,0.33212902834350305,-114028552.0
fomaml,B_fewshot_adapt_support_to_query,raw_inhouse_target,4,random_repeated,32,0.5724257036590981,-114028552.0
fomaml,B_fewshot_adapt_support_to_query,inhouse_percentile,4,random_repeated,4,0.028846153989434242,-348077424640.0
fomaml,B_fewshot_adapt_support_to_query,inhouse_percentile,4,random_repeated,17,0.048076923936605453,-348554199040.0
fomaml,B_fewshot_adapt_support_to_query,inhouse_percentile,4,random_repeated,88,0.8365384340286255,-448413827072.0
fomaml,B_fewshot_adapt_support_to_query,inhouse_percentile,4,random_repeated,69,0.49038460850715637,-481889681408.0
fomaml,B_fewshot_adapt_support_to_query,inhouse_percentile,4,random_repeated,68,0.7403846383094788,-444388573184.0
fomaml,B_fewshot_adapt_support_to_query,inhouse_percentile,4,random_repeated,67,0.7596153616905212,-467474907136.0
fomaml,B_fewshot_adapt_support_to_query,inhouse_percentile,4,random_repeated,44,0.24038460850715637,-476675571712.0
fomaml,B_fewshot_adapt_support_to_query,inhouse_percentile,4,random_repeated,84,1.0,-445935583232.0
fomaml,B_fewshot_adapt_support_to_query,inhouse_percentile,4,random_repeated,21,0.39423078298568726,-406746169344.0
fomaml,B_fewshot_adapt_support_to_query,inhouse_percentile,4,random_repeated,81,0.5192307829856873,-432688168960.0
fomaml,B_fewshot_adapt_support_to_query,inhouse_percentile,4,random_repeated,77,0.32692307233810425,-434517344256.0
fomaml,B_fewshot_adapt_support_to_query,inhouse_percentile,4,random_repeated,79,0.6634615659713745,-410977435648.0
fomaml,B_fewshot_adapt_support_to_query,inhouse_percentile,4,random_repeated,16,0.125,-404120436736.0
fomaml,B_fewshot_adapt_support_to_query,inhouse_percentile,4,random_repeated,47,0.682692289352417,-461022625792.0
fomaml,B_fewshot_adapt_support_to_query,inhouse_percentile,4,random_repeated,35,0.5865384340286255,-461585809408.0
fomaml,B_fewshot_adapt_support_to_query,inhouse_percentile,4,random_repeated,89,0.8846153616905212,-445716103168.0
fomaml,B_fewshot_adapt_support_to_query,inhouse_percentile,4,random_repeated,26,0.3173076808452606,-351546015744.0
fomaml,B_fewshot_adapt_support_to_query,inhouse_percentile,4,random_repeated,10,0.20192307233810425,-375679123456.0
fomaml,B_fewshot_adapt_support_to_query,inhouse_percentile,4,random_repeated,2,0.16346153616905212,-403295371264.0
fomaml,B_fewshot_adapt_support_to_query,inhouse_percentile,4,random_repeated,54,0.23076923191547394,-391895973888.0
fomaml,B_fewshot_adapt_support_to_query,inhouse_percentile,4,random_repeated,32,0.557692289352417,-384195854336.0
metasgd,B_fewshot_adapt_support_to_query,raw_inhouse_target,4,random_repeated,4,0.05517919651737015,-1457036460032.0
metasgd,B_fewshot_adapt_support_to_query,raw_inhouse_target,4,random_repeated,17,0.144256165394459,-1457036460032.0
metasgd,B_fewshot_adapt_support_to_query,raw_inhouse_target,4,random_repeated,88,0.7501729079419943,-1457036460032.0
metasgd,B_fewshot_adapt_support_to_query,raw_inhouse_target,4,random_repeated,69,0.4818535458193168,-1457036460032.0
metasgd,B_fewshot_adapt_support_to_query,raw_inhouse_target,4,random_repeated,68,0.6528309468621716,-1457036460032.0
metasgd,B_fewshot_adapt_support_to_query,raw_inhouse_target,4,random_repeated,67,0.6704965744838094,-1457036460032.0
metasgd,B_fewshot_adapt_support_to_query,raw_inhouse_target,4,random_repeated,44,0.3351209588605774,-1457036460032.0
metasgd,B_fewshot_adapt_support_to_query,raw_inhouse_target,4,random_repeated,84,1.0000000001541716,-1457036460032.0
metasgd,B_fewshot_adapt_support_to_query,raw_inhouse_target,4,random_repeated,21,0.4333989964776431,-1457036460032.0
metasgd,B_fewshot_adapt_support_to_query,raw_inhouse_target,4,random_repeated,81,0.512433318744358,-1457036460032.0
metasgd,B_fewshot_adapt_support_to_query,raw_inhouse_target,4,random_repeated,77,0.3714065405003823,-1457036460032.0
metasgd,B_fewshot_adapt_support_to_query,raw_inhouse_target,4,random_repeated,79,0.6238685646716786,-1457036460032.0
metasgd,B_fewshot_adapt_support_to_query,raw_inhouse_target,4,random_repeated,16,0.19256117908371134,-1457036460032.0
metasgd,B_fewshot_adapt_support_to_query,raw_inhouse_target,4,random_repeated,47,0.6273633871473753,-1457036460032.0
metasgd,B_fewshot_adapt_support_to_query,raw_inhouse_target,4,random_repeated,35,0.5867029210460343,-1457036460032.0
metasgd,B_fewshot_adapt_support_to_query,raw_inhouse_target,4,random_repeated,89,0.7603784272900662,-1457036460032.0
metasgd,B_fewshot_adapt_support_to_query,raw_inhouse_target,4,random_repeated,26,0.3663625473378234,-1457036460032.0
metasgd,B_fewshot_adapt_support_to_query,raw_inhouse_target,4,random_repeated,10,0.2580585765753896,-1457036460032.0
metasgd,B_fewshot_adapt_support_to_query,raw_inhouse_target,4,random_repeated,2,0.22500996167718212,-1457036460032.0
metasgd,B_fewshot_adapt_support_to_query,raw_inhouse_target,4,random_repeated,54,0.33212902834350305,-1457036460032.0
metasgd,B_fewshot_adapt_support_to_query,raw_inhouse_target,4,random_repeated,32,0.5724257036590981,-1457036460032.0
metasgd,B_fewshot_adapt_support_to_query,inhouse_percentile,4,random_repeated,4,0.028846153989434242,-2.1127517156221392e+25
metasgd,B_fewshot_adapt_support_to_query,inhouse_percentile,4,random_repeated,17,0.048076923936605453,-2.1135749015764285e+25
metasgd,B_fewshot_adapt_support_to_query,inhouse_percentile,4,random_repeated,88,0.8365384340286255,-1.923703025994338e+25
metasgd,B_fewshot_adapt_support_to_query,inhouse_percentile,4,random_repeated,69,0.49038460850715637,-1.863607223151007e+25
metasgd,B_fewshot_adapt_support_to_query,inhouse_percentile,4,random_repeated,68,0.7403846383094788,-1.970291200489695e+25
metasgd,B_fewshot_adapt_support_to_query,inhouse_percentile,4,random_repeated,67,0.7596153616905212,-1.8858041902949017e+25
metasgd,B_fewshot_adapt_support_to_query,inhouse_percentile,4,random_repeated,44,0.24038460850715637,-1.8042695814891054e+25
metasgd,B_fewshot_adapt_support_to_query,inhouse_percentile,4,random_repeated,84,1.0,-1.9176716324351377e+25
metasgd,B_fewshot_adapt_support_to_query,inhouse_percentile,4,random_repeated,21,0.39423078298568726,-2.1228999612899896e+25
metasgd,B_fewshot_adapt_support_to_query,inhouse_percentile,4,random_repeated,81,0.5192307829856873,-2.0105761225350657e+25
metasgd,B_fewshot_adapt_support_to_query,inhouse_percentile,4,random_repeated,77,0.32692307233810425,-1.9921718059727257e+25
metasgd,B_fewshot_adapt_support_to_query,inhouse_percentile,4,random_repeated,79,0.6634615659713745,-2.0301213702183647e+25
metasgd,B_fewshot_adapt_support_to_query,inhouse_percentile,4,random_repeated,16,0.125,-2.115693048964692e+25
metasgd,B_fewshot_adapt_support_to_query,inhouse_percentile,4,random_repeated,47,0.682692289352417,-1.8841389104736475e+25
metasgd,B_fewshot_adapt_support_to_query,inhouse_percentile,4,random_repeated,35,0.5865384340286255,-1.7694780998288855e+25
metasgd,B_fewshot_adapt_support_to_query,inhouse_percentile,4,random_repeated,89,0.8846153616905212,-1.9862985932439575e+25
metasgd,B_fewshot_adapt_support_to_query,inhouse_percentile,4,random_repeated,26,0.3173076808452606,-2.121484865435235e+25
metasgd,B_fewshot_adapt_support_to_query,inhouse_percentile,4,random_repeated,10,0.20192307233810425,-2.113870049481608e+25
metasgd,B_fewshot_adapt_support_to_query,inhouse_percentile,4,random_repeated,2,0.16346153616905212,-2.1149879221724747e+25
metasgd,B_fewshot_adapt_support_to_query,inhouse_percentile,4,random_repeated,54,0.23076923191547394,-2.042223126083621e+25
metasgd,B_fewshot_adapt_support_to_query,inhouse_percentile,4,random_repeated,32,0.557692289352417,-2.160146935170721e+25
supervised_ann,B_fewshot_adapt_support_to_query,raw_inhouse_target,4,random_repeated,4,0.05517919651737015,0.41436105966567993
supervised_ann,B_fewshot_adapt_support_to_query,raw_inhouse_target,4,random_repeated,17,0.144256165394459,0.12692591547966003
supervised_ann,B_fewshot_adapt_support_to_query,raw_inhouse_target,4,random_repeated,88,0.7501729079419943,0.5322799682617188
supervised_ann,B_fewshot_adapt_support_to_query,raw_inhouse_target,4,random_repeated,69,0.4818535458193168,0.49930304288864136
supervised_ann,B_fewshot_adapt_support_to_query,raw_inhouse_target,4,random_repeated,68,0.6528309468621716,0.44403600692749023
supervised_ann,B_fewshot_adapt_support_to_query,raw_inhouse_target,4,random_repeated,67,0.6704965744838094,0.4837872385978699
supervised_ann,B_fewshot_adapt_support_to_query,raw_inhouse_target,4,random_repeated,44,0.3351209588605774,0.4739556610584259
supervised_ann,B_fewshot_adapt_support_to_query,raw_inhouse_target,4,random_repeated,84,1.0000000001541716,0.5190196633338928
supervised_ann,B_fewshot_adapt_support_to_query,raw_inhouse_target,4,random_repeated,21,0.4333989964776431,0.37194329500198364
supervised_ann,B_fewshot_adapt_support_to_query,raw_inhouse_target,4,random_repeated,81,0.512433318744358,0.4410208761692047
supervised_ann,B_fewshot_adapt_support_to_query,raw_inhouse_target,4,random_repeated,77,0.3714065405003823,0.4617170989513397
supervised_ann,B_fewshot_adapt_support_to_query,raw_inhouse_target,4,random_repeated,79,0.6238685646716786,0.4638116657733917
supervised_ann,B_fewshot_adapt_support_to_query,raw_inhouse_target,4,random_repeated,16,0.19256117908371134,0.21900758147239685
supervised_ann,B_fewshot_adapt_support_to_query,raw_inhouse_target,4,random_repeated,47,0.6273633871473753,0.5221658945083618
supervised_ann,B_fewshot_adapt_support_to_query,raw_inhouse_target,4,random_repeated,35,0.5867029210460343,0.6463107466697693
supervised_ann,B_fewshot_adapt_support_to_query,raw_inhouse_target,4,random_repeated,89,0.7603784272900662,0.4393641948699951
supervised_ann,B_fewshot_adapt_support_to_query,raw_inhouse_target,4,random_repeated,26,0.3663625473378234,0.3590351343154907
supervised_ann,B_fewshot_adapt_support_to_query,raw_inhouse_target,4,random_repeated,10,0.2580585765753896,0.29425230622291565
supervised_ann,B_fewshot_adapt_support_to_query,raw_inhouse_target,4,random_repeated,2,0.22500996167718212,0.20390962064266205
supervised_ann,B_fewshot_adapt_support_to_query,raw_inhouse_target,4,random_repeated,54,0.33212902834350305,0.47725361585617065
supervised_ann,B_fewshot_adapt_support_to_query,raw_inhouse_target,4,random_repeated,32,0.5724257036590981,0.40320485830307007
supervised_ann,B_fewshot_adapt_support_to_query,inhouse_percentile,4,random_repeated,4,0.028846153989434242,-0.16886213421821594
supervised_ann,B_fewshot_adapt_support_to_query,inhouse_percentile,4,random_repeated,17,0.048076923936605453,-0.05910242348909378
supervised_ann,B_fewshot_adapt_support_to_query,inhouse_percentile,4,random_repeated,88,0.8365384340286255,0.7315082550048828
supervised_ann,B_fewshot_adapt_support_to_query,inhouse_percentile,4,random_repeated,69,0.49038460850715637,0.9667893052101135
supervised_ann,B_fewshot_adapt_support_to_query,inhouse_percentile,4,random_repeated,68,0.7403846383094788,0.6335108280181885
supervised_ann,B_fewshot_adapt_support_to_query,inhouse_percentile,4,random_repeated,67,0.7596153616905212,0.8420314788818359
supervised_ann,B_fewshot_adapt_support_to_query,inhouse_percentile,4,random_repeated,44,0.24038460850715637,0.9106207489967346
supervised_ann,B_fewshot_adapt_support_to_query,inhouse_percentile,4,random_repeated,84,1.0,0.6995002031326294
supervised_ann,B_fewshot_adapt_support_to_query,inhouse_percentile,4,random_repeated,21,0.39423078298568726,0.26744604110717773
supervised_ann,B_fewshot_adapt_support_to_query,inhouse_percentile,4,random_repeated,81,0.5192307829856873,0.40797948837280273
supervised_ann,B_fewshot_adapt_support_to_query,inhouse_percentile,4,random_repeated,77,0.32692307233810425,0.6241375207901001
supervised_ann,B_fewshot_adapt_support_to_query,inhouse_percentile,4,random_repeated,79,0.6634615659713745,0.32115957140922546
supervised_ann,B_fewshot_adapt_support_to_query,inhouse_percentile,4,random_repeated,16,0.125,0.23736131191253662
supervised_ann,B_fewshot_adapt_support_to_query,inhouse_percentile,4,random_repeated,47,0.682692289352417,0.8343004584312439
supervised_ann,B_fewshot_adapt_support_to_query,inhouse_percentile,4,random_repeated,35,0.5865384340286255,0.8019792437553406
supervised_ann,B_fewshot_adapt_support_to_query,inhouse_percentile,4,random_repeated,89,0.8846153616905212,0.610126256942749
supervised_ann,B_fewshot_adapt_support_to_query,inhouse_percentile,4,random_repeated,26,0.3173076808452606,0.16825686395168304
supervised_ann,B_fewshot_adapt_support_to_query,inhouse_percentile,4,random_repeated,10,0.20192307233810425,0.06039842963218689
supervised_ann,B_fewshot_adapt_support_to_query,inhouse_percentile,4,random_repeated,2,0.16346153616905212,0.17027881741523743
supervised_ann,B_fewshot_adapt_support_to_query,inhouse_percentile,4,random_repeated,54,0.23076923191547394,0.3456142544746399
supervised_ann,B_fewshot_adapt_support_to_query,inhouse_percentile,4,random_repeated,32,0.557692289352417,0.260525643825531
maml,B_fewshot_adapt_support_to_query,raw_inhouse_target,5,random_repeated,13,0.17950464805909924,-16664858624.0
maml,B_fewshot_adapt_support_to_query,raw_inhouse_target,5,random_repeated,2,0.22500996167718212,-16664858624.0
maml,B_fewshot_adapt_support_to_query,raw_inhouse_target,5,random_repeated,37,0.6484163433607225,-16664858624.0
maml,B_fewshot_adapt_support_to_query,raw_inhouse_target,5,random_repeated,45,0.4187199636438257,-16664858624.0
maml,B_fewshot_adapt_support_to_query,raw_inhouse_target,5,random_repeated,35,0.5867029210460343,-16664858624.0
maml,B_fewshot_adapt_support_to_query,raw_inhouse_target,5,random_repeated,16,0.19256117908371134,-16664858624.0
maml,B_fewshot_adapt_support_to_query,raw_inhouse_target,5,random_repeated,93,0.665395662177569,-16664858624.0
maml,B_fewshot_adapt_support_to_query,raw_inhouse_target,5,random_repeated,28,0.14407134832857899,-16664858624.0
maml,B_fewshot_adapt_support_to_query,raw_inhouse_target,5,random_repeated,85,0.76035675302239,-16664858624.0
maml,B_fewshot_adapt_support_to_query,raw_inhouse_target,5,random_repeated,60,0.5483164824186075,-16664858624.0
maml,B_fewshot_adapt_support_to_query,raw_inhouse_target,5,random_repeated,96,0.7075935264945827,-16664966144.0
maml,B_fewshot_adapt_support_to_query,raw_inhouse_target,5,random_repeated,98,0.7374909784281607,-16664858624.0
maml,B_fewshot_adapt_support_to_query,raw_inhouse_target,5,random_repeated,38,0.7780698457067285,-16664858624.0
maml,B_fewshot_adapt_support_to_query,raw_inhouse_target,5,random_repeated,9,0.04870502447660548,-16664858624.0
maml,B_fewshot_adapt_support_to_query,raw_inhouse_target,5,random_repeated,72,0.3423540191403134,-16664858624.0
maml,B_fewshot_adapt_support_to_query,raw_inhouse_target,5,random_repeated,81,0.512433318744358,-16664858624.0
maml,B_fewshot_adapt_support_to_query,raw_inhouse_target,5,random_repeated,22,0.4548051993775042,-16664858624.0
maml,B_fewshot_adapt_support_to_query,raw_inhouse_target,5,random_repeated,70,0.388970664414875,-16664858624.0
maml,B_fewshot_adapt_support_to_query,raw_inhouse_target,5,random_repeated,15,0.31203121268996953,-16664858624.0
maml,B_fewshot_adapt_support_to_query,raw_inhouse_target,5,random_repeated,95,0.6312590671234484,-16664858624.0
maml,B_fewshot_adapt_support_to_query,raw_inhouse_target,5,random_repeated,46,0.45488662083509573,-16664858624.0
maml,B_fewshot_adapt_support_to_query,inhouse_percentile,5,random_repeated,13,0.10576923191547394,-27622113280.0
maml,B_fewshot_adapt_support_to_query,inhouse_percentile,5,random_repeated,2,0.16346153616905212,-27622113280.0
maml,B_fewshot_adapt_support_to_query,inhouse_percentile,5,random_repeated,37,0.7307692170143127,-27622113280.0
maml,B_fewshot_adapt_support_to_query,inhouse_percentile,5,random_repeated,45,0.375,-27622113280.0
maml,B_fewshot_adapt_support_to_query,inhouse_percentile,5,random_repeated,35,0.5865384340286255,-27622113280.0
maml,B_fewshot_adapt_support_to_query,inhouse_percentile,5,random_repeated,16,0.125,-27622113280.0
maml,B_fewshot_adapt_support_to_query,inhouse_percentile,5,random_repeated,93,0.75,-27622113280.0
maml,B_fewshot_adapt_support_to_query,inhouse_percentile,5,random_repeated,28,0.03846153989434242,-27622113280.0
maml,B_fewshot_adapt_support_to_query,inhouse_percentile,5,random_repeated,85,0.875,-27622113280.0
maml,B_fewshot_adapt_support_to_query,inhouse_percentile,5,random_repeated,60,0.5384615659713745,-27622113280.0
maml,B_fewshot_adapt_support_to_query,inhouse_percentile,5,random_repeated,96,0.7884615659713745,-27622227968.0
maml,B_fewshot_adapt_support_to_query,inhouse_percentile,5,random_repeated,98,0.8269230723381042,-27622113280.0
maml,B_fewshot_adapt_support_to_query,inhouse_percentile,5,random_repeated,38,0.932692289352417,-27622113280.0
maml,B_fewshot_adapt_support_to_query,inhouse_percentile,5,random_repeated,9,0.009615384973585606,-27622113280.0
maml,B_fewshot_adapt_support_to_query,inhouse_percentile,5,random_repeated,72,0.25961539149284363,-27622113280.0
maml,B_fewshot_adapt_support_to_query,inhouse_percentile,5,random_repeated,81,0.5192307829856873,-27622113280.0
maml,B_fewshot_adapt_support_to_query,inhouse_percentile,5,random_repeated,22,0.4423076808452606,-27622113280.0
maml,B_fewshot_adapt_support_to_query,inhouse_percentile,5,random_repeated,70,0.35576921701431274,-27622113280.0
maml,B_fewshot_adapt_support_to_query,inhouse_percentile,5,random_repeated,15,0.21153846383094788,-27622113280.0
maml,B_fewshot_adapt_support_to_query,inhouse_percentile,5,random_repeated,95,0.692307710647583,-27622113280.0
maml,B_fewshot_adapt_support_to_query,inhouse_percentile,5,random_repeated,46,0.45192307233810425,-27622113280.0
fomaml,B_fewshot_adapt_support_to_query,raw_inhouse_target,5,random_repeated,13,0.17950464805909924,-3.372961169009541e+17
fomaml,B_fewshot_adapt_support_to_query,raw_inhouse_target,5,random_repeated,2,0.22500996167718212,-3.3974442005836595e+17
fomaml,B_fewshot_adapt_support_to_query,raw_inhouse_target,5,random_repeated,37,0.6484163433607225,-2.931134447296184e+17
fomaml,B_fewshot_adapt_support_to_query,raw_inhouse_target,5,random_repeated,45,0.4187199636438257,-2.8854871912769126e+17
fomaml,B_fewshot_adapt_support_to_query,raw_inhouse_target,5,random_repeated,35,0.5867029210460343,-2.7888712147586253e+17
fomaml,B_fewshot_adapt_support_to_query,raw_inhouse_target,5,random_repeated,16,0.19256117908371134,-3.397569613628703e+17
fomaml,B_fewshot_adapt_support_to_query,raw_inhouse_target,5,random_repeated,93,0.665395662177569,-3.0565839136620544e+17
fomaml,B_fewshot_adapt_support_to_query,raw_inhouse_target,5,random_repeated,28,0.14407134832857899,-3.3865253629250765e+17
fomaml,B_fewshot_adapt_support_to_query,raw_inhouse_target,5,random_repeated,85,0.76035675302239,-3.053266480922624e+17
fomaml,B_fewshot_adapt_support_to_query,raw_inhouse_target,5,random_repeated,60,0.5483164824186075,-3.242144024315822e+17
fomaml,B_fewshot_adapt_support_to_query,raw_inhouse_target,5,random_repeated,96,0.7075935264945827,-3.229354642500485e+17
fomaml,B_fewshot_adapt_support_to_query,raw_inhouse_target,5,random_repeated,98,0.7374909784281607,-3.046726104724275e+17
fomaml,B_fewshot_adapt_support_to_query,raw_inhouse_target,5,random_repeated,38,0.7780698457067285,-3.2429628168811315e+17
fomaml,B_fewshot_adapt_support_to_query,raw_inhouse_target,5,random_repeated,9,0.04870502447660548,-3.385361942183936e+17
fomaml,B_fewshot_adapt_support_to_query,raw_inhouse_target,5,random_repeated,72,0.3423540191403134,-3.2474179005579264e+17
fomaml,B_fewshot_adapt_support_to_query,raw_inhouse_target,5,random_repeated,81,0.512433318744358,-3.211847325009838e+17
fomaml,B_fewshot_adapt_support_to_query,raw_inhouse_target,5,random_repeated,22,0.4548051993775042,-3.413556512696566e+17
fomaml,B_fewshot_adapt_support_to_query,raw_inhouse_target,5,random_repeated,70,0.388970664414875,-3.1695339944044134e+17
fomaml,B_fewshot_adapt_support_to_query,raw_inhouse_target,5,random_repeated,15,0.31203121268996953,-3.398734408759378e+17
fomaml,B_fewshot_adapt_support_to_query,raw_inhouse_target,5,random_repeated,95,0.6312590671234484,-3.417916419898081e+17
fomaml,B_fewshot_adapt_support_to_query,raw_inhouse_target,5,random_repeated,46,0.45488662083509573,-3.173980831744e+17
fomaml,B_fewshot_adapt_support_to_query,inhouse_percentile,5,random_repeated,13,0.10576923191547394,-3.5257982193288348e+19
fomaml,B_fewshot_adapt_support_to_query,inhouse_percentile,5,random_repeated,2,0.16346153616905212,-3.4526006516352287e+19
fomaml,B_fewshot_adapt_support_to_query,inhouse_percentile,5,random_repeated,37,0.7307692170143127,-2.9954905671129367e+19
fomaml,B_fewshot_adapt_support_to_query,inhouse_percentile,5,random_repeated,45,0.375,-2.9839456950212887e+19
fomaml,B_fewshot_adapt_support_to_query,inhouse_percentile,5,random_repeated,35,0.5865384340286255,-2.8835501678983643e+19
fomaml,B_fewshot_adapt_support_to_query,inhouse_percentile,5,random_repeated,16,0.125,-3.452484763109661e+19
fomaml,B_fewshot_adapt_support_to_query,inhouse_percentile,5,random_repeated,93,0.75,-3.1308180184549556e+19
fomaml,B_fewshot_adapt_support_to_query,inhouse_percentile,5,random_repeated,28,0.03846153989434242,-3.490366017319102e+19
fomaml,B_fewshot_adapt_support_to_query,inhouse_percentile,5,random_repeated,85,0.875,-3.1270805585298194e+19
fomaml,B_fewshot_adapt_support_to_query,inhouse_percentile,5,random_repeated,60,0.5384615659713745,-3.290462488859194e+19
fomaml,B_fewshot_adapt_support_to_query,inhouse_percentile,5,random_repeated,96,0.7884615659713745,-3.2347480356565287e+19
fomaml,B_fewshot_adapt_support_to_query,inhouse_percentile,5,random_repeated,98,0.8269230723381042,-3.125480989013731e+19
fomaml,B_fewshot_adapt_support_to_query,inhouse_percentile,5,random_repeated,38,0.932692289352417,-3.329695482663823e+19
fomaml,B_fewshot_adapt_support_to_query,inhouse_percentile,5,random_repeated,9,0.009615384973585606,-3.489151276872735e+19
fomaml,B_fewshot_adapt_support_to_query,inhouse_percentile,5,random_repeated,72,0.25961539149284363,-3.296198421118976e+19
fomaml,B_fewshot_adapt_support_to_query,inhouse_percentile,5,random_repeated,81,0.5192307829856873,-3.282518737250838e+19
fomaml,B_fewshot_adapt_support_to_query,inhouse_percentile,5,random_repeated,22,0.4423076808452606,-3.469895089930843e+19
fomaml,B_fewshot_adapt_support_to_query,inhouse_percentile,5,random_repeated,70,0.35576921701431274,-3.2382849446607585e+19
fomaml,B_fewshot_adapt_support_to_query,inhouse_percentile,5,random_repeated,15,0.21153846383094788,-3.4537006030676558e+19
fomaml,B_fewshot_adapt_support_to_query,inhouse_percentile,5,random_repeated,95,0.692307710647583,-3.5227899555152396e+19
fomaml,B_fewshot_adapt_support_to_query,inhouse_percentile,5,random_repeated,46,0.45192307233810425,-3.2774783560467874e+19
metasgd,B_fewshot_adapt_support_to_query,raw_inhouse_target,5,random_repeated,13,0.17950464805909924,-1.1452855671312553e+26
metasgd,B_fewshot_adapt_support_to_query,raw_inhouse_target,5,random_repeated,2,0.22500996167718212,-1.1305876626219253e+26
metasgd,B_fewshot_adapt_support_to_query,raw_inhouse_target,5,random_repeated,37,0.6484163433607225,-9.75810902107508e+25
metasgd,B_fewshot_adapt_support_to_query,raw_inhouse_target,5,random_repeated,45,0.4187199636438257,-9.694196586882898e+25
metasgd,B_fewshot_adapt_support_to_query,raw_inhouse_target,5,random_repeated,35,0.5867029210460343,-9.36210354267272e+25
metasgd,B_fewshot_adapt_support_to_query,raw_inhouse_target,5,random_repeated,16,0.19256117908371134,-1.1308047807996729e+26
metasgd,B_fewshot_adapt_support_to_query,raw_inhouse_target,5,random_repeated,93,0.665395662177569,-1.0197362890958251e+26
metasgd,B_fewshot_adapt_support_to_query,raw_inhouse_target,5,random_repeated,28,0.14407134832857899,-1.1383821498628306e+26
metasgd,B_fewshot_adapt_support_to_query,raw_inhouse_target,5,random_repeated,85,0.76035675302239,-1.0187874808143939e+26
metasgd,B_fewshot_adapt_support_to_query,raw_inhouse_target,5,random_repeated,60,0.5483164824186075,-1.07635192920221e+26
metasgd,B_fewshot_adapt_support_to_query,raw_inhouse_target,5,random_repeated,96,0.7075935264945827,-1.0615213003692698e+26
metasgd,B_fewshot_adapt_support_to_query,raw_inhouse_target,5,random_repeated,98,0.7374909784281607,-1.0172436728028651e+26
metasgd,B_fewshot_adapt_support_to_query,raw_inhouse_target,5,random_repeated,38,0.7780698457067285,-1.0854147223319032e+26
metasgd,B_fewshot_adapt_support_to_query,raw_inhouse_target,5,random_repeated,9,0.04870502447660548,-1.1382598479496219e+26
metasgd,B_fewshot_adapt_support_to_query,raw_inhouse_target,5,random_repeated,72,0.3423540191403134,-1.0777683624459098e+26
metasgd,B_fewshot_adapt_support_to_query,raw_inhouse_target,5,random_repeated,81,0.512433318744358,-1.0707584152304595e+26
metasgd,B_fewshot_adapt_support_to_query,raw_inhouse_target,5,random_repeated,22,0.4548051993775042,-1.1349482884535095e+26
metasgd,B_fewshot_adapt_support_to_query,raw_inhouse_target,5,random_repeated,70,0.388970664414875,-1.0562220119654949e+26
metasgd,B_fewshot_adapt_support_to_query,raw_inhouse_target,5,random_repeated,15,0.31203121268996953,-1.1309276361152038e+26
metasgd,B_fewshot_adapt_support_to_query,raw_inhouse_target,5,random_repeated,95,0.6312590671234484,-1.1469729830453979e+26
metasgd,B_fewshot_adapt_support_to_query,raw_inhouse_target,5,random_repeated,46,0.45488662083509573,-1.065701978212415e+26
metasgd,B_fewshot_adapt_support_to_query,inhouse_percentile,5,random_repeated,13,0.10576923191547394,-3011712647168.0
metasgd,B_fewshot_adapt_support_to_query,inhouse_percentile,5,random_repeated,2,0.16346153616905212,-3011712647168.0
metasgd,B_fewshot_adapt_support_to_query,inhouse_percentile,5,random_repeated,37,0.7307692170143127,-3011712647168.0
metasgd,B_fewshot_adapt_support_to_query,inhouse_percentile,5,random_repeated,45,0.375,-3011712647168.0
metasgd,B_fewshot_adapt_support_to_query,inhouse_percentile,5,random_repeated,35,0.5865384340286255,-3011712647168.0
metasgd,B_fewshot_adapt_support_to_query,inhouse_percentile,5,random_repeated,16,0.125,-3011712647168.0
metasgd,B_fewshot_adapt_support_to_query,inhouse_percentile,5,random_repeated,93,0.75,-3011712647168.0
metasgd,B_fewshot_adapt_support_to_query,inhouse_percentile,5,random_repeated,28,0.03846153989434242,-3011712647168.0
metasgd,B_fewshot_adapt_support_to_query,inhouse_percentile,5,random_repeated,85,0.875,-3011712647168.0
metasgd,B_fewshot_adapt_support_to_query,inhouse_percentile,5,random_repeated,60,0.5384615659713745,-3011712647168.0
metasgd,B_fewshot_adapt_support_to_query,inhouse_percentile,5,random_repeated,96,0.7884615659713745,-3011712647168.0
metasgd,B_fewshot_adapt_support_to_query,inhouse_percentile,5,random_repeated,98,0.8269230723381042,-3011712647168.0
metasgd,B_fewshot_adapt_support_to_query,inhouse_percentile,5,random_repeated,38,0.932692289352417,-3011712647168.0
metasgd,B_fewshot_adapt_support_to_query,inhouse_percentile,5,random_repeated,9,0.009615384973585606,-3011712647168.0
metasgd,B_fewshot_adapt_support_to_query,inhouse_percentile,5,random_repeated,72,0.25961539149284363,-3011712647168.0
metasgd,B_fewshot_adapt_support_to_query,inhouse_percentile,5,random_repeated,81,0.5192307829856873,-3011712647168.0
metasgd,B_fewshot_adapt_support_to_query,inhouse_percentile,5,random_repeated,22,0.4423076808452606,-3011712647168.0
metasgd,B_fewshot_adapt_support_to_query,inhouse_percentile,5,random_repeated,70,0.35576921701431274,-3011712647168.0
metasgd,B_fewshot_adapt_support_to_query,inhouse_percentile,5,random_repeated,15,0.21153846383094788,-3011712647168.0
metasgd,B_fewshot_adapt_support_to_query,inhouse_percentile,5,random_repeated,95,0.692307710647583,-3011712647168.0
metasgd,B_fewshot_adapt_support_to_query,inhouse_percentile,5,random_repeated,46,0.45192307233810425,-3011712647168.0
supervised_ann,B_fewshot_adapt_support_to_query,raw_inhouse_target,5,random_repeated,13,0.17950464805909924,-0.05696721002459526
supervised_ann,B_fewshot_adapt_support_to_query,raw_inhouse_target,5,random_repeated,2,0.22500996167718212,0.4051346480846405
supervised_ann,B_fewshot_adapt_support_to_query,raw_inhouse_target,5,random_repeated,37,0.6484163433607225,0.2738284766674042
supervised_ann,B_fewshot_adapt_support_to_query,raw_inhouse_target,5,random_repeated,45,0.4187199636438257,0.1723272055387497
supervised_ann,B_fewshot_adapt_support_to_query,raw_inhouse_target,5,random_repeated,35,0.5867029210460343,0.30304616689682007
supervised_ann,B_fewshot_adapt_support_to_query,raw_inhouse_target,5,random_repeated,16,0.19256117908371134,0.32199493050575256
supervised_ann,B_fewshot_adapt_support_to_query,raw_inhouse_target,5,random_repeated,93,0.665395662177569,0.22488774359226227
supervised_ann,B_fewshot_adapt_support_to_query,raw_inhouse_target,5,random_repeated,28,0.14407134832857899,0.19826596975326538
supervised_ann,B_fewshot_adapt_support_to_query,raw_inhouse_target,5,random_repeated,85,0.76035675302239,0.31181564927101135
supervised_ann,B_fewshot_adapt_support_to_query,raw_inhouse_target,5,random_repeated,60,0.5483164824186075,0.35176995396614075
supervised_ann,B_fewshot_adapt_support_to_query,raw_inhouse_target,5,random_repeated,96,0.7075935264945827,0.4700165092945099
supervised_ann,B_fewshot_adapt_support_to_query,raw_inhouse_target,5,random_repeated,98,0.7374909784281607,0.2510451078414917
supervised_ann,B_fewshot_adapt_support_to_query,raw_inhouse_target,5,random_repeated,38,0.7780698457067285,0.18157817423343658
supervised_ann,B_fewshot_adapt_support_to_query,raw_inhouse_target,5,random_repeated,9,0.04870502447660548,0.17285853624343872
supervised_ann,B_fewshot_adapt_support_to_query,raw_inhouse_target,5,random_repeated,72,0.3423540191403134,0.2320253998041153
supervised_ann,B_fewshot_adapt_support_to_query,raw_inhouse_target,5,random_repeated,81,0.512433318744358,0.14653968811035156
supervised_ann,B_fewshot_adapt_support_to_query,raw_inhouse_target,5,random_repeated,22,0.4548051993775042,0.3781363070011139
supervised_ann,B_fewshot_adapt_support_to_query,raw_inhouse_target,5,random_repeated,70,0.388970664414875,0.15458349883556366
supervised_ann,B_fewshot_adapt_support_to_query,raw_inhouse_target,5,random_repeated,15,0.31203121268996953,0.3965201675891876
supervised_ann,B_fewshot_adapt_support_to_query,raw_inhouse_target,5,random_repeated,95,0.6312590671234484,0.2147637903690338
supervised_ann,B_fewshot_adapt_support_to_query,raw_inhouse_target,5,random_repeated,46,0.45488662083509573,0.002416897565126419
supervised_ann,B_fewshot_adapt_support_to_query,inhouse_percentile,5,random_repeated,13,0.10576923191547394,0.42233824729919434
supervised_ann,B_fewshot_adapt_support_to_query,inhouse_percentile,5,random_repeated,2,0.16346153616905212,0.387414813041687
supervised_ann,B_fewshot_adapt_support_to_query,inhouse_percentile,5,random_repeated,37,0.7307692170143127,0.5344998836517334
supervised_ann,B_fewshot_adapt_support_to_query,inhouse_percentile,5,random_repeated,45,0.375,0.6755362153053284
supervised_ann,B_fewshot_adapt_support_to_query,inhouse_percentile,5,random_repeated,35,0.5865384340286255,0.6495653986930847
supervised_ann,B_fewshot_adapt_support_to_query,inhouse_percentile,5,random_repeated,16,0.125,0.5557717084884644
supervised_ann,B_fewshot_adapt_support_to_query,inhouse_percentile,5,random_repeated,93,0.75,0.501467764377594
supervised_ann,B_fewshot_adapt_support_to_query,inhouse_percentile,5,random_repeated,28,0.03846153989434242,0.4963584542274475
supervised_ann,B_fewshot_adapt_support_to_query,inhouse_percentile,5,random_repeated,85,0.875,0.5191077589988708
supervised_ann,B_fewshot_adapt_support_to_query,inhouse_percentile,5,random_repeated,60,0.5384615659713745,0.4037327766418457
supervised_ann,B_fewshot_adapt_support_to_query,inhouse_percentile,5,random_repeated,96,0.7884615659713745,0.43507814407348633
supervised_ann,B_fewshot_adapt_support_to_query,inhouse_percentile,5,random_repeated,98,0.8269230723381042,0.524224579334259
supervised_ann,B_fewshot_adapt_support_to_query,inhouse_percentile,5,random_repeated,38,0.932692289352417,0.4328920841217041
supervised_ann,B_fewshot_adapt_support_to_query,inhouse_percentile,5,random_repeated,9,0.009615384973585606,0.5083231329917908
supervised_ann,B_fewshot_adapt_support_to_query,inhouse_percentile,5,random_repeated,72,0.25961539149284363,0.3390055000782013
supervised_ann,B_fewshot_adapt_support_to_query,inhouse_percentile,5,random_repeated,81,0.5192307829856873,0.3910624384880066
supervised_ann,B_fewshot_adapt_support_to_query,inhouse_percentile,5,random_repeated,22,0.4423076808452606,0.38866299390792847
supervised_ann,B_fewshot_adapt_support_to_query,inhouse_percentile,5,random_repeated,70,0.35576921701431274,0.4011683464050293
supervised_ann,B_fewshot_adapt_support_to_query,inhouse_percentile,5,random_repeated,15,0.21153846383094788,0.4646404981613159
supervised_ann,B_fewshot_adapt_support_to_query,inhouse_percentile,5,random_repeated,95,0.692307710647583,0.42657941579818726
supervised_ann,B_fewshot_adapt_support_to_query,inhouse_percentile,5,random_repeated,46,0.45192307233810425,0.48281967639923096
maml,B_fewshot_adapt_support_to_query,raw_inhouse_target,6,random_repeated,22,0.4548051993775042,-66118275072.0
maml,B_fewshot_adapt_support_to_query,raw_inhouse_target,6,random_repeated,78,0.4474676542283091,-66118275072.0
maml,B_fewshot_adapt_support_to_query,raw_inhouse_target,6,random_repeated,56,0.676069693879939,-66118275072.0
maml,B_fewshot_adapt_support_to_query,raw_inhouse_target,6,random_repeated,76,0.46415337042920773,-66118275072.0
maml,B_fewshot_adapt_support_to_query,raw_inhouse_target,6,random_repeated,94,0.5959327298672837,-66118115328.0
maml,B_fewshot_adapt_support_to_query,raw_inhouse_target,6,random_repeated,13,0.17950464805909924,-66118275072.0
maml,B_fewshot_adapt_support_to_query,raw_inhouse_target,6,random_repeated,14,0.5160428222422133,-66118275072.0
maml,B_fewshot_adapt_support_to_query,raw_inhouse_target,6,random_repeated,86,0.8691860123554722,-66118275072.0
maml,B_fewshot_adapt_support_to_query,raw_inhouse_target,6,random_repeated,6,0.05271949038060156,-66118275072.0
maml,B_fewshot_adapt_support_to_query,raw_inhouse_target,6,random_repeated,1,0.24854383135427813,-66118275072.0
maml,B_fewshot_adapt_support_to_query,raw_inhouse_target,6,random_repeated,103,0.6471306330883555,-66118275072.0
maml,B_fewshot_adapt_support_to_query,raw_inhouse_target,6,random_repeated,48,0.2181523323074733,-66118275072.0
maml,B_fewshot_adapt_support_to_query,raw_inhouse_target,6,random_repeated,47,0.6273633871473753,-66118275072.0
maml,B_fewshot_adapt_support_to_query,raw_inhouse_target,6,random_repeated,45,0.4187199636438257,-66118275072.0
maml,B_fewshot_adapt_support_to_query,raw_inhouse_target,6,random_repeated,67,0.6704965744838094,-66118275072.0
maml,B_fewshot_adapt_support_to_query,raw_inhouse_target,6,random_repeated,85,0.76035675302239,-66118275072.0
maml,B_fewshot_adapt_support_to_query,raw_inhouse_target,6,random_repeated,19,0.3461983072767217,-66118275072.0
maml,B_fewshot_adapt_support_to_query,raw_inhouse_target,6,random_repeated,20,0.4214285945504745,-66118275072.0
maml,B_fewshot_adapt_support_to_query,raw_inhouse_target,6,random_repeated,42,0.34320990214036895,-66118275072.0
maml,B_fewshot_adapt_support_to_query,raw_inhouse_target,6,random_repeated,31,0.4373763137086527,-66118275072.0
maml,B_fewshot_adapt_support_to_query,raw_inhouse_target,6,random_repeated,33,0.7717762173666799,-66118275072.0
maml,B_fewshot_adapt_support_to_query,inhouse_percentile,6,random_repeated,22,0.4423076808452606,-276798112.0
maml,B_fewshot_adapt_support_to_query,inhouse_percentile,6,random_repeated,78,0.4326923191547394,-276798112.0
maml,B_fewshot_adapt_support_to_query,inhouse_percentile,6,random_repeated,56,0.7788461446762085,-276798112.0
maml,B_fewshot_adapt_support_to_query,inhouse_percentile,6,random_repeated,76,0.4711538553237915,-276798112.0
maml,B_fewshot_adapt_support_to_query,inhouse_percentile,6,random_repeated,94,0.625,-276754336.0
maml,B_fewshot_adapt_support_to_query,inhouse_percentile,6,random_repeated,13,0.10576923191547394,-276798112.0
maml,B_fewshot_adapt_support_to_query,inhouse_percentile,6,random_repeated,14,0.5288461446762085,-276798112.0
maml,B_fewshot_adapt_support_to_query,inhouse_percentile,6,random_repeated,86,0.9711538553237915,-276798112.0
maml,B_fewshot_adapt_support_to_query,inhouse_percentile,6,random_repeated,6,0.01923076994717121,-276798112.0
maml,B_fewshot_adapt_support_to_query,inhouse_percentile,6,random_repeated,1,0.18269230425357819,-276798112.0
maml,B_fewshot_adapt_support_to_query,inhouse_percentile,6,random_repeated,103,0.7211538553237915,-276798112.0
maml,B_fewshot_adapt_support_to_query,inhouse_percentile,6,random_repeated,48,0.1538461595773697,-276798112.0
maml,B_fewshot_adapt_support_to_query,inhouse_percentile,6,random_repeated,47,0.682692289352417,-276798112.0
maml,B_fewshot_adapt_support_to_query,inhouse_percentile,6,random_repeated,45,0.375,-276798112.0
maml,B_fewshot_adapt_support_to_query,inhouse_percentile,6,random_repeated,67,0.7596153616905212,-276798112.0
maml,B_fewshot_adapt_support_to_query,inhouse_percentile,6,random_repeated,85,0.875,-276798112.0
maml,B_fewshot_adapt_support_to_query,inhouse_percentile,6,random_repeated,19,0.2788461446762085,-276798112.0
maml,B_fewshot_adapt_support_to_query,inhouse_percentile,6,random_repeated,20,0.38461539149284363,-276798112.0
maml,B_fewshot_adapt_support_to_query,inhouse_percentile,6,random_repeated,42,0.26923078298568726,-276798112.0
maml,B_fewshot_adapt_support_to_query,inhouse_percentile,6,random_repeated,31,0.42307692766189575,-276798112.0
maml,B_fewshot_adapt_support_to_query,inhouse_percentile,6,random_repeated,33,0.9134615659713745,-276798112.0
fomaml,B_fewshot_adapt_support_to_query,raw_inhouse_target,6,random_repeated,22,0.4548051993775042,-3.638556792633426e+17
fomaml,B_fewshot_adapt_support_to_query,raw_inhouse_target,6,random_repeated,78,0.4474676542283091,-3.6514959829080474e+17
fomaml,B_fewshot_adapt_support_to_query,raw_inhouse_target,6,random_repeated,56,0.676069693879939,-3.370214451524403e+17
fomaml,B_fewshot_adapt_support_to_query,raw_inhouse_target,6,random_repeated,76,0.46415337042920773,-3.5071795842043085e+17
fomaml,B_fewshot_adapt_support_to_query,raw_inhouse_target,6,random_repeated,94,0.5959327298672837,-3.284355306498294e+17
fomaml,B_fewshot_adapt_support_to_query,raw_inhouse_target,6,random_repeated,13,0.17950464805909924,-3.653756510095278e+17
fomaml,B_fewshot_adapt_support_to_query,raw_inhouse_target,6,random_repeated,14,0.5160428222422133,-3.6514959829080474e+17
fomaml,B_fewshot_adapt_support_to_query,raw_inhouse_target,6,random_repeated,86,0.8691860123554722,-3.2553302611093094e+17
fomaml,B_fewshot_adapt_support_to_query,raw_inhouse_target,6,random_repeated,6,0.05271949038060156,-3.652970359281418e+17
fomaml,B_fewshot_adapt_support_to_query,raw_inhouse_target,6,random_repeated,1,0.24854383135427813,-3.640182695453e+17
fomaml,B_fewshot_adapt_support_to_query,raw_inhouse_target,6,random_repeated,103,0.6471306330883555,-3.038387683417129e+17
fomaml,B_fewshot_adapt_support_to_query,raw_inhouse_target,6,random_repeated,48,0.2181523323074733,-3.353531080559821e+17
fomaml,B_fewshot_adapt_support_to_query,raw_inhouse_target,6,random_repeated,47,0.6273633871473753,-3.182827433581609e+17
fomaml,B_fewshot_adapt_support_to_query,raw_inhouse_target,6,random_repeated,45,0.4187199636438257,-3.083378324836188e+17
fomaml,B_fewshot_adapt_support_to_query,raw_inhouse_target,6,random_repeated,67,0.6704965744838094,-3.180962386982994e+17
fomaml,B_fewshot_adapt_support_to_query,raw_inhouse_target,6,random_repeated,85,0.76035675302239,-3.2527412548232806e+17
fomaml,B_fewshot_adapt_support_to_query,raw_inhouse_target,6,random_repeated,19,0.3461983072767217,-3.623694831399731e+17
fomaml,B_fewshot_adapt_support_to_query,raw_inhouse_target,6,random_repeated,20,0.4214285945504745,-3.6671489053189734e+17
fomaml,B_fewshot_adapt_support_to_query,raw_inhouse_target,6,random_repeated,42,0.34320990214036895,-3.411557119520932e+17
fomaml,B_fewshot_adapt_support_to_query,raw_inhouse_target,6,random_repeated,31,0.4373763137086527,-3.239885902310277e+17
fomaml,B_fewshot_adapt_support_to_query,raw_inhouse_target,6,random_repeated,33,0.7717762173666799,-2.9617036193274266e+17
fomaml,B_fewshot_adapt_support_to_query,inhouse_percentile,6,random_repeated,22,0.4423076808452606,-2.061250050545156e+19
fomaml,B_fewshot_adapt_support_to_query,inhouse_percentile,6,random_repeated,78,0.4326923191547394,-2.0697633491767e+19
fomaml,B_fewshot_adapt_support_to_query,inhouse_percentile,6,random_repeated,56,0.7788461446762085,-1.9247927410544345e+19
fomaml,B_fewshot_adapt_support_to_query,inhouse_percentile,6,random_repeated,76,0.4711538553237915,-1.9931680706509406e+19
fomaml,B_fewshot_adapt_support_to_query,inhouse_percentile,6,random_repeated,94,0.625,-1.8604776879969796e+19
fomaml,B_fewshot_adapt_support_to_query,inhouse_percentile,6,random_repeated,13,0.10576923191547394,-2.0884614240163332e+19
fomaml,B_fewshot_adapt_support_to_query,inhouse_percentile,6,random_repeated,14,0.5288461446762085,-2.0697633491767e+19
fomaml,B_fewshot_adapt_support_to_query,inhouse_percentile,6,random_repeated,86,0.9711538553237915,-1.867034515638059e+19
fomaml,B_fewshot_adapt_support_to_query,inhouse_percentile,6,random_repeated,6,0.01923076994717121,-2.088136188476837e+19
fomaml,B_fewshot_adapt_support_to_query,inhouse_percentile,6,random_repeated,1,0.18269230425357819,-2.0707584071998374e+19
fomaml,B_fewshot_adapt_support_to_query,inhouse_percentile,6,random_repeated,103,0.7211538553237915,-1.7421244971645665e+19
fomaml,B_fewshot_adapt_support_to_query,inhouse_percentile,6,random_repeated,48,0.1538461595773697,-1.9245697600963215e+19
fomaml,B_fewshot_adapt_support_to_query,inhouse_percentile,6,random_repeated,47,0.682692289352417,-1.8283910799682437e+19
fomaml,B_fewshot_adapt_support_to_query,inhouse_percentile,6,random_repeated,45,0.375,-1.7851920377710641e+19
fomaml,B_fewshot_adapt_support_to_query,inhouse_percentile,6,random_repeated,67,0.7596153616905212,-1.8202250071087514e+19
fomaml,B_fewshot_adapt_support_to_query,inhouse_percentile,6,random_repeated,85,0.875,-1.865332251735936e+19
fomaml,B_fewshot_adapt_support_to_query,inhouse_percentile,6,random_repeated,19,0.2788461446762085,-2.0521768805927485e+19
fomaml,B_fewshot_adapt_support_to_query,inhouse_percentile,6,random_repeated,20,0.38461539149284363,-2.0971356911501836e+19
fomaml,B_fewshot_adapt_support_to_query,inhouse_percentile,6,random_repeated,42,0.26923078298568726,-1.9467400926564712e+19
fomaml,B_fewshot_adapt_support_to_query,inhouse_percentile,6,random_repeated,31,0.42307692766189575,-1.851982421356131e+19
fomaml,B_fewshot_adapt_support_to_query,inhouse_percentile,6,random_repeated,33,0.9134615659713745,-1.7173960408512332e+19
metasgd,B_fewshot_adapt_support_to_query,raw_inhouse_target,6,random_repeated,22,0.4548051993775042,-6.648961035997537e+25
metasgd,B_fewshot_adapt_support_to_query,raw_inhouse_target,6,random_repeated,78,0.4474676542283091,-6.670203384135617e+25
metasgd,B_fewshot_adapt_support_to_query,raw_inhouse_target,6,random_repeated,56,0.676069693879939,-6.185006514631066e+25
metasgd,B_fewshot_adapt_support_to_query,raw_inhouse_target,6,random_repeated,76,0.46415337042920773,-6.4096707942105805e+25
metasgd,B_fewshot_adapt_support_to_query,raw_inhouse_target,6,random_repeated,94,0.5959327298672837,-5.957462698301646e+25
metasgd,B_fewshot_adapt_support_to_query,raw_inhouse_target,6,random_repeated,13,0.17950464805909924,-6.776467698046629e+25
metasgd,B_fewshot_adapt_support_to_query,raw_inhouse_target,6,random_repeated,14,0.5160428222422133,-6.670203384135617e+25
metasgd,B_fewshot_adapt_support_to_query,raw_inhouse_target,6,random_repeated,86,0.8691860123554722,-5.9852882282310315e+25
metasgd,B_fewshot_adapt_support_to_query,raw_inhouse_target,6,random_repeated,6,0.05271949038060156,-6.775596089389146e+25
metasgd,B_fewshot_adapt_support_to_query,raw_inhouse_target,6,random_repeated,1,0.24854383135427813,-6.703886216477007e+25
metasgd,B_fewshot_adapt_support_to_query,raw_inhouse_target,6,random_repeated,103,0.6471306330883555,-5.541554105380957e+25
metasgd,B_fewshot_adapt_support_to_query,raw_inhouse_target,6,random_repeated,48,0.2181523323074733,-6.188857272456453e+25
metasgd,B_fewshot_adapt_support_to_query,raw_inhouse_target,6,random_repeated,47,0.6273633871473753,-5.848043529985429e+25
metasgd,B_fewshot_adapt_support_to_query,raw_inhouse_target,6,random_repeated,45,0.4187199636438257,-5.709757051868263e+25
metasgd,B_fewshot_adapt_support_to_query,raw_inhouse_target,6,random_repeated,67,0.6704965744838094,-5.8158894715591474e+25
metasgd,B_fewshot_adapt_support_to_query,raw_inhouse_target,6,random_repeated,85,0.76035675302239,-5.981039481902254e+25
metasgd,B_fewshot_adapt_support_to_query,raw_inhouse_target,6,random_repeated,19,0.3461983072767217,-6.622765275907064e+25
metasgd,B_fewshot_adapt_support_to_query,raw_inhouse_target,6,random_repeated,20,0.4214285945504745,-6.799379015354778e+25
metasgd,B_fewshot_adapt_support_to_query,raw_inhouse_target,6,random_repeated,42,0.34320990214036895,-6.262524344914812e+25
metasgd,B_fewshot_adapt_support_to_query,raw_inhouse_target,6,random_repeated,31,0.4373763137086527,-5.927887955865471e+25
metasgd,B_fewshot_adapt_support_to_query,raw_inhouse_target,6,random_repeated,33,0.7717762173666799,-5.471289996035596e+25
metasgd,B_fewshot_adapt_support_to_query,inhouse_percentile,6,random_repeated,22,0.4423076808452606,-4.788627925452173e+26
metasgd,B_fewshot_adapt_support_to_query,inhouse_percentile,6,random_repeated,78,0.4326923191547394,-4.8057358048410126e+26
metasgd,B_fewshot_adapt_support_to_query,inhouse_percentile,6,random_repeated,56,0.7788461446762085,-4.41009999918989e+26
metasgd,B_fewshot_adapt_support_to_query,inhouse_percentile,6,random_repeated,76,0.4711538553237915,-4.611723649785298e+26
metasgd,B_fewshot_adapt_support_to_query,inhouse_percentile,6,random_repeated,94,0.625,-4.368099714413105e+26
metasgd,B_fewshot_adapt_support_to_query,inhouse_percentile,6,random_repeated,13,0.10576923191547394,-4.7099990477728674e+26
metasgd,B_fewshot_adapt_support_to_query,inhouse_percentile,6,random_repeated,14,0.5288461446762085,-4.8057358048410126e+26
metasgd,B_fewshot_adapt_support_to_query,inhouse_percentile,6,random_repeated,86,0.9711538553237915,-4.244340508422588e+26
metasgd,B_fewshot_adapt_support_to_query,inhouse_percentile,6,random_repeated,6,0.01923076994717121,-4.709836716425019e+26
metasgd,B_fewshot_adapt_support_to_query,inhouse_percentile,6,random_repeated,1,0.18269230425357819,-4.742219237776653e+26
metasgd,B_fewshot_adapt_support_to_query,inhouse_percentile,6,random_repeated,103,0.7211538553237915,-4.0036909260648394e+26
metasgd,B_fewshot_adapt_support_to_query,inhouse_percentile,6,random_repeated,48,0.1538461595773697,-4.3504697921669794e+26
metasgd,B_fewshot_adapt_support_to_query,inhouse_percentile,6,random_repeated,47,0.682692289352417,-4.1523218770899394e+26
metasgd,B_fewshot_adapt_support_to_query,inhouse_percentile,6,random_repeated,45,0.375,-3.980756827027759e+26
metasgd,B_fewshot_adapt_support_to_query,inhouse_percentile,6,random_repeated,67,0.7596153616905212,-4.178766760459128e+26
metasgd,B_fewshot_adapt_support_to_query,inhouse_percentile,6,random_repeated,85,0.875,-4.240919006331796e+26
metasgd,B_fewshot_adapt_support_to_query,inhouse_percentile,6,random_repeated,19,0.2788461446762085,-4.768571887425473e+26
metasgd,B_fewshot_adapt_support_to_query,inhouse_percentile,6,random_repeated,20,0.38461539149284363,-4.728372004870282e+26
metasgd,B_fewshot_adapt_support_to_query,inhouse_percentile,6,random_repeated,42,0.26923078298568726,-4.462813046120041e+26
metasgd,B_fewshot_adapt_support_to_query,inhouse_percentile,6,random_repeated,31,0.42307692766189575,-4.251469068202432e+26
metasgd,B_fewshot_adapt_support_to_query,inhouse_percentile,6,random_repeated,33,0.9134615659713745,-3.8342524166594765e+26
supervised_ann,B_fewshot_adapt_support_to_query,raw_inhouse_target,6,random_repeated,22,0.4548051993775042,0.557988703250885
supervised_ann,B_fewshot_adapt_support_to_query,raw_inhouse_target,6,random_repeated,78,0.4474676542283091,0.502857506275177
supervised_ann,B_fewshot_adapt_support_to_query,raw_inhouse_target,6,random_repeated,56,0.676069693879939,0.47192758321762085
supervised_ann,B_fewshot_adapt_support_to_query,raw_inhouse_target,6,random_repeated,76,0.46415337042920773,0.5162113308906555
supervised_ann,B_fewshot_adapt_support_to_query,raw_inhouse_target,6,random_repeated,94,0.5959327298672837,0.620510995388031
supervised_ann,B_fewshot_adapt_support_to_query,raw_inhouse_target,6,random_repeated,13,0.17950464805909924,0.3883383274078369
supervised_ann,B_fewshot_adapt_support_to_query,raw_inhouse_target,6,random_repeated,14,0.5160428222422133,0.502857506275177
supervised_ann,B_fewshot_adapt_support_to_query,raw_inhouse_target,6,random_repeated,86,0.8691860123554722,0.5249153971672058
supervised_ann,B_fewshot_adapt_support_to_query,raw_inhouse_target,6,random_repeated,6,0.05271949038060156,0.4043675661087036
supervised_ann,B_fewshot_adapt_support_to_query,raw_inhouse_target,6,random_repeated,1,0.24854383135427813,0.4380520284175873
supervised_ann,B_fewshot_adapt_support_to_query,raw_inhouse_target,6,random_repeated,103,0.6471306330883555,0.5663732290267944
supervised_ann,B_fewshot_adapt_support_to_query,raw_inhouse_target,6,random_repeated,48,0.2181523323074733,0.4721095860004425
supervised_ann,B_fewshot_adapt_support_to_query,raw_inhouse_target,6,random_repeated,47,0.6273633871473753,0.5102285742759705
supervised_ann,B_fewshot_adapt_support_to_query,raw_inhouse_target,6,random_repeated,45,0.4187199636438257,0.45642656087875366
supervised_ann,B_fewshot_adapt_support_to_query,raw_inhouse_target,6,random_repeated,67,0.6704965744838094,0.5507662296295166
supervised_ann,B_fewshot_adapt_support_to_query,raw_inhouse_target,6,random_repeated,85,0.76035675302239,0.5343209505081177
supervised_ann,B_fewshot_adapt_support_to_query,raw_inhouse_target,6,random_repeated,19,0.3461983072767217,0.4131871163845062
supervised_ann,B_fewshot_adapt_support_to_query,raw_inhouse_target,6,random_repeated,20,0.4214285945504745,0.46225953102111816
supervised_ann,B_fewshot_adapt_support_to_query,raw_inhouse_target,6,random_repeated,42,0.34320990214036895,0.5224772095680237
supervised_ann,B_fewshot_adapt_support_to_query,raw_inhouse_target,6,random_repeated,31,0.4373763137086527,0.5111523866653442
supervised_ann,B_fewshot_adapt_support_to_query,raw_inhouse_target,6,random_repeated,33,0.7717762173666799,0.49691909551620483
supervised_ann,B_fewshot_adapt_support_to_query,inhouse_percentile,6,random_repeated,22,0.4423076808452606,1.5343365669250488
supervised_ann,B_fewshot_adapt_support_to_query,inhouse_percentile,6,random_repeated,78,0.4326923191547394,1.4156520366668701
supervised_ann,B_fewshot_adapt_support_to_query,inhouse_percentile,6,random_repeated,56,0.7788461446762085,1.3392055034637451
supervised_ann,B_fewshot_adapt_support_to_query,inhouse_percentile,6,random_repeated,76,0.4711538553237915,1.4053471088409424
supervised_ann,B_fewshot_adapt_support_to_query,inhouse_percentile,6,random_repeated,94,0.625,1.3501782417297363
supervised_ann,B_fewshot_adapt_support_to_query,inhouse_percentile,6,random_repeated,13,0.10576923191547394,0.7490898966789246
supervised_ann,B_fewshot_adapt_support_to_query,inhouse_percentile,6,random_repeated,14,0.5288461446762085,1.4156520366668701
supervised_ann,B_fewshot_adapt_support_to_query,inhouse_percentile,6,random_repeated,86,0.9711538553237915,1.4958933591842651
supervised_ann,B_fewshot_adapt_support_to_query,inhouse_percentile,6,random_repeated,6,0.01923076994717121,0.7640278339385986
supervised_ann,B_fewshot_adapt_support_to_query,inhouse_percentile,6,random_repeated,1,0.18269230425357819,1.2060909271240234
supervised_ann,B_fewshot_adapt_support_to_query,inhouse_percentile,6,random_repeated,103,0.7211538553237915,1.4939122200012207
supervised_ann,B_fewshot_adapt_support_to_query,inhouse_percentile,6,random_repeated,48,0.1538461595773697,1.130244493484497
supervised_ann,B_fewshot_adapt_support_to_query,inhouse_percentile,6,random_repeated,47,0.682692289352417,1.4669029712677002
supervised_ann,B_fewshot_adapt_support_to_query,inhouse_percentile,6,random_repeated,45,0.375,0.9782045483589172
supervised_ann,B_fewshot_adapt_support_to_query,inhouse_percentile,6,random_repeated,67,0.7596153616905212,1.482597827911377
supervised_ann,B_fewshot_adapt_support_to_query,inhouse_percentile,6,random_repeated,85,0.875,1.519423246383667
supervised_ann,B_fewshot_adapt_support_to_query,inhouse_percentile,6,random_repeated,19,0.2788461446762085,0.9817991852760315
supervised_ann,B_fewshot_adapt_support_to_query,inhouse_percentile,6,random_repeated,20,0.38461539149284363,1.0559560060501099
supervised_ann,B_fewshot_adapt_support_to_query,inhouse_percentile,6,random_repeated,42,0.26923078298568726,1.5266921520233154
supervised_ann,B_fewshot_adapt_support_to_query,inhouse_percentile,6,random_repeated,31,0.42307692766189575,1.3880683183670044
supervised_ann,B_fewshot_adapt_support_to_query,inhouse_percentile,6,random_repeated,33,0.9134615659713745,1.026430368423462
maml,B_fewshot_adapt_support_to_query,raw_inhouse_target,7,random_repeated,35,0.5867029210460343,-330003841024.0
maml,B_fewshot_adapt_support_to_query,raw_inhouse_target,7,random_repeated,1,0.24854383135427813,-330003841024.0
maml,B_fewshot_adapt_support_to_query,raw_inhouse_target,7,random_repeated,68,0.6528309468621716,-330003841024.0
maml,B_fewshot_adapt_support_to_query,raw_inhouse_target,7,random_repeated,81,0.512433318744358,-330003841024.0
maml,B_fewshot_adapt_support_to_query,raw_inhouse_target,7,random_repeated,45,0.4187199636438257,-330003841024.0
maml,B_fewshot_adapt_support_to_query,raw_inhouse_target,7,random_repeated,33,0.7717762173666799,-330003841024.0
maml,B_fewshot_adapt_support_to_query,raw_inhouse_target,7,random_repeated,39,0.7565851086119532,-330003841024.0
maml,B_fewshot_adapt_support_to_query,raw_inhouse_target,7,random_repeated,92,0.7916862503095949,-330003841024.0
maml,B_fewshot_adapt_support_to_query,raw_inhouse_target,7,random_repeated,58,0.5619024690394058,-330003841024.0
maml,B_fewshot_adapt_support_to_query,raw_inhouse_target,7,random_repeated,56,0.676069693879939,-330003841024.0
maml,B_fewshot_adapt_support_to_query,raw_inhouse_target,7,random_repeated,12,0.3353358208132731,-330003841024.0
maml,B_fewshot_adapt_support_to_query,raw_inhouse_target,7,random_repeated,6,0.05271949038060156,-330003841024.0
maml,B_fewshot_adapt_support_to_query,raw_inhouse_target,7,random_repeated,49,0.3796880137703043,-330003841024.0
maml,B_fewshot_adapt_support_to_query,raw_inhouse_target,7,random_repeated,52,0.21752824156773537,-330003841024.0
maml,B_fewshot_adapt_support_to_query,raw_inhouse_target,7,random_repeated,10,0.2580585765753896,-330003841024.0
maml,B_fewshot_adapt_support_to_query,raw_inhouse_target,7,random_repeated,14,0.5160428222422133,-330003841024.0
maml,B_fewshot_adapt_support_to_query,raw_inhouse_target,7,random_repeated,80,0.6228757010479955,-330003841024.0
maml,B_fewshot_adapt_support_to_query,raw_inhouse_target,7,random_repeated,0,0.17543300459315367,-330003841024.0
maml,B_fewshot_adapt_support_to_query,raw_inhouse_target,7,random_repeated,102,0.7966561959705182,-330003841024.0
maml,B_fewshot_adapt_support_to_query,raw_inhouse_target,7,random_repeated,28,0.14407134832857899,-330003841024.0
maml,B_fewshot_adapt_support_to_query,raw_inhouse_target,7,random_repeated,63,0.6431797726779321,-330003841024.0
maml,B_fewshot_adapt_support_to_query,inhouse_percentile,7,random_repeated,35,0.5865384340286255,-15391149056.0
maml,B_fewshot_adapt_support_to_query,inhouse_percentile,7,random_repeated,1,0.18269230425357819,-15391149056.0
maml,B_fewshot_adapt_support_to_query,inhouse_percentile,7,random_repeated,68,0.7403846383094788,-15391149056.0
maml,B_fewshot_adapt_support_to_query,inhouse_percentile,7,random_repeated,81,0.5192307829856873,-15391149056.0
maml,B_fewshot_adapt_support_to_query,inhouse_percentile,7,random_repeated,45,0.375,-15391149056.0
maml,B_fewshot_adapt_support_to_query,inhouse_percentile,7,random_repeated,33,0.9134615659713745,-15391149056.0
maml,B_fewshot_adapt_support_to_query,inhouse_percentile,7,random_repeated,39,0.8653846383094788,-15391149056.0
maml,B_fewshot_adapt_support_to_query,inhouse_percentile,7,random_repeated,92,0.942307710647583,-15391149056.0
maml,B_fewshot_adapt_support_to_query,inhouse_percentile,7,random_repeated,58,0.5480769276618958,-15391149056.0
maml,B_fewshot_adapt_support_to_query,inhouse_percentile,7,random_repeated,56,0.7788461446762085,-15391149056.0
maml,B_fewshot_adapt_support_to_query,inhouse_percentile,7,random_repeated,12,0.25,-15391149056.0
maml,B_fewshot_adapt_support_to_query,inhouse_percentile,7,random_repeated,6,0.01923076994717121,-15391149056.0
maml,B_fewshot_adapt_support_to_query,inhouse_percentile,7,random_repeated,49,0.3461538553237915,-15391149056.0
maml,B_fewshot_adapt_support_to_query,inhouse_percentile,7,random_repeated,52,0.14423076808452606,-15391149056.0
maml,B_fewshot_adapt_support_to_query,inhouse_percentile,7,random_repeated,10,0.20192307233810425,-15391149056.0
maml,B_fewshot_adapt_support_to_query,inhouse_percentile,7,random_repeated,14,0.5288461446762085,-15391149056.0
maml,B_fewshot_adapt_support_to_query,inhouse_percentile,7,random_repeated,80,0.6538461446762085,-15391149056.0
maml,B_fewshot_adapt_support_to_query,inhouse_percentile,7,random_repeated,0,0.08653846383094788,-15391149056.0
maml,B_fewshot_adapt_support_to_query,inhouse_percentile,7,random_repeated,102,0.9519230723381042,-15391149056.0
maml,B_fewshot_adapt_support_to_query,inhouse_percentile,7,random_repeated,28,0.03846153989434242,-15391149056.0
maml,B_fewshot_adapt_support_to_query,inhouse_percentile,7,random_repeated,63,0.7115384340286255,-15391149056.0
fomaml,B_fewshot_adapt_support_to_query,raw_inhouse_target,7,random_repeated,35,0.5867029210460343,-6.155485281098138e+17
fomaml,B_fewshot_adapt_support_to_query,raw_inhouse_target,7,random_repeated,1,0.24854383135427813,-7.573330951321682e+17
fomaml,B_fewshot_adapt_support_to_query,raw_inhouse_target,7,random_repeated,68,0.6528309468621716,-6.914214274961244e+17
fomaml,B_fewshot_adapt_support_to_query,raw_inhouse_target,7,random_repeated,81,0.512433318744358,-7.096539416247665e+17
fomaml,B_fewshot_adapt_support_to_query,raw_inhouse_target,7,random_repeated,45,0.4187199636438257,-6.378983696870932e+17
fomaml,B_fewshot_adapt_support_to_query,raw_inhouse_target,7,random_repeated,33,0.7717762173666799,-6.114743564925665e+17
fomaml,B_fewshot_adapt_support_to_query,raw_inhouse_target,7,random_repeated,39,0.7565851086119532,-6.554150330265764e+17
fomaml,B_fewshot_adapt_support_to_query,raw_inhouse_target,7,random_repeated,92,0.7916862503095949,-6.9391470755106e+17
fomaml,B_fewshot_adapt_support_to_query,raw_inhouse_target,7,random_repeated,58,0.5619024690394058,-6.995673655489331e+17
fomaml,B_fewshot_adapt_support_to_query,raw_inhouse_target,7,random_repeated,56,0.676069693879939,-6.983282846639063e+17
fomaml,B_fewshot_adapt_support_to_query,raw_inhouse_target,7,random_repeated,12,0.3353358208132731,-7.571835615507907e+17
fomaml,B_fewshot_adapt_support_to_query,raw_inhouse_target,7,random_repeated,6,0.05271949038060156,-7.622237915719926e+17
fomaml,B_fewshot_adapt_support_to_query,raw_inhouse_target,7,random_repeated,49,0.3796880137703043,-6.228553326321992e+17
fomaml,B_fewshot_adapt_support_to_query,raw_inhouse_target,7,random_repeated,52,0.21752824156773537,-6.408475347506954e+17
fomaml,B_fewshot_adapt_support_to_query,raw_inhouse_target,7,random_repeated,10,0.2580585765753896,-7.5728526637636e+17
fomaml,B_fewshot_adapt_support_to_query,raw_inhouse_target,7,random_repeated,14,0.5160428222422133,-7.576569013065482e+17
fomaml,B_fewshot_adapt_support_to_query,raw_inhouse_target,7,random_repeated,80,0.6228757010479955,-6.58132682173055e+17
fomaml,B_fewshot_adapt_support_to_query,raw_inhouse_target,7,random_repeated,0,0.17543300459315367,-7.519781986269921e+17
fomaml,B_fewshot_adapt_support_to_query,raw_inhouse_target,7,random_repeated,102,0.7966561959705182,-6.984798111101092e+17
fomaml,B_fewshot_adapt_support_to_query,raw_inhouse_target,7,random_repeated,28,0.14407134832857899,-7.57333919765889e+17
fomaml,B_fewshot_adapt_support_to_query,raw_inhouse_target,7,random_repeated,63,0.6431797726779321,-6.9956764042684e+17
fomaml,B_fewshot_adapt_support_to_query,inhouse_percentile,7,random_repeated,35,0.5865384340286255,-279684480.0
fomaml,B_fewshot_adapt_support_to_query,inhouse_percentile,7,random_repeated,1,0.18269230425357819,-279684480.0
fomaml,B_fewshot_adapt_support_to_query,inhouse_percentile,7,random_repeated,68,0.7403846383094788,-279684480.0
fomaml,B_fewshot_adapt_support_to_query,inhouse_percentile,7,random_repeated,81,0.5192307829856873,-279684480.0
fomaml,B_fewshot_adapt_support_to_query,inhouse_percentile,7,random_repeated,45,0.375,-279684480.0
fomaml,B_fewshot_adapt_support_to_query,inhouse_percentile,7,random_repeated,33,0.9134615659713745,-279684480.0
fomaml,B_fewshot_adapt_support_to_query,inhouse_percentile,7,random_repeated,39,0.8653846383094788,-279684480.0
fomaml,B_fewshot_adapt_support_to_query,inhouse_percentile,7,random_repeated,92,0.942307710647583,-279684480.0
fomaml,B_fewshot_adapt_support_to_query,inhouse_percentile,7,random_repeated,58,0.5480769276618958,-279684480.0
fomaml,B_fewshot_adapt_support_to_query,inhouse_percentile,7,random_repeated,56,0.7788461446762085,-279684480.0
fomaml,B_fewshot_adapt_support_to_query,inhouse_percentile,7,random_repeated,12,0.25,-279684480.0
fomaml,B_fewshot_adapt_support_to_query,inhouse_percentile,7,random_repeated,6,0.01923076994717121,-279684480.0
fomaml,B_fewshot_adapt_support_to_query,inhouse_percentile,7,random_repeated,49,0.3461538553237915,-279684480.0
fomaml,B_fewshot_adapt_support_to_query,inhouse_percentile,7,random_repeated,52,0.14423076808452606,-279684480.0
fomaml,B_fewshot_adapt_support_to_query,inhouse_percentile,7,random_repeated,10,0.20192307233810425,-279684480.0
fomaml,B_fewshot_adapt_support_to_query,inhouse_percentile,7,random_repeated,14,0.5288461446762085,-279684480.0
fomaml,B_fewshot_adapt_support_to_query,inhouse_percentile,7,random_repeated,80,0.6538461446762085,-279684480.0
fomaml,B_fewshot_adapt_support_to_query,inhouse_percentile,7,random_repeated,0,0.08653846383094788,-279684480.0
fomaml,B_fewshot_adapt_support_to_query,inhouse_percentile,7,random_repeated,102,0.9519230723381042,-279684480.0
fomaml,B_fewshot_adapt_support_to_query,inhouse_percentile,7,random_repeated,28,0.03846153989434242,-279684480.0
fomaml,B_fewshot_adapt_support_to_query,inhouse_percentile,7,random_repeated,63,0.7115384340286255,-279684480.0
metasgd,B_fewshot_adapt_support_to_query,raw_inhouse_target,7,random_repeated,35,0.5867029210460343,-1.234169266542297e+26
metasgd,B_fewshot_adapt_support_to_query,raw_inhouse_target,7,random_repeated,1,0.24854383135427813,-1.505481211366806e+26
metasgd,B_fewshot_adapt_support_to_query,raw_inhouse_target,7,random_repeated,68,0.6528309468621716,-1.3799220643232964e+26
metasgd,B_fewshot_adapt_support_to_query,raw_inhouse_target,7,random_repeated,81,0.512433318744358,-1.4153475605773297e+26
metasgd,B_fewshot_adapt_support_to_query,raw_inhouse_target,7,random_repeated,45,0.4187199636438257,-1.2780922554538846e+26
metasgd,B_fewshot_adapt_support_to_query,raw_inhouse_target,7,random_repeated,33,0.7717762173666799,-1.2272836503819034e+26
metasgd,B_fewshot_adapt_support_to_query,raw_inhouse_target,7,random_repeated,39,0.7565851086119532,-1.3108984062831715e+26
metasgd,B_fewshot_adapt_support_to_query,raw_inhouse_target,7,random_repeated,92,0.7916862503095949,-1.38491319986732e+26
metasgd,B_fewshot_adapt_support_to_query,raw_inhouse_target,7,random_repeated,58,0.5619024690394058,-1.3955685004128965e+26
metasgd,B_fewshot_adapt_support_to_query,raw_inhouse_target,7,random_repeated,56,0.676069693879939,-1.3929229606115655e+26
metasgd,B_fewshot_adapt_support_to_query,raw_inhouse_target,7,random_repeated,12,0.3353358208132731,-1.505162636096653e+26
metasgd,B_fewshot_adapt_support_to_query,raw_inhouse_target,7,random_repeated,6,0.05271949038060156,-1.514169812292964e+26
metasgd,B_fewshot_adapt_support_to_query,raw_inhouse_target,7,random_repeated,49,0.3796880137703043,-1.2503448474856514e+26
metasgd,B_fewshot_adapt_support_to_query,raw_inhouse_target,7,random_repeated,52,0.21752824156773537,-1.2818819545563875e+26
metasgd,B_fewshot_adapt_support_to_query,raw_inhouse_target,7,random_repeated,10,0.2580585765753896,-1.50459124819897e+26
metasgd,B_fewshot_adapt_support_to_query,raw_inhouse_target,7,random_repeated,14,0.5160428222422133,-1.5076173443305416e+26
metasgd,B_fewshot_adapt_support_to_query,raw_inhouse_target,7,random_repeated,80,0.6228757010479955,-1.3168971952222215e+26
metasgd,B_fewshot_adapt_support_to_query,raw_inhouse_target,7,random_repeated,0,0.17543300459315367,-1.4949705332947674e+26
metasgd,B_fewshot_adapt_support_to_query,raw_inhouse_target,7,random_repeated,102,0.7966561959705182,-1.3932257639155354e+26
metasgd,B_fewshot_adapt_support_to_query,raw_inhouse_target,7,random_repeated,28,0.14407134832857899,-1.5054822259377301e+26
metasgd,B_fewshot_adapt_support_to_query,raw_inhouse_target,7,random_repeated,63,0.6431797726779321,-1.3955690538152187e+26
metasgd,B_fewshot_adapt_support_to_query,inhouse_percentile,7,random_repeated,35,0.5865384340286255,-1.4231582809530198e+26
metasgd,B_fewshot_adapt_support_to_query,inhouse_percentile,7,random_repeated,1,0.18269230425357819,-1.771064888754106e+26
metasgd,B_fewshot_adapt_support_to_query,inhouse_percentile,7,random_repeated,68,0.7403846383094788,-1.612237499942263e+26
metasgd,B_fewshot_adapt_support_to_query,inhouse_percentile,7,random_repeated,81,0.5192307829856873,-1.654059589171296e+26
metasgd,B_fewshot_adapt_support_to_query,inhouse_percentile,7,random_repeated,45,0.375,-1.4757260597735903e+26
metasgd,B_fewshot_adapt_support_to_query,inhouse_percentile,7,random_repeated,33,0.9134615659713745,-1.4122057111266955e+26
metasgd,B_fewshot_adapt_support_to_query,inhouse_percentile,7,random_repeated,39,0.8653846383094788,-1.5218620123379805e+26
metasgd,B_fewshot_adapt_support_to_query,inhouse_percentile,7,random_repeated,92,0.942307710647583,-1.6180712827555738e+26
metasgd,B_fewshot_adapt_support_to_query,inhouse_percentile,7,random_repeated,58,0.5480769276618958,-1.63029815366251e+26
metasgd,B_fewshot_adapt_support_to_query,inhouse_percentile,7,random_repeated,56,0.7788461446762085,-1.6274870543331173e+26
metasgd,B_fewshot_adapt_support_to_query,inhouse_percentile,7,random_repeated,12,0.25,-1.7707468668862753e+26
metasgd,B_fewshot_adapt_support_to_query,inhouse_percentile,7,random_repeated,6,0.01923076994717121,-1.7813921139563316e+26
metasgd,B_fewshot_adapt_support_to_query,inhouse_percentile,7,random_repeated,49,0.3461538553237915,-1.4390836318130144e+26
metasgd,B_fewshot_adapt_support_to_query,inhouse_percentile,7,random_repeated,52,0.14423076808452606,-1.4875583548247898e+26
metasgd,B_fewshot_adapt_support_to_query,inhouse_percentile,7,random_repeated,10,0.20192307233810425,-1.7706400602380885e+26
metasgd,B_fewshot_adapt_support_to_query,inhouse_percentile,7,random_repeated,14,0.5288461446762085,-1.772863999703615e+26
metasgd,B_fewshot_adapt_support_to_query,inhouse_percentile,7,random_repeated,80,0.6538461446762085,-1.527959030189223e+26
metasgd,B_fewshot_adapt_support_to_query,inhouse_percentile,7,random_repeated,0,0.08653846383094788,-1.759478488801409e+26
metasgd,B_fewshot_adapt_support_to_query,inhouse_percentile,7,random_repeated,102,0.9519230723381042,-1.6278469503099954e+26
metasgd,B_fewshot_adapt_support_to_query,inhouse_percentile,7,random_repeated,28,0.03846153989434242,-1.7710658110913097e+26
metasgd,B_fewshot_adapt_support_to_query,inhouse_percentile,7,random_repeated,63,0.7115384340286255,-1.6302998138694766e+26
supervised_ann,B_fewshot_adapt_support_to_query,raw_inhouse_target,7,random_repeated,35,0.5867029210460343,0.6825029253959656
supervised_ann,B_fewshot_adapt_support_to_query,raw_inhouse_target,7,random_repeated,1,0.24854383135427813,0.6098732948303223
supervised_ann,B_fewshot_adapt_support_to_query,raw_inhouse_target,7,random_repeated,68,0.6528309468621716,0.7195323705673218
supervised_ann,B_fewshot_adapt_support_to_query,raw_inhouse_target,7,random_repeated,81,0.512433318744358,0.5702915787696838
supervised_ann,B_fewshot_adapt_support_to_query,raw_inhouse_target,7,random_repeated,45,0.4187199636438257,0.539194643497467
supervised_ann,B_fewshot_adapt_support_to_query,raw_inhouse_target,7,random_repeated,33,0.7717762173666799,0.57179856300354
supervised_ann,B_fewshot_adapt_support_to_query,raw_inhouse_target,7,random_repeated,39,0.7565851086119532,0.6415369510650635
supervised_ann,B_fewshot_adapt_support_to_query,raw_inhouse_target,7,random_repeated,92,0.7916862503095949,0.7295007705688477
supervised_ann,B_fewshot_adapt_support_to_query,raw_inhouse_target,7,random_repeated,58,0.5619024690394058,0.6717528104782104
supervised_ann,B_fewshot_adapt_support_to_query,raw_inhouse_target,7,random_repeated,56,0.676069693879939,0.6516492366790771
supervised_ann,B_fewshot_adapt_support_to_query,raw_inhouse_target,7,random_repeated,12,0.3353358208132731,0.5331395268440247
supervised_ann,B_fewshot_adapt_support_to_query,raw_inhouse_target,7,random_repeated,6,0.05271949038060156,0.05530209839344025
supervised_ann,B_fewshot_adapt_support_to_query,raw_inhouse_target,7,random_repeated,49,0.3796880137703043,0.7257908582687378
supervised_ann,B_fewshot_adapt_support_to_query,raw_inhouse_target,7,random_repeated,52,0.21752824156773537,0.6009817123413086
supervised_ann,B_fewshot_adapt_support_to_query,raw_inhouse_target,7,random_repeated,10,0.2580585765753896,0.22727704048156738
supervised_ann,B_fewshot_adapt_support_to_query,raw_inhouse_target,7,random_repeated,14,0.5160428222422133,0.6827867031097412
supervised_ann,B_fewshot_adapt_support_to_query,raw_inhouse_target,7,random_repeated,80,0.6228757010479955,0.7365411520004272
supervised_ann,B_fewshot_adapt_support_to_query,raw_inhouse_target,7,random_repeated,0,0.17543300459315367,0.27728527784347534
supervised_ann,B_fewshot_adapt_support_to_query,raw_inhouse_target,7,random_repeated,102,0.7966561959705182,0.651896595954895
supervised_ann,B_fewshot_adapt_support_to_query,raw_inhouse_target,7,random_repeated,28,0.14407134832857899,0.609872579574585
supervised_ann,B_fewshot_adapt_support_to_query,raw_inhouse_target,7,random_repeated,63,0.6431797726779321,0.6717528104782104
supervised_ann,B_fewshot_adapt_support_to_query,inhouse_percentile,7,random_repeated,35,0.5865384340286255,1.1609880924224854
supervised_ann,B_fewshot_adapt_support_to_query,inhouse_percentile,7,random_repeated,1,0.18269230425357819,1.006787896156311
supervised_ann,B_fewshot_adapt_support_to_query,inhouse_percentile,7,random_repeated,68,0.7403846383094788,1.0541926622390747
supervised_ann,B_fewshot_adapt_support_to_query,inhouse_percentile,7,random_repeated,81,0.5192307829856873,1.0658316612243652
supervised_ann,B_fewshot_adapt_support_to_query,inhouse_percentile,7,random_repeated,45,0.375,1.0221589803695679
supervised_ann,B_fewshot_adapt_support_to_query,inhouse_percentile,7,random_repeated,33,0.9134615659713745,1.068578839302063
supervised_ann,B_fewshot_adapt_support_to_query,inhouse_percentile,7,random_repeated,39,0.8653846383094788,1.0911718606948853
supervised_ann,B_fewshot_adapt_support_to_query,inhouse_percentile,7,random_repeated,92,0.942307710647583,1.0573668479919434
supervised_ann,B_fewshot_adapt_support_to_query,inhouse_percentile,7,random_repeated,58,0.5480769276618958,1.1172703504562378
supervised_ann,B_fewshot_adapt_support_to_query,inhouse_percentile,7,random_repeated,56,0.7788461446762085,1.1024929285049438
supervised_ann,B_fewshot_adapt_support_to_query,inhouse_percentile,7,random_repeated,12,0.25,0.9907903075218201
supervised_ann,B_fewshot_adapt_support_to_query,inhouse_percentile,7,random_repeated,6,0.01923076994717121,0.7822640538215637
supervised_ann,B_fewshot_adapt_support_to_query,inhouse_percentile,7,random_repeated,49,0.3461538553237915,1.1652487516403198
supervised_ann,B_fewshot_adapt_support_to_query,inhouse_percentile,7,random_repeated,52,0.14423076808452606,1.0544980764389038
supervised_ann,B_fewshot_adapt_support_to_query,inhouse_percentile,7,random_repeated,10,0.20192307233810425,0.8960309624671936
supervised_ann,B_fewshot_adapt_support_to_query,inhouse_percentile,7,random_repeated,14,0.5288461446762085,1.0279697179794312
supervised_ann,B_fewshot_adapt_support_to_query,inhouse_percentile,7,random_repeated,80,0.6538461446762085,1.1837466955184937
supervised_ann,B_fewshot_adapt_support_to_query,inhouse_percentile,7,random_repeated,0,0.08653846383094788,0.9919046759605408
supervised_ann,B_fewshot_adapt_support_to_query,inhouse_percentile,7,random_repeated,102,0.9519230723381042,1.102586030960083
supervised_ann,B_fewshot_adapt_support_to_query,inhouse_percentile,7,random_repeated,28,0.03846153989434242,1.0067880153656006
supervised_ann,B_fewshot_adapt_support_to_query,inhouse_percentile,7,random_repeated,63,0.7115384340286255,1.1172699928283691
maml,B_fewshot_adapt_support_to_query,raw_inhouse_target,8,random_repeated,43,0.6136297737764471,-217596346368.0
maml,B_fewshot_adapt_support_to_query,raw_inhouse_target,8,random_repeated,86,0.8691860123554722,-217596346368.0
maml,B_fewshot_adapt_support_to_query,raw_inhouse_target,8,random_repeated,66,0.7681532100647782,-217596346368.0
maml,B_fewshot_adapt_support_to_query,raw_inhouse_target,8,random_repeated,98,0.7374909784281607,-217596346368.0
maml,B_fewshot_adapt_support_to_query,raw_inhouse_target,8,random_repeated,87,0.7716784767680998,-217596346368.0
maml,B_fewshot_adapt_support_to_query,raw_inhouse_target,8,random_repeated,23,0.36241321109052227,-217596346368.0
maml,B_fewshot_adapt_support_to_query,raw_inhouse_target,8,random_repeated,101,0.8884604748945687,-217596346368.0
maml,B_fewshot_adapt_support_to_query,raw_inhouse_target,8,random_repeated,54,0.33212902834350305,-217596346368.0
maml,B_fewshot_adapt_support_to_query,raw_inhouse_target,8,random_repeated,17,0.144256165394459,-217596346368.0
maml,B_fewshot_adapt_support_to_query,raw_inhouse_target,8,random_repeated,9,0.04870502447660548,-217596346368.0
maml,B_fewshot_adapt_support_to_query,raw_inhouse_target,8,random_repeated,100,0.8899457183347337,-217596346368.0
maml,B_fewshot_adapt_support_to_query,raw_inhouse_target,8,random_repeated,44,0.3351209588605774,-217596346368.0
maml,B_fewshot_adapt_support_to_query,raw_inhouse_target,8,random_repeated,81,0.512433318744358,-217596346368.0
maml,B_fewshot_adapt_support_to_query,raw_inhouse_target,8,random_repeated,84,1.0000000001541716,-217596346368.0
maml,B_fewshot_adapt_support_to_query,raw_inhouse_target,8,random_repeated,15,0.31203121268996953,-217596346368.0
maml,B_fewshot_adapt_support_to_query,raw_inhouse_target,8,random_repeated,62,0.5763148594927118,-217596346368.0
maml,B_fewshot_adapt_support_to_query,raw_inhouse_target,8,random_repeated,12,0.3353358208132731,-217596346368.0
maml,B_fewshot_adapt_support_to_query,raw_inhouse_target,8,random_repeated,6,0.05271949038060156,-217596346368.0
maml,B_fewshot_adapt_support_to_query,raw_inhouse_target,8,random_repeated,60,0.5483164824186075,-217596346368.0
maml,B_fewshot_adapt_support_to_query,raw_inhouse_target,8,random_repeated,1,0.24854383135427813,-217596346368.0
maml,B_fewshot_adapt_support_to_query,raw_inhouse_target,8,random_repeated,71,0.326655938295472,-217596346368.0
maml,B_fewshot_adapt_support_to_query,inhouse_percentile,8,random_repeated,43,0.6442307829856873,-364472352.0
maml,B_fewshot_adapt_support_to_query,inhouse_percentile,8,random_repeated,86,0.9711538553237915,-364472352.0
maml,B_fewshot_adapt_support_to_query,inhouse_percentile,8,random_repeated,66,0.8942307829856873,-364472352.0
maml,B_fewshot_adapt_support_to_query,inhouse_percentile,8,random_repeated,98,0.8269230723381042,-364472352.0
maml,B_fewshot_adapt_support_to_query,inhouse_percentile,8,random_repeated,87,0.9038461446762085,-364472352.0
maml,B_fewshot_adapt_support_to_query,inhouse_percentile,8,random_repeated,23,0.3076923191547394,-364472352.0
maml,B_fewshot_adapt_support_to_query,inhouse_percentile,8,random_repeated,101,0.9807692170143127,-364472352.0
maml,B_fewshot_adapt_support_to_query,inhouse_percentile,8,random_repeated,54,0.23076923191547394,-364472352.0
maml,B_fewshot_adapt_support_to_query,inhouse_percentile,8,random_repeated,17,0.048076923936605453,-364472352.0
maml,B_fewshot_adapt_support_to_query,inhouse_percentile,8,random_repeated,9,0.009615384973585606,-364472352.0
maml,B_fewshot_adapt_support_to_query,inhouse_percentile,8,random_repeated,100,0.9903846383094788,-364472352.0
maml,B_fewshot_adapt_support_to_query,inhouse_percentile,8,random_repeated,44,0.24038460850715637,-364472352.0
maml,B_fewshot_adapt_support_to_query,inhouse_percentile,8,random_repeated,81,0.5192307829856873,-364472352.0
maml,B_fewshot_adapt_support_to_query,inhouse_percentile,8,random_repeated,84,1.0,-364472352.0
maml,B_fewshot_adapt_support_to_query,inhouse_percentile,8,random_repeated,15,0.21153846383094788,-364472352.0
maml,B_fewshot_adapt_support_to_query,inhouse_percentile,8,random_repeated,62,0.5769230723381042,-364472352.0
maml,B_fewshot_adapt_support_to_query,inhouse_percentile,8,random_repeated,12,0.25,-364472352.0
maml,B_fewshot_adapt_support_to_query,inhouse_percentile,8,random_repeated,6,0.01923076994717121,-364472352.0
maml,B_fewshot_adapt_support_to_query,inhouse_percentile,8,random_repeated,60,0.5384615659713745,-364472352.0
maml,B_fewshot_adapt_support_to_query,inhouse_percentile,8,random_repeated,1,0.18269230425357819,-364472352.0
maml,B_fewshot_adapt_support_to_query,inhouse_percentile,8,random_repeated,71,0.2211538404226303,-364472352.0
fomaml,B_fewshot_adapt_support_to_query,raw_inhouse_target,8,random_repeated,43,0.6136297737764471,-586277632.0
fomaml,B_fewshot_adapt_support_to_query,raw_inhouse_target,8,random_repeated,86,0.8691860123554722,-586277632.0
fomaml,B_fewshot_adapt_support_to_query,raw_inhouse_target,8,random_repeated,66,0.7681532100647782,-586277632.0
fomaml,B_fewshot_adapt_support_to_query,raw_inhouse_target,8,random_repeated,98,0.7374909784281607,-586277632.0
fomaml,B_fewshot_adapt_support_to_query,raw_inhouse_target,8,random_repeated,87,0.7716784767680998,-586277632.0
fomaml,B_fewshot_adapt_support_to_query,raw_inhouse_target,8,random_repeated,23,0.36241321109052227,-586277632.0
fomaml,B_fewshot_adapt_support_to_query,raw_inhouse_target,8,random_repeated,101,0.8884604748945687,-586277632.0
fomaml,B_fewshot_adapt_support_to_query,raw_inhouse_target,8,random_repeated,54,0.33212902834350305,-586277632.0
fomaml,B_fewshot_adapt_support_to_query,raw_inhouse_target,8,random_repeated,17,0.144256165394459,-586277632.0
fomaml,B_fewshot_adapt_support_to_query,raw_inhouse_target,8,random_repeated,9,0.04870502447660548,-586277632.0
fomaml,B_fewshot_adapt_support_to_query,raw_inhouse_target,8,random_repeated,100,0.8899457183347337,-586277632.0
fomaml,B_fewshot_adapt_support_to_query,raw_inhouse_target,8,random_repeated,44,0.3351209588605774,-586277632.0
fomaml,B_fewshot_adapt_support_to_query,raw_inhouse_target,8,random_repeated,81,0.512433318744358,-586277632.0
fomaml,B_fewshot_adapt_support_to_query,raw_inhouse_target,8,random_repeated,84,1.0000000001541716,-586277632.0
fomaml,B_fewshot_adapt_support_to_query,raw_inhouse_target,8,random_repeated,15,0.31203121268996953,-586277632.0
fomaml,B_fewshot_adapt_support_to_query,raw_inhouse_target,8,random_repeated,62,0.5763148594927118,-586277632.0
fomaml,B_fewshot_adapt_support_to_query,raw_inhouse_target,8,random_repeated,12,0.3353358208132731,-586277632.0
fomaml,B_fewshot_adapt_support_to_query,raw_inhouse_target,8,random_repeated,6,0.05271949038060156,-586277632.0
fomaml,B_fewshot_adapt_support_to_query,raw_inhouse_target,8,random_repeated,60,0.5483164824186075,-586277632.0
fomaml,B_fewshot_adapt_support_to_query,raw_inhouse_target,8,random_repeated,1,0.24854383135427813,-586277632.0
fomaml,B_fewshot_adapt_support_to_query,raw_inhouse_target,8,random_repeated,71,0.326655938295472,-586277632.0
fomaml,B_fewshot_adapt_support_to_query,inhouse_percentile,8,random_repeated,43,0.6442307829856873,-448153856.0
fomaml,B_fewshot_adapt_support_to_query,inhouse_percentile,8,random_repeated,86,0.9711538553237915,-448153856.0
fomaml,B_fewshot_adapt_support_to_query,inhouse_percentile,8,random_repeated,66,0.8942307829856873,-448153856.0
fomaml,B_fewshot_adapt_support_to_query,inhouse_percentile,8,random_repeated,98,0.8269230723381042,-448153856.0
fomaml,B_fewshot_adapt_support_to_query,inhouse_percentile,8,random_repeated,87,0.9038461446762085,-448153856.0
fomaml,B_fewshot_adapt_support_to_query,inhouse_percentile,8,random_repeated,23,0.3076923191547394,-448153856.0
fomaml,B_fewshot_adapt_support_to_query,inhouse_percentile,8,random_repeated,101,0.9807692170143127,-448153856.0
fomaml,B_fewshot_adapt_support_to_query,inhouse_percentile,8,random_repeated,54,0.23076923191547394,-448153856.0
fomaml,B_fewshot_adapt_support_to_query,inhouse_percentile,8,random_repeated,17,0.048076923936605453,-448153856.0
fomaml,B_fewshot_adapt_support_to_query,inhouse_percentile,8,random_repeated,9,0.009615384973585606,-448153856.0
fomaml,B_fewshot_adapt_support_to_query,inhouse_percentile,8,random_repeated,100,0.9903846383094788,-448153856.0
fomaml,B_fewshot_adapt_support_to_query,inhouse_percentile,8,random_repeated,44,0.24038460850715637,-448153856.0
fomaml,B_fewshot_adapt_support_to_query,inhouse_percentile,8,random_repeated,81,0.5192307829856873,-448153856.0
fomaml,B_fewshot_adapt_support_to_query,inhouse_percentile,8,random_repeated,84,1.0,-448153856.0
fomaml,B_fewshot_adapt_support_to_query,inhouse_percentile,8,random_repeated,15,0.21153846383094788,-448153856.0
fomaml,B_fewshot_adapt_support_to_query,inhouse_percentile,8,random_repeated,62,0.5769230723381042,-448153856.0
fomaml,B_fewshot_adapt_support_to_query,inhouse_percentile,8,random_repeated,12,0.25,-448153856.0
fomaml,B_fewshot_adapt_support_to_query,inhouse_percentile,8,random_repeated,6,0.01923076994717121,-448153856.0
fomaml,B_fewshot_adapt_support_to_query,inhouse_percentile,8,random_repeated,60,0.5384615659713745,-448153856.0
fomaml,B_fewshot_adapt_support_to_query,inhouse_percentile,8,random_repeated,1,0.18269230425357819,-448153856.0
fomaml,B_fewshot_adapt_support_to_query,inhouse_percentile,8,random_repeated,71,0.2211538404226303,-448153856.0
metasgd,B_fewshot_adapt_support_to_query,raw_inhouse_target,8,random_repeated,43,0.6136297737764471,-5.554445612476869e+25
metasgd,B_fewshot_adapt_support_to_query,raw_inhouse_target,8,random_repeated,86,0.8691860123554722,-5.281842395567201e+25
metasgd,B_fewshot_adapt_support_to_query,raw_inhouse_target,8,random_repeated,66,0.7681532100647782,-5.271547267699663e+25
metasgd,B_fewshot_adapt_support_to_query,raw_inhouse_target,8,random_repeated,98,0.7374909784281607,-5.272608877821105e+25
metasgd,B_fewshot_adapt_support_to_query,raw_inhouse_target,8,random_repeated,87,0.7716784767680998,-5.2864499310682114e+25
metasgd,B_fewshot_adapt_support_to_query,raw_inhouse_target,8,random_repeated,23,0.36241321109052227,-5.8665774349248865e+25
metasgd,B_fewshot_adapt_support_to_query,raw_inhouse_target,8,random_repeated,101,0.8884604748945687,-5.146374579944498e+25
metasgd,B_fewshot_adapt_support_to_query,raw_inhouse_target,8,random_repeated,54,0.33212902834350305,-5.7143604368518574e+25
metasgd,B_fewshot_adapt_support_to_query,raw_inhouse_target,8,random_repeated,17,0.144256165394459,-6.013096694922149e+25
metasgd,B_fewshot_adapt_support_to_query,raw_inhouse_target,8,random_repeated,9,0.04870502447660548,-5.941709178862698e+25
metasgd,B_fewshot_adapt_support_to_query,raw_inhouse_target,8,random_repeated,100,0.8899457183347337,-5.485292458293347e+25
metasgd,B_fewshot_adapt_support_to_query,raw_inhouse_target,8,random_repeated,44,0.3351209588605774,-4.891735724751011e+25
metasgd,B_fewshot_adapt_support_to_query,raw_inhouse_target,8,random_repeated,81,0.512433318744358,-5.554445612476869e+25
metasgd,B_fewshot_adapt_support_to_query,raw_inhouse_target,8,random_repeated,84,1.0000000001541716,-5.272625479890772e+25
metasgd,B_fewshot_adapt_support_to_query,raw_inhouse_target,8,random_repeated,15,0.31203121268996953,-5.867305158978594e+25
metasgd,B_fewshot_adapt_support_to_query,raw_inhouse_target,8,random_repeated,62,0.5763148594927118,-5.470219162542117e+25
metasgd,B_fewshot_adapt_support_to_query,raw_inhouse_target,8,random_repeated,12,0.3353358208132731,-5.938913113629726e+25
metasgd,B_fewshot_adapt_support_to_query,raw_inhouse_target,8,random_repeated,6,0.05271949038060156,-6.011372385519859e+25
metasgd,B_fewshot_adapt_support_to_query,raw_inhouse_target,8,random_repeated,60,0.5483164824186075,-5.572471770785698e+25
metasgd,B_fewshot_adapt_support_to_query,raw_inhouse_target,8,random_repeated,1,0.24854383135427813,-5.940640190043627e+25
metasgd,B_fewshot_adapt_support_to_query,raw_inhouse_target,8,random_repeated,71,0.326655938295472,-5.472758356863863e+25
metasgd,B_fewshot_adapt_support_to_query,inhouse_percentile,8,random_repeated,43,0.6442307829856873,-5.855345950328168e+26
metasgd,B_fewshot_adapt_support_to_query,inhouse_percentile,8,random_repeated,86,0.9711538553237915,-5.582416410515835e+26
metasgd,B_fewshot_adapt_support_to_query,inhouse_percentile,8,random_repeated,66,0.8942307829856873,-5.565623232580893e+26
metasgd,B_fewshot_adapt_support_to_query,inhouse_percentile,8,random_repeated,98,0.8269230723381042,-5.566263703535132e+26
metasgd,B_fewshot_adapt_support_to_query,inhouse_percentile,8,random_repeated,87,0.9038461446762085,-5.5870266207947366e+26
metasgd,B_fewshot_adapt_support_to_query,inhouse_percentile,8,random_repeated,23,0.3076923191547394,-6.179000346994387e+26
metasgd,B_fewshot_adapt_support_to_query,inhouse_percentile,8,random_repeated,101,0.9807692170143127,-5.375970781019559e+26
metasgd,B_fewshot_adapt_support_to_query,inhouse_percentile,8,random_repeated,54,0.23076923191547394,-5.939150246524793e+26
metasgd,B_fewshot_adapt_support_to_query,inhouse_percentile,8,random_repeated,17,0.048076923936605453,-6.130339311867467e+26
metasgd,B_fewshot_adapt_support_to_query,inhouse_percentile,8,random_repeated,9,0.009615384973585606,-6.156172870138053e+26
metasgd,B_fewshot_adapt_support_to_query,inhouse_percentile,8,random_repeated,100,0.9903846383094788,-5.862352392662244e+26
metasgd,B_fewshot_adapt_support_to_query,inhouse_percentile,8,random_repeated,44,0.24038460850715637,-5.2479315614690596e+26
metasgd,B_fewshot_adapt_support_to_query,inhouse_percentile,8,random_repeated,81,0.5192307829856873,-5.855345950328168e+26
metasgd,B_fewshot_adapt_support_to_query,inhouse_percentile,8,random_repeated,84,1.0,-5.573198203567321e+26
metasgd,B_fewshot_adapt_support_to_query,inhouse_percentile,8,random_repeated,15,0.21153846383094788,-6.180256201330925e+26
metasgd,B_fewshot_adapt_support_to_query,inhouse_percentile,8,random_repeated,62,0.5769230723381042,-5.772451078614376e+26
metasgd,B_fewshot_adapt_support_to_query,inhouse_percentile,8,random_repeated,12,0.25,-6.1547605874117696e+26
metasgd,B_fewshot_adapt_support_to_query,inhouse_percentile,8,random_repeated,6,0.01923076994717121,-6.128791998974564e+26
metasgd,B_fewshot_adapt_support_to_query,inhouse_percentile,8,random_repeated,60,0.5384615659713745,-5.905020449574497e+26
metasgd,B_fewshot_adapt_support_to_query,inhouse_percentile,8,random_repeated,1,0.18269230425357819,-6.1563079003046723e+26
metasgd,B_fewshot_adapt_support_to_query,inhouse_percentile,8,random_repeated,71,0.2211538404226303,-5.77416883942252e+26
supervised_ann,B_fewshot_adapt_support_to_query,raw_inhouse_target,8,random_repeated,43,0.6136297737764471,0.4896255135536194
supervised_ann,B_fewshot_adapt_support_to_query,raw_inhouse_target,8,random_repeated,86,0.8691860123554722,0.44882988929748535
supervised_ann,B_fewshot_adapt_support_to_query,raw_inhouse_target,8,random_repeated,66,0.7681532100647782,0.46263203024864197
supervised_ann,B_fewshot_adapt_support_to_query,raw_inhouse_target,8,random_repeated,98,0.7374909784281607,0.46302279829978943
supervised_ann,B_fewshot_adapt_support_to_query,raw_inhouse_target,8,random_repeated,87,0.7716784767680998,0.45170462131500244
supervised_ann,B_fewshot_adapt_support_to_query,raw_inhouse_target,8,random_repeated,23,0.36241321109052227,0.4256333112716675
supervised_ann,B_fewshot_adapt_support_to_query,raw_inhouse_target,8,random_repeated,101,0.8884604748945687,0.547285795211792
supervised_ann,B_fewshot_adapt_support_to_query,raw_inhouse_target,8,random_repeated,54,0.33212902834350305,0.4794396162033081
supervised_ann,B_fewshot_adapt_support_to_query,raw_inhouse_target,8,random_repeated,17,0.144256165394459,0.42100849747657776
supervised_ann,B_fewshot_adapt_support_to_query,raw_inhouse_target,8,random_repeated,9,0.04870502447660548,0.48003530502319336
supervised_ann,B_fewshot_adapt_support_to_query,raw_inhouse_target,8,random_repeated,100,0.8899457183347337,0.36818167567253113
supervised_ann,B_fewshot_adapt_support_to_query,raw_inhouse_target,8,random_repeated,44,0.3351209588605774,0.36691635847091675
supervised_ann,B_fewshot_adapt_support_to_query,raw_inhouse_target,8,random_repeated,81,0.512433318744358,0.48962563276290894
supervised_ann,B_fewshot_adapt_support_to_query,raw_inhouse_target,8,random_repeated,84,1.0000000001541716,0.443081259727478
supervised_ann,B_fewshot_adapt_support_to_query,raw_inhouse_target,8,random_repeated,15,0.31203121268996953,0.4716932475566864
supervised_ann,B_fewshot_adapt_support_to_query,raw_inhouse_target,8,random_repeated,62,0.5763148594927118,0.3945513367652893
supervised_ann,B_fewshot_adapt_support_to_query,raw_inhouse_target,8,random_repeated,12,0.3353358208132731,0.48954886198043823
supervised_ann,B_fewshot_adapt_support_to_query,raw_inhouse_target,8,random_repeated,6,0.05271949038060156,0.3550965189933777
supervised_ann,B_fewshot_adapt_support_to_query,raw_inhouse_target,8,random_repeated,60,0.5483164824186075,0.3563444912433624
supervised_ann,B_fewshot_adapt_support_to_query,raw_inhouse_target,8,random_repeated,1,0.24854383135427813,0.5796711444854736
supervised_ann,B_fewshot_adapt_support_to_query,raw_inhouse_target,8,random_repeated,71,0.326655938295472,0.4801223874092102
supervised_ann,B_fewshot_adapt_support_to_query,inhouse_percentile,8,random_repeated,43,0.6442307829856873,0.3894490599632263
supervised_ann,B_fewshot_adapt_support_to_query,inhouse_percentile,8,random_repeated,86,0.9711538553237915,0.6006938815116882
supervised_ann,B_fewshot_adapt_support_to_query,inhouse_percentile,8,random_repeated,66,0.8942307829856873,0.6142988204956055
supervised_ann,B_fewshot_adapt_support_to_query,inhouse_percentile,8,random_repeated,98,0.8269230723381042,0.6128529906272888
supervised_ann,B_fewshot_adapt_support_to_query,inhouse_percentile,8,random_repeated,87,0.9038461446762085,0.6023810505867004
supervised_ann,B_fewshot_adapt_support_to_query,inhouse_percentile,8,random_repeated,23,0.3076923191547394,0.2670535445213318
supervised_ann,B_fewshot_adapt_support_to_query,inhouse_percentile,8,random_repeated,101,0.9807692170143127,0.5544255375862122
supervised_ann,B_fewshot_adapt_support_to_query,inhouse_percentile,8,random_repeated,54,0.23076923191547394,0.38453444838523865
supervised_ann,B_fewshot_adapt_support_to_query,inhouse_percentile,8,random_repeated,17,0.048076923936605453,-0.020530737936496735
supervised_ann,B_fewshot_adapt_support_to_query,inhouse_percentile,8,random_repeated,9,0.009615384973585606,0.19155246019363403
supervised_ann,B_fewshot_adapt_support_to_query,inhouse_percentile,8,random_repeated,100,0.9903846383094788,0.5630765557289124
supervised_ann,B_fewshot_adapt_support_to_query,inhouse_percentile,8,random_repeated,44,0.24038460850715637,0.6733929514884949
supervised_ann,B_fewshot_adapt_support_to_query,inhouse_percentile,8,random_repeated,81,0.5192307829856873,0.3894491195678711
supervised_ann,B_fewshot_adapt_support_to_query,inhouse_percentile,8,random_repeated,84,1.0,0.5950024724006653
supervised_ann,B_fewshot_adapt_support_to_query,inhouse_percentile,8,random_repeated,15,0.21153846383094788,0.35773447155952454
supervised_ann,B_fewshot_adapt_support_to_query,inhouse_percentile,8,random_repeated,62,0.5769230723381042,0.4907158315181732
supervised_ann,B_fewshot_adapt_support_to_query,inhouse_percentile,8,random_repeated,12,0.25,0.20802441239356995
supervised_ann,B_fewshot_adapt_support_to_query,inhouse_percentile,8,random_repeated,6,0.01923076994717121,-0.009647704660892487
supervised_ann,B_fewshot_adapt_support_to_query,inhouse_percentile,8,random_repeated,60,0.5384615659713745,0.47007283568382263
supervised_ann,B_fewshot_adapt_support_to_query,inhouse_percentile,8,random_repeated,1,0.18269230425357819,0.21349796652793884
supervised_ann,B_fewshot_adapt_support_to_query,inhouse_percentile,8,random_repeated,71,0.2211538404226303,0.3772359788417816
maml,B_fewshot_adapt_support_to_query,raw_inhouse_target,9,random_repeated,41,0.6377319120803782,-62634885120.0
maml,B_fewshot_adapt_support_to_query,raw_inhouse_target,9,random_repeated,92,0.7916862503095949,-62634885120.0
maml,B_fewshot_adapt_support_to_query,raw_inhouse_target,9,random_repeated,33,0.7717762173666799,-62634885120.0
maml,B_fewshot_adapt_support_to_query,raw_inhouse_target,9,random_repeated,17,0.144256165394459,-62634885120.0
maml,B_fewshot_adapt_support_to_query,raw_inhouse_target,9,random_repeated,39,0.7565851086119532,-62634885120.0
maml,B_fewshot_adapt_support_to_query,raw_inhouse_target,9,random_repeated,23,0.36241321109052227,-62634885120.0
maml,B_fewshot_adapt_support_to_query,raw_inhouse_target,9,random_repeated,9,0.04870502447660548,-62634885120.0
maml,B_fewshot_adapt_support_to_query,raw_inhouse_target,9,random_repeated,70,0.388970664414875,-62634885120.0
maml,B_fewshot_adapt_support_to_query,raw_inhouse_target,9,random_repeated,21,0.4333989964776431,-62634885120.0
maml,B_fewshot_adapt_support_to_query,raw_inhouse_target,9,random_repeated,60,0.5483164824186075,-62634885120.0
maml,B_fewshot_adapt_support_to_query,raw_inhouse_target,9,random_repeated,15,0.31203121268996953,-62634885120.0
maml,B_fewshot_adapt_support_to_query,raw_inhouse_target,9,random_repeated,48,0.2181523323074733,-62634885120.0
maml,B_fewshot_adapt_support_to_query,raw_inhouse_target,9,random_repeated,31,0.4373763137086527,-62634885120.0
maml,B_fewshot_adapt_support_to_query,raw_inhouse_target,9,random_repeated,37,0.6484163433607225,-62634885120.0
maml,B_fewshot_adapt_support_to_query,raw_inhouse_target,9,random_repeated,4,0.05517919651737015,-62634885120.0
maml,B_fewshot_adapt_support_to_query,raw_inhouse_target,9,random_repeated,93,0.665395662177569,-62634885120.0
maml,B_fewshot_adapt_support_to_query,raw_inhouse_target,9,random_repeated,82,0.35518158247976145,-62634885120.0
maml,B_fewshot_adapt_support_to_query,raw_inhouse_target,9,random_repeated,63,0.6431797726779321,-62634885120.0
maml,B_fewshot_adapt_support_to_query,raw_inhouse_target,9,random_repeated,13,0.17950464805909924,-62634885120.0
maml,B_fewshot_adapt_support_to_query,raw_inhouse_target,9,random_repeated,26,0.3663625473378234,-62634885120.0
maml,B_fewshot_adapt_support_to_query,raw_inhouse_target,9,random_repeated,76,0.46415337042920773,-62634885120.0
maml,B_fewshot_adapt_support_to_query,inhouse_percentile,9,random_repeated,41,0.7019230723381042,-19017365504.0
maml,B_fewshot_adapt_support_to_query,inhouse_percentile,9,random_repeated,92,0.942307710647583,-19017365504.0
maml,B_fewshot_adapt_support_to_query,inhouse_percentile,9,random_repeated,33,0.9134615659713745,-19017365504.0
maml,B_fewshot_adapt_support_to_query,inhouse_percentile,9,random_repeated,17,0.048076923936605453,-19017365504.0
maml,B_fewshot_adapt_support_to_query,inhouse_percentile,9,random_repeated,39,0.8653846383094788,-19017365504.0
maml,B_fewshot_adapt_support_to_query,inhouse_percentile,9,random_repeated,23,0.3076923191547394,-19017365504.0
maml,B_fewshot_adapt_support_to_query,inhouse_percentile,9,random_repeated,9,0.009615384973585606,-19017365504.0
maml,B_fewshot_adapt_support_to_query,inhouse_percentile,9,random_repeated,70,0.35576921701431274,-19017365504.0
maml,B_fewshot_adapt_support_to_query,inhouse_percentile,9,random_repeated,21,0.39423078298568726,-19017365504.0
maml,B_fewshot_adapt_support_to_query,inhouse_percentile,9,random_repeated,60,0.5384615659713745,-19017365504.0
maml,B_fewshot_adapt_support_to_query,inhouse_percentile,9,random_repeated,15,0.21153846383094788,-19017365504.0
maml,B_fewshot_adapt_support_to_query,inhouse_percentile,9,random_repeated,48,0.1538461595773697,-19017365504.0
maml,B_fewshot_adapt_support_to_query,inhouse_percentile,9,random_repeated,31,0.42307692766189575,-19017365504.0
maml,B_fewshot_adapt_support_to_query,inhouse_percentile,9,random_repeated,37,0.7307692170143127,-19017365504.0
maml,B_fewshot_adapt_support_to_query,inhouse_percentile,9,random_repeated,4,0.028846153989434242,-19017365504.0
maml,B_fewshot_adapt_support_to_query,inhouse_percentile,9,random_repeated,93,0.75,-19017365504.0
maml,B_fewshot_adapt_support_to_query,inhouse_percentile,9,random_repeated,82,0.29807692766189575,-19017365504.0
maml,B_fewshot_adapt_support_to_query,inhouse_percentile,9,random_repeated,63,0.7115384340286255,-19017365504.0
maml,B_fewshot_adapt_support_to_query,inhouse_percentile,9,random_repeated,13,0.10576923191547394,-19017365504.0
maml,B_fewshot_adapt_support_to_query,inhouse_percentile,9,random_repeated,26,0.3173076808452606,-19017365504.0
maml,B_fewshot_adapt_support_to_query,inhouse_percentile,9,random_repeated,76,0.4711538553237915,-19017365504.0
fomaml,B_fewshot_adapt_support_to_query,raw_inhouse_target,9,random_repeated,41,0.6377319120803782,-156143232.0
fomaml,B_fewshot_adapt_support_to_query,raw_inhouse_target,9,random_repeated,92,0.7916862503095949,-156153040.0
fomaml,B_fewshot_adapt_support_to_query,raw_inhouse_target,9,random_repeated,33,0.7717762173666799,-156153040.0
fomaml,B_fewshot_adapt_support_to_query,raw_inhouse_target,9,random_repeated,17,0.144256165394459,-156153040.0
fomaml,B_fewshot_adapt_support_to_query,raw_inhouse_target,9,random_repeated,39,0.7565851086119532,-156153040.0
fomaml,B_fewshot_adapt_support_to_query,raw_inhouse_target,9,random_repeated,23,0.36241321109052227,-156153040.0
fomaml,B_fewshot_adapt_support_to_query,raw_inhouse_target,9,random_repeated,9,0.04870502447660548,-156153040.0
fomaml,B_fewshot_adapt_support_to_query,raw_inhouse_target,9,random_repeated,70,0.388970664414875,-156153040.0
fomaml,B_fewshot_adapt_support_to_query,raw_inhouse_target,9,random_repeated,21,0.4333989964776431,-156153040.0
fomaml,B_fewshot_adapt_support_to_query,raw_inhouse_target,9,random_repeated,60,0.5483164824186075,-156153040.0
fomaml,B_fewshot_adapt_support_to_query,raw_inhouse_target,9,random_repeated,15,0.31203121268996953,-156153040.0
fomaml,B_fewshot_adapt_support_to_query,raw_inhouse_target,9,random_repeated,48,0.2181523323074733,-156153040.0
fomaml,B_fewshot_adapt_support_to_query,raw_inhouse_target,9,random_repeated,31,0.4373763137086527,-156153040.0
fomaml,B_fewshot_adapt_support_to_query,raw_inhouse_target,9,random_repeated,37,0.6484163433607225,-156153040.0
fomaml,B_fewshot_adapt_support_to_query,raw_inhouse_target,9,random_repeated,4,0.05517919651737015,-156153040.0
fomaml,B_fewshot_adapt_support_to_query,raw_inhouse_target,9,random_repeated,93,0.665395662177569,-156153040.0
fomaml,B_fewshot_adapt_support_to_query,raw_inhouse_target,9,random_repeated,82,0.35518158247976145,-156153040.0
fomaml,B_fewshot_adapt_support_to_query,raw_inhouse_target,9,random_repeated,63,0.6431797726779321,-156153040.0
fomaml,B_fewshot_adapt_support_to_query,raw_inhouse_target,9,random_repeated,13,0.17950464805909924,-156153040.0
fomaml,B_fewshot_adapt_support_to_query,raw_inhouse_target,9,random_repeated,26,0.3663625473378234,-156153040.0
fomaml,B_fewshot_adapt_support_to_query,raw_inhouse_target,9,random_repeated,76,0.46415337042920773,-156153040.0
fomaml,B_fewshot_adapt_support_to_query,inhouse_percentile,9,random_repeated,41,0.7019230723381042,-39993144.0
fomaml,B_fewshot_adapt_support_to_query,inhouse_percentile,9,random_repeated,92,0.942307710647583,-39995648.0
fomaml,B_fewshot_adapt_support_to_query,inhouse_percentile,9,random_repeated,33,0.9134615659713745,-39995648.0
fomaml,B_fewshot_adapt_support_to_query,inhouse_percentile,9,random_repeated,17,0.048076923936605453,-39995648.0
fomaml,B_fewshot_adapt_support_to_query,inhouse_percentile,9,random_repeated,39,0.8653846383094788,-39995648.0
fomaml,B_fewshot_adapt_support_to_query,inhouse_percentile,9,random_repeated,23,0.3076923191547394,-39995648.0
fomaml,B_fewshot_adapt_support_to_query,inhouse_percentile,9,random_repeated,9,0.009615384973585606,-39995648.0
fomaml,B_fewshot_adapt_support_to_query,inhouse_percentile,9,random_repeated,70,0.35576921701431274,-39995648.0
fomaml,B_fewshot_adapt_support_to_query,inhouse_percentile,9,random_repeated,21,0.39423078298568726,-39995648.0
fomaml,B_fewshot_adapt_support_to_query,inhouse_percentile,9,random_repeated,60,0.5384615659713745,-39995648.0
fomaml,B_fewshot_adapt_support_to_query,inhouse_percentile,9,random_repeated,15,0.21153846383094788,-39995648.0
fomaml,B_fewshot_adapt_support_to_query,inhouse_percentile,9,random_repeated,48,0.1538461595773697,-39995648.0
fomaml,B_fewshot_adapt_support_to_query,inhouse_percentile,9,random_repeated,31,0.42307692766189575,-39995648.0
fomaml,B_fewshot_adapt_support_to_query,inhouse_percentile,9,random_repeated,37,0.7307692170143127,-39995648.0
fomaml,B_fewshot_adapt_support_to_query,inhouse_percentile,9,random_repeated,4,0.028846153989434242,-39995648.0
fomaml,B_fewshot_adapt_support_to_query,inhouse_percentile,9,random_repeated,93,0.75,-39995648.0
fomaml,B_fewshot_adapt_support_to_query,inhouse_percentile,9,random_repeated,82,0.29807692766189575,-39995648.0
fomaml,B_fewshot_adapt_support_to_query,inhouse_percentile,9,random_repeated,63,0.7115384340286255,-39995648.0
fomaml,B_fewshot_adapt_support_to_query,inhouse_percentile,9,random_repeated,13,0.10576923191547394,-39995648.0
fomaml,B_fewshot_adapt_support_to_query,inhouse_percentile,9,random_repeated,26,0.3173076808452606,-39995648.0
fomaml,B_fewshot_adapt_support_to_query,inhouse_percentile,9,random_repeated,76,0.4711538553237915,-39995648.0
metasgd,B_fewshot_adapt_support_to_query,raw_inhouse_target,9,random_repeated,41,0.6377319120803782,-3753017081856.0
metasgd,B_fewshot_adapt_support_to_query,raw_inhouse_target,9,random_repeated,92,0.7916862503095949,-3753017081856.0
metasgd,B_fewshot_adapt_support_to_query,raw_inhouse_target,9,random_repeated,33,0.7717762173666799,-3753017081856.0
metasgd,B_fewshot_adapt_support_to_query,raw_inhouse_target,9,random_repeated,17,0.144256165394459,-3753017081856.0
metasgd,B_fewshot_adapt_support_to_query,raw_inhouse_target,9,random_repeated,39,0.7565851086119532,-3753017081856.0
metasgd,B_fewshot_adapt_support_to_query,raw_inhouse_target,9,random_repeated,23,0.36241321109052227,-3753017081856.0
metasgd,B_fewshot_adapt_support_to_query,raw_inhouse_target,9,random_repeated,9,0.04870502447660548,-3753017081856.0
metasgd,B_fewshot_adapt_support_to_query,raw_inhouse_target,9,random_repeated,70,0.388970664414875,-3753017081856.0
metasgd,B_fewshot_adapt_support_to_query,raw_inhouse_target,9,random_repeated,21,0.4333989964776431,-3753017081856.0
metasgd,B_fewshot_adapt_support_to_query,raw_inhouse_target,9,random_repeated,60,0.5483164824186075,-3753017081856.0
metasgd,B_fewshot_adapt_support_to_query,raw_inhouse_target,9,random_repeated,15,0.31203121268996953,-3753017081856.0
metasgd,B_fewshot_adapt_support_to_query,raw_inhouse_target,9,random_repeated,48,0.2181523323074733,-3753017081856.0
metasgd,B_fewshot_adapt_support_to_query,raw_inhouse_target,9,random_repeated,31,0.4373763137086527,-3753017081856.0
metasgd,B_fewshot_adapt_support_to_query,raw_inhouse_target,9,random_repeated,37,0.6484163433607225,-3753017081856.0
metasgd,B_fewshot_adapt_support_to_query,raw_inhouse_target,9,random_repeated,4,0.05517919651737015,-3753017081856.0
metasgd,B_fewshot_adapt_support_to_query,raw_inhouse_target,9,random_repeated,93,0.665395662177569,-3753017081856.0
metasgd,B_fewshot_adapt_support_to_query,raw_inhouse_target,9,random_repeated,82,0.35518158247976145,-3753017081856.0
metasgd,B_fewshot_adapt_support_to_query,raw_inhouse_target,9,random_repeated,63,0.6431797726779321,-3753017081856.0
metasgd,B_fewshot_adapt_support_to_query,raw_inhouse_target,9,random_repeated,13,0.17950464805909924,-3753017081856.0
metasgd,B_fewshot_adapt_support_to_query,raw_inhouse_target,9,random_repeated,26,0.3663625473378234,-3753017081856.0
metasgd,B_fewshot_adapt_support_to_query,raw_inhouse_target,9,random_repeated,76,0.46415337042920773,-3753017081856.0
metasgd,B_fewshot_adapt_support_to_query,inhouse_percentile,9,random_repeated,41,0.7019230723381042,-2.395767381691654e+26
metasgd,B_fewshot_adapt_support_to_query,inhouse_percentile,9,random_repeated,92,0.942307710647583,-2.7331872921879974e+26
metasgd,B_fewshot_adapt_support_to_query,inhouse_percentile,9,random_repeated,33,0.9134615659713745,-2.441898814803746e+26
metasgd,B_fewshot_adapt_support_to_query,inhouse_percentile,9,random_repeated,17,0.048076923936605453,-3.0274803752469746e+26
metasgd,B_fewshot_adapt_support_to_query,inhouse_percentile,9,random_repeated,39,0.8653846383094788,-2.601395635958024e+26
metasgd,B_fewshot_adapt_support_to_query,inhouse_percentile,9,random_repeated,23,0.3076923191547394,-2.9578287900385806e+26
metasgd,B_fewshot_adapt_support_to_query,inhouse_percentile,9,random_repeated,9,0.009615384973585606,-2.992847166650907e+26
metasgd,B_fewshot_adapt_support_to_query,inhouse_percentile,9,random_repeated,70,0.35576921701431274,-2.7669688146101817e+26
metasgd,B_fewshot_adapt_support_to_query,inhouse_percentile,9,random_repeated,21,0.39423078298568726,-2.9681416267804286e+26
metasgd,B_fewshot_adapt_support_to_query,inhouse_percentile,9,random_repeated,60,0.5384615659713745,-2.813621552709797e+26
metasgd,B_fewshot_adapt_support_to_query,inhouse_percentile,9,random_repeated,15,0.21153846383094788,-2.9581171126484526e+26
metasgd,B_fewshot_adapt_support_to_query,inhouse_percentile,9,random_repeated,48,0.1538461595773697,-2.764233531398932e+26
metasgd,B_fewshot_adapt_support_to_query,inhouse_percentile,9,random_repeated,31,0.42307692766189575,-2.647365106657149e+26
metasgd,B_fewshot_adapt_support_to_query,inhouse_percentile,9,random_repeated,37,0.7307692170143127,-2.5552062800695404e+26
metasgd,B_fewshot_adapt_support_to_query,inhouse_percentile,9,random_repeated,4,0.028846153989434242,-3.026955934312959e+26
metasgd,B_fewshot_adapt_support_to_query,inhouse_percentile,9,random_repeated,93,0.75,-2.6731091982189772e+26
metasgd,B_fewshot_adapt_support_to_query,inhouse_percentile,9,random_repeated,82,0.29807692766189575,-2.9797468424120808e+26
metasgd,B_fewshot_adapt_support_to_query,inhouse_percentile,9,random_repeated,63,0.7115384340286255,-2.7664478785575402e+26
metasgd,B_fewshot_adapt_support_to_query,inhouse_percentile,9,random_repeated,13,0.10576923191547394,-3.02827506098167e+26
metasgd,B_fewshot_adapt_support_to_query,inhouse_percentile,9,random_repeated,26,0.3173076808452606,-3.0385371691773153e+26
metasgd,B_fewshot_adapt_support_to_query,inhouse_percentile,9,random_repeated,76,0.4711538553237915,-2.8630911086294675e+26
supervised_ann,B_fewshot_adapt_support_to_query,raw_inhouse_target,9,random_repeated,41,0.6377319120803782,0.5294802188873291
supervised_ann,B_fewshot_adapt_support_to_query,raw_inhouse_target,9,random_repeated,92,0.7916862503095949,0.5981003046035767
supervised_ann,B_fewshot_adapt_support_to_query,raw_inhouse_target,9,random_repeated,33,0.7717762173666799,0.4494175910949707
supervised_ann,B_fewshot_adapt_support_to_query,raw_inhouse_target,9,random_repeated,17,0.144256165394459,0.5692421793937683
supervised_ann,B_fewshot_adapt_support_to_query,raw_inhouse_target,9,random_repeated,39,0.7565851086119532,0.5501939058303833
supervised_ann,B_fewshot_adapt_support_to_query,raw_inhouse_target,9,random_repeated,23,0.36241321109052227,0.5823065042495728
supervised_ann,B_fewshot_adapt_support_to_query,raw_inhouse_target,9,random_repeated,9,0.04870502447660548,0.42112183570861816
supervised_ann,B_fewshot_adapt_support_to_query,raw_inhouse_target,9,random_repeated,70,0.388970664414875,0.454188734292984
supervised_ann,B_fewshot_adapt_support_to_query,raw_inhouse_target,9,random_repeated,21,0.4333989964776431,0.5244879722595215
supervised_ann,B_fewshot_adapt_support_to_query,raw_inhouse_target,9,random_repeated,60,0.5483164824186075,0.5587494969367981
supervised_ann,B_fewshot_adapt_support_to_query,raw_inhouse_target,9,random_repeated,15,0.31203121268996953,0.5716749429702759
supervised_ann,B_fewshot_adapt_support_to_query,raw_inhouse_target,9,random_repeated,48,0.2181523323074733,0.3266124427318573
supervised_ann,B_fewshot_adapt_support_to_query,raw_inhouse_target,9,random_repeated,31,0.4373763137086527,0.5651406049728394
supervised_ann,B_fewshot_adapt_support_to_query,raw_inhouse_target,9,random_repeated,37,0.6484163433607225,0.5605369210243225
supervised_ann,B_fewshot_adapt_support_to_query,raw_inhouse_target,9,random_repeated,4,0.05517919651737015,0.29825589060783386
supervised_ann,B_fewshot_adapt_support_to_query,raw_inhouse_target,9,random_repeated,93,0.665395662177569,0.5290461182594299
supervised_ann,B_fewshot_adapt_support_to_query,raw_inhouse_target,9,random_repeated,82,0.35518158247976145,0.6070774793624878
supervised_ann,B_fewshot_adapt_support_to_query,raw_inhouse_target,9,random_repeated,63,0.6431797726779321,0.5310513377189636
supervised_ann,B_fewshot_adapt_support_to_query,raw_inhouse_target,9,random_repeated,13,0.17950464805909924,0.45168536901474
supervised_ann,B_fewshot_adapt_support_to_query,raw_inhouse_target,9,random_repeated,26,0.3663625473378234,0.6248303651809692
supervised_ann,B_fewshot_adapt_support_to_query,raw_inhouse_target,9,random_repeated,76,0.46415337042920773,0.5824260711669922
supervised_ann,B_fewshot_adapt_support_to_query,inhouse_percentile,9,random_repeated,41,0.7019230723381042,0.4016686975955963
supervised_ann,B_fewshot_adapt_support_to_query,inhouse_percentile,9,random_repeated,92,0.942307710647583,0.4634532928466797
supervised_ann,B_fewshot_adapt_support_to_query,inhouse_percentile,9,random_repeated,33,0.9134615659713745,0.27855363488197327
supervised_ann,B_fewshot_adapt_support_to_query,inhouse_percentile,9,random_repeated,17,0.048076923936605453,0.1287144124507904
supervised_ann,B_fewshot_adapt_support_to_query,inhouse_percentile,9,random_repeated,39,0.8653846383094788,0.27989038825035095
supervised_ann,B_fewshot_adapt_support_to_query,inhouse_percentile,9,random_repeated,23,0.3076923191547394,0.13822190463542938
supervised_ann,B_fewshot_adapt_support_to_query,inhouse_percentile,9,random_repeated,9,0.009615384973585606,0.04116625338792801
supervised_ann,B_fewshot_adapt_support_to_query,inhouse_percentile,9,random_repeated,70,0.35576921701431274,0.2584662437438965
supervised_ann,B_fewshot_adapt_support_to_query,inhouse_percentile,9,random_repeated,21,0.39423078298568726,0.26885631680488586
supervised_ann,B_fewshot_adapt_support_to_query,inhouse_percentile,9,random_repeated,60,0.5384615659713745,0.2714352011680603
supervised_ann,B_fewshot_adapt_support_to_query,inhouse_percentile,9,random_repeated,15,0.21153846383094788,0.2057764083147049
supervised_ann,B_fewshot_adapt_support_to_query,inhouse_percentile,9,random_repeated,48,0.1538461595773697,0.1537659913301468
supervised_ann,B_fewshot_adapt_support_to_query,inhouse_percentile,9,random_repeated,31,0.42307692766189575,0.4518134891986847
supervised_ann,B_fewshot_adapt_support_to_query,inhouse_percentile,9,random_repeated,37,0.7307692170143127,0.3501717746257782
supervised_ann,B_fewshot_adapt_support_to_query,inhouse_percentile,9,random_repeated,4,0.028846153989434242,0.044382043182849884
supervised_ann,B_fewshot_adapt_support_to_query,inhouse_percentile,9,random_repeated,93,0.75,0.31142979860305786
supervised_ann,B_fewshot_adapt_support_to_query,inhouse_percentile,9,random_repeated,82,0.29807692766189575,0.3925328254699707
supervised_ann,B_fewshot_adapt_support_to_query,inhouse_percentile,9,random_repeated,63,0.7115384340286255,0.27430400252342224
supervised_ann,B_fewshot_adapt_support_to_query,inhouse_percentile,9,random_repeated,13,0.10576923191547394,0.09796161204576492
supervised_ann,B_fewshot_adapt_support_to_query,inhouse_percentile,9,random_repeated,26,0.3173076808452606,0.24581198394298553
supervised_ann,B_fewshot_adapt_support_to_query,inhouse_percentile,9,random_repeated,76,0.4711538553237915,0.38657429814338684
maml,B_fewshot_adapt_support_to_query,raw_inhouse_target,10,random_repeated,101,0.8884604748945687,-14936411136.0
maml,B_fewshot_adapt_support_to_query,raw_inhouse_target,10,random_repeated,102,0.7966561959705182,-14936411136.0
maml,B_fewshot_adapt_support_to_query,raw_inhouse_target,10,random_repeated,10,0.2580585765753896,-14936411136.0
maml,B_fewshot_adapt_support_to_query,raw_inhouse_target,10,random_repeated,23,0.36241321109052227,-14936411136.0
maml,B_fewshot_adapt_support_to_query,raw_inhouse_target,10,random_repeated,54,0.33212902834350305,-14936411136.0
maml,B_fewshot_adapt_support_to_query,raw_inhouse_target,10,random_repeated,18,0.34855167652482816,-14936411136.0
maml,B_fewshot_adapt_support_to_query,raw_inhouse_target,10,random_repeated,12,0.3353358208132731,-14936411136.0
maml,B_fewshot_adapt_support_to_query,raw_inhouse_target,10,random_repeated,67,0.6704965744838094,-14936411136.0
maml,B_fewshot_adapt_support_to_query,raw_inhouse_target,10,random_repeated,73,0.4566549309911151,-14936411136.0
maml,B_fewshot_adapt_support_to_query,raw_inhouse_target,10,random_repeated,42,0.34320990214036895,-14936411136.0
maml,B_fewshot_adapt_support_to_query,raw_inhouse_target,10,random_repeated,84,1.0000000001541716,-14936411136.0
maml,B_fewshot_adapt_support_to_query,raw_inhouse_target,10,random_repeated,8,0.1459604384601472,-14936411136.0
maml,B_fewshot_adapt_support_to_query,raw_inhouse_target,10,random_repeated,94,0.5959327298672837,-14936411136.0
maml,B_fewshot_adapt_support_to_query,raw_inhouse_target,10,random_repeated,51,0.43570277181186456,-14936411136.0
maml,B_fewshot_adapt_support_to_query,raw_inhouse_target,10,random_repeated,77,0.3714065405003823,-14936411136.0
maml,B_fewshot_adapt_support_to_query,raw_inhouse_target,10,random_repeated,87,0.7716784767680998,-14936411136.0
maml,B_fewshot_adapt_support_to_query,raw_inhouse_target,10,random_repeated,31,0.4373763137086527,-14936411136.0
maml,B_fewshot_adapt_support_to_query,raw_inhouse_target,10,random_repeated,1,0.24854383135427813,-14936411136.0
maml,B_fewshot_adapt_support_to_query,raw_inhouse_target,10,random_repeated,21,0.4333989964776431,-14936411136.0
maml,B_fewshot_adapt_support_to_query,raw_inhouse_target,10,random_repeated,95,0.6312590671234484,-14936411136.0
maml,B_fewshot_adapt_support_to_query,raw_inhouse_target,10,random_repeated,24,0.3727133238498048,-14936411136.0
maml,B_fewshot_adapt_support_to_query,inhouse_percentile,10,random_repeated,101,0.9807692170143127,-36995928064.0
maml,B_fewshot_adapt_support_to_query,inhouse_percentile,10,random_repeated,102,0.9519230723381042,-36995928064.0
maml,B_fewshot_adapt_support_to_query,inhouse_percentile,10,random_repeated,10,0.20192307233810425,-36995928064.0
maml,B_fewshot_adapt_support_to_query,inhouse_percentile,10,random_repeated,23,0.3076923191547394,-36995928064.0
maml,B_fewshot_adapt_support_to_query,inhouse_percentile,10,random_repeated,54,0.23076923191547394,-36995928064.0
maml,B_fewshot_adapt_support_to_query,inhouse_percentile,10,random_repeated,18,0.2884615361690521,-36995928064.0
maml,B_fewshot_adapt_support_to_query,inhouse_percentile,10,random_repeated,12,0.25,-36995928064.0
maml,B_fewshot_adapt_support_to_query,inhouse_percentile,10,random_repeated,67,0.7596153616905212,-36995928064.0
maml,B_fewshot_adapt_support_to_query,inhouse_percentile,10,random_repeated,73,0.4615384638309479,-36995928064.0
maml,B_fewshot_adapt_support_to_query,inhouse_percentile,10,random_repeated,42,0.26923078298568726,-36995928064.0
maml,B_fewshot_adapt_support_to_query,inhouse_percentile,10,random_repeated,84,1.0,-36995928064.0
maml,B_fewshot_adapt_support_to_query,inhouse_percentile,10,random_repeated,8,0.057692307978868484,-36995928064.0
maml,B_fewshot_adapt_support_to_query,inhouse_percentile,10,random_repeated,94,0.625,-36995928064.0
maml,B_fewshot_adapt_support_to_query,inhouse_percentile,10,random_repeated,51,0.4038461446762085,-36995928064.0
maml,B_fewshot_adapt_support_to_query,inhouse_percentile,10,random_repeated,77,0.32692307233810425,-36995928064.0
maml,B_fewshot_adapt_support_to_query,inhouse_percentile,10,random_repeated,87,0.9038461446762085,-36995928064.0
maml,B_fewshot_adapt_support_to_query,inhouse_percentile,10,random_repeated,31,0.42307692766189575,-36995928064.0
maml,B_fewshot_adapt_support_to_query,inhouse_percentile,10,random_repeated,1,0.18269230425357819,-36995928064.0
maml,B_fewshot_adapt_support_to_query,inhouse_percentile,10,random_repeated,21,0.39423078298568726,-36995928064.0
maml,B_fewshot_adapt_support_to_query,inhouse_percentile,10,random_repeated,95,0.692307710647583,-36995928064.0
maml,B_fewshot_adapt_support_to_query,inhouse_percentile,10,random_repeated,24,0.3365384638309479,-36995928064.0
fomaml,B_fewshot_adapt_support_to_query,raw_inhouse_target,10,random_repeated,101,0.8884604748945687,-1.3541245905272832e+17
fomaml,B_fewshot_adapt_support_to_query,raw_inhouse_target,10,random_repeated,102,0.7966561959705182,-1.4497076274108826e+17
fomaml,B_fewshot_adapt_support_to_query,raw_inhouse_target,10,random_repeated,10,0.2580585765753896,-1.4919314508978586e+17
fomaml,B_fewshot_adapt_support_to_query,raw_inhouse_target,10,random_repeated,23,0.36241321109052227,-1.5307701529608192e+17
fomaml,B_fewshot_adapt_support_to_query,raw_inhouse_target,10,random_repeated,54,0.33212902834350305,-1.45452709611307e+17
fomaml,B_fewshot_adapt_support_to_query,raw_inhouse_target,10,random_repeated,18,0.34855167652482816,-1.5385589902527693e+17
fomaml,B_fewshot_adapt_support_to_query,raw_inhouse_target,10,random_repeated,12,0.3353358208132731,-1.4930515783686554e+17
fomaml,B_fewshot_adapt_support_to_query,raw_inhouse_target,10,random_repeated,67,0.6704965744838094,-1.4201500060771942e+17
fomaml,B_fewshot_adapt_support_to_query,raw_inhouse_target,10,random_repeated,73,0.4566549309911151,-1.4352591856284467e+17
fomaml,B_fewshot_adapt_support_to_query,raw_inhouse_target,10,random_repeated,42,0.34320990214036895,-1.463572469037138e+17
fomaml,B_fewshot_adapt_support_to_query,raw_inhouse_target,10,random_repeated,84,1.0000000001541716,-1.4131905269701018e+17
fomaml,B_fewshot_adapt_support_to_query,raw_inhouse_target,10,random_repeated,8,0.1459604384601472,-1.49263651272917e+17
fomaml,B_fewshot_adapt_support_to_query,raw_inhouse_target,10,random_repeated,94,0.5959327298672837,-1.4691335926919987e+17
fomaml,B_fewshot_adapt_support_to_query,raw_inhouse_target,10,random_repeated,51,0.43570277181186456,-1.4037597236808909e+17
fomaml,B_fewshot_adapt_support_to_query,raw_inhouse_target,10,random_repeated,77,0.3714065405003823,-1.4591543220790886e+17
fomaml,B_fewshot_adapt_support_to_query,raw_inhouse_target,10,random_repeated,87,0.7716784767680998,-1.416907649366098e+17
fomaml,B_fewshot_adapt_support_to_query,raw_inhouse_target,10,random_repeated,31,0.4373763137086527,-1.4241528296977203e+17
fomaml,B_fewshot_adapt_support_to_query,raw_inhouse_target,10,random_repeated,1,0.24854383135427813,-1.4936020213773107e+17
fomaml,B_fewshot_adapt_support_to_query,raw_inhouse_target,10,random_repeated,21,0.4333989964776431,-1.5380088908414976e+17
fomaml,B_fewshot_adapt_support_to_query,raw_inhouse_target,10,random_repeated,95,0.6312590671234484,-1.50569510309462e+17
fomaml,B_fewshot_adapt_support_to_query,raw_inhouse_target,10,random_repeated,24,0.3727133238498048,-1.4610358613521203e+17
fomaml,B_fewshot_adapt_support_to_query,inhouse_percentile,10,random_repeated,101,0.9807692170143127,-2.0660463436038144e+16
fomaml,B_fewshot_adapt_support_to_query,inhouse_percentile,10,random_repeated,102,0.9519230723381042,-2.349046248452915e+16
fomaml,B_fewshot_adapt_support_to_query,inhouse_percentile,10,random_repeated,10,0.20192307233810425,-2.500494311502643e+16
fomaml,B_fewshot_adapt_support_to_query,inhouse_percentile,10,random_repeated,23,0.3076923191547394,-2.580487218397184e+16
fomaml,B_fewshot_adapt_support_to_query,inhouse_percentile,10,random_repeated,54,0.23076923191547394,-2.394671686038323e+16
fomaml,B_fewshot_adapt_support_to_query,inhouse_percentile,10,random_repeated,18,0.2884615361690521,-2.5907547672150016e+16
fomaml,B_fewshot_adapt_support_to_query,inhouse_percentile,10,random_repeated,12,0.25,-2.500930250683187e+16
fomaml,B_fewshot_adapt_support_to_query,inhouse_percentile,10,random_repeated,67,0.7596153616905212,-2.2467807149031424e+16
fomaml,B_fewshot_adapt_support_to_query,inhouse_percentile,10,random_repeated,73,0.4615384638309479,-2.270646989173555e+16
fomaml,B_fewshot_adapt_support_to_query,inhouse_percentile,10,random_repeated,42,0.26923078298568726,-2.376180778087219e+16
fomaml,B_fewshot_adapt_support_to_query,inhouse_percentile,10,random_repeated,84,1.0,-2.236867071390515e+16
fomaml,B_fewshot_adapt_support_to_query,inhouse_percentile,10,random_repeated,8,0.057692307978868484,-2.5005175043260416e+16
fomaml,B_fewshot_adapt_support_to_query,inhouse_percentile,10,random_repeated,94,0.625,-2.4190956618121216e+16
fomaml,B_fewshot_adapt_support_to_query,inhouse_percentile,10,random_repeated,51,0.4038461446762085,-2.197038980661248e+16
fomaml,B_fewshot_adapt_support_to_query,inhouse_percentile,10,random_repeated,77,0.32692307233810425,-2.361687410946867e+16
fomaml,B_fewshot_adapt_support_to_query,inhouse_percentile,10,random_repeated,87,0.9038461446762085,-2.242223325105357e+16
fomaml,B_fewshot_adapt_support_to_query,inhouse_percentile,10,random_repeated,31,0.42307692766189575,-2.2804186840170496e+16
fomaml,B_fewshot_adapt_support_to_query,inhouse_percentile,10,random_repeated,1,0.18269230425357819,-2.501784949175091e+16
fomaml,B_fewshot_adapt_support_to_query,inhouse_percentile,10,random_repeated,21,0.39423078298568726,-2.589900927716557e+16
fomaml,B_fewshot_adapt_support_to_query,inhouse_percentile,10,random_repeated,95,0.692307710647583,-2.527360620429312e+16
fomaml,B_fewshot_adapt_support_to_query,inhouse_percentile,10,random_repeated,24,0.3365384638309479,-2.4306718871650304e+16
metasgd,B_fewshot_adapt_support_to_query,raw_inhouse_target,10,random_repeated,101,0.8884604748945687,-2.401697087574148e+26
metasgd,B_fewshot_adapt_support_to_query,raw_inhouse_target,10,random_repeated,102,0.7966561959705182,-2.5969376113177306e+26
metasgd,B_fewshot_adapt_support_to_query,raw_inhouse_target,10,random_repeated,10,0.2580585765753896,-2.8054048194970444e+26
metasgd,B_fewshot_adapt_support_to_query,raw_inhouse_target,10,random_repeated,23,0.36241321109052227,-2.8046953577199696e+26
metasgd,B_fewshot_adapt_support_to_query,raw_inhouse_target,10,random_repeated,54,0.33212902834350305,-2.6944874988608807e+26
metasgd,B_fewshot_adapt_support_to_query,raw_inhouse_target,10,random_repeated,18,0.34855167652482816,-2.814601074820111e+26
metasgd,B_fewshot_adapt_support_to_query,raw_inhouse_target,10,random_repeated,12,0.3353358208132731,-2.8056007239191072e+26
metasgd,B_fewshot_adapt_support_to_query,raw_inhouse_target,10,random_repeated,67,0.6704965744838094,-2.4487776056688324e+26
metasgd,B_fewshot_adapt_support_to_query,raw_inhouse_target,10,random_repeated,73,0.4566549309911151,-2.4746388340555288e+26
metasgd,B_fewshot_adapt_support_to_query,raw_inhouse_target,10,random_repeated,42,0.34320990214036895,-2.6288130316747785e+26
metasgd,B_fewshot_adapt_support_to_query,raw_inhouse_target,10,random_repeated,84,1.0000000001541716,-2.4968741704270968e+26
metasgd,B_fewshot_adapt_support_to_query,raw_inhouse_target,10,random_repeated,8,0.1459604384601472,-2.8057091907742606e+26
metasgd,B_fewshot_adapt_support_to_query,raw_inhouse_target,10,random_repeated,94,0.5959327298672837,-2.5465992137521883e+26
metasgd,B_fewshot_adapt_support_to_query,raw_inhouse_target,10,random_repeated,51,0.43570277181186456,-2.4457991943706913e+26
metasgd,B_fewshot_adapt_support_to_query,raw_inhouse_target,10,random_repeated,77,0.3714065405003823,-2.6096313693171723e+26
metasgd,B_fewshot_adapt_support_to_query,raw_inhouse_target,10,random_repeated,87,0.7716784767680998,-2.5021606383437405e+26
metasgd,B_fewshot_adapt_support_to_query,raw_inhouse_target,10,random_repeated,31,0.4373763137086527,-2.494591570315416e+26
metasgd,B_fewshot_adapt_support_to_query,raw_inhouse_target,10,random_repeated,1,0.24854383135427813,-2.806710848977463e+26
metasgd,B_fewshot_adapt_support_to_query,raw_inhouse_target,10,random_repeated,21,0.4333989964776431,-2.813493716773366e+26
metasgd,B_fewshot_adapt_support_to_query,raw_inhouse_target,10,random_repeated,95,0.6312590671234484,-2.82790984726697e+26
metasgd,B_fewshot_adapt_support_to_query,raw_inhouse_target,10,random_repeated,24,0.3727133238498048,-2.816442059878667e+26
metasgd,B_fewshot_adapt_support_to_query,inhouse_percentile,10,random_repeated,101,0.9807692170143127,-3.856584782904872e+26
metasgd,B_fewshot_adapt_support_to_query,inhouse_percentile,10,random_repeated,102,0.9519230723381042,-4.144046667698473e+26
metasgd,B_fewshot_adapt_support_to_query,inhouse_percentile,10,random_repeated,10,0.20192307233810425,-4.5053095483124085e+26
metasgd,B_fewshot_adapt_support_to_query,inhouse_percentile,10,random_repeated,23,0.3076923191547394,-4.4737058484955664e+26
metasgd,B_fewshot_adapt_support_to_query,inhouse_percentile,10,random_repeated,54,0.23076923191547394,-4.323488108545246e+26
metasgd,B_fewshot_adapt_support_to_query,inhouse_percentile,10,random_repeated,18,0.2884615361690521,-4.489774438323293e+26
metasgd,B_fewshot_adapt_support_to_query,inhouse_percentile,10,random_repeated,12,0.25,-4.5053516068888966e+26
metasgd,B_fewshot_adapt_support_to_query,inhouse_percentile,10,random_repeated,67,0.7596153616905212,-3.887068027486677e+26
metasgd,B_fewshot_adapt_support_to_query,inhouse_percentile,10,random_repeated,73,0.4615384638309479,-3.9281987327478275e+26
metasgd,B_fewshot_adapt_support_to_query,inhouse_percentile,10,random_repeated,42,0.26923078298568726,-4.1960543111352456e+26
metasgd,B_fewshot_adapt_support_to_query,inhouse_percentile,10,random_repeated,84,1.0,-3.9852508228189964e+26
metasgd,B_fewshot_adapt_support_to_query,inhouse_percentile,10,random_repeated,8,0.057692307978868484,-4.506374294380343e+26
metasgd,B_fewshot_adapt_support_to_query,inhouse_percentile,10,random_repeated,94,0.625,-4.0222144085938956e+26
metasgd,B_fewshot_adapt_support_to_query,inhouse_percentile,10,random_repeated,51,0.4038461446762085,-3.898155627479621e+26
metasgd,B_fewshot_adapt_support_to_query,inhouse_percentile,10,random_repeated,77,0.32692307233810425,-4.164846478446225e+26
metasgd,B_fewshot_adapt_support_to_query,inhouse_percentile,10,random_repeated,87,0.9038461446762085,-3.9938706173897594e+26
metasgd,B_fewshot_adapt_support_to_query,inhouse_percentile,10,random_repeated,31,0.42307692766189575,-3.967945563268568e+26
metasgd,B_fewshot_adapt_support_to_query,inhouse_percentile,10,random_repeated,1,0.18269230425357819,-4.5071106884037655e+26
metasgd,B_fewshot_adapt_support_to_query,inhouse_percentile,10,random_repeated,21,0.39423078298568726,-4.488015356808424e+26
metasgd,B_fewshot_adapt_support_to_query,inhouse_percentile,10,random_repeated,95,0.692307710647583,-4.540005660305767e+26
metasgd,B_fewshot_adapt_support_to_query,inhouse_percentile,10,random_repeated,24,0.3365384638309479,-4.553179587053448e+26
supervised_ann,B_fewshot_adapt_support_to_query,raw_inhouse_target,10,random_repeated,101,0.8884604748945687,0.7684812545776367
supervised_ann,B_fewshot_adapt_support_to_query,raw_inhouse_target,10,random_repeated,102,0.7966561959705182,0.43897613883018494
supervised_ann,B_fewshot_adapt_support_to_query,raw_inhouse_target,10,random_repeated,10,0.2580585765753896,0.36418238282203674
supervised_ann,B_fewshot_adapt_support_to_query,raw_inhouse_target,10,random_repeated,23,0.36241321109052227,0.21230876445770264
supervised_ann,B_fewshot_adapt_support_to_query,raw_inhouse_target,10,random_repeated,54,0.33212902834350305,0.5231644511222839
supervised_ann,B_fewshot_adapt_support_to_query,raw_inhouse_target,10,random_repeated,18,0.34855167652482816,0.318679541349411
supervised_ann,B_fewshot_adapt_support_to_query,raw_inhouse_target,10,random_repeated,12,0.3353358208132731,0.48689356446266174
supervised_ann,B_fewshot_adapt_support_to_query,raw_inhouse_target,10,random_repeated,67,0.6704965744838094,0.4268093407154083
supervised_ann,B_fewshot_adapt_support_to_query,raw_inhouse_target,10,random_repeated,73,0.4566549309911151,0.44294968247413635
supervised_ann,B_fewshot_adapt_support_to_query,raw_inhouse_target,10,random_repeated,42,0.34320990214036895,0.4673716127872467
supervised_ann,B_fewshot_adapt_support_to_query,raw_inhouse_target,10,random_repeated,84,1.0000000001541716,0.5340713858604431
supervised_ann,B_fewshot_adapt_support_to_query,raw_inhouse_target,10,random_repeated,8,0.1459604384601472,0.28312191367149353
supervised_ann,B_fewshot_adapt_support_to_query,raw_inhouse_target,10,random_repeated,94,0.5959327298672837,0.3855260908603668
supervised_ann,B_fewshot_adapt_support_to_query,raw_inhouse_target,10,random_repeated,51,0.43570277181186456,0.5125778913497925
supervised_ann,B_fewshot_adapt_support_to_query,raw_inhouse_target,10,random_repeated,77,0.3714065405003823,0.5255237817764282
supervised_ann,B_fewshot_adapt_support_to_query,raw_inhouse_target,10,random_repeated,87,0.7716784767680998,0.549055814743042
supervised_ann,B_fewshot_adapt_support_to_query,raw_inhouse_target,10,random_repeated,31,0.4373763137086527,0.43863794207572937
supervised_ann,B_fewshot_adapt_support_to_query,raw_inhouse_target,10,random_repeated,1,0.24854383135427813,0.4392279088497162
supervised_ann,B_fewshot_adapt_support_to_query,raw_inhouse_target,10,random_repeated,21,0.4333989964776431,0.35596156120300293
supervised_ann,B_fewshot_adapt_support_to_query,raw_inhouse_target,10,random_repeated,95,0.6312590671234484,0.539543092250824
supervised_ann,B_fewshot_adapt_support_to_query,raw_inhouse_target,10,random_repeated,24,0.3727133238498048,0.6193965673446655
supervised_ann,B_fewshot_adapt_support_to_query,inhouse_percentile,10,random_repeated,101,0.9807692170143127,0.4803332984447479
supervised_ann,B_fewshot_adapt_support_to_query,inhouse_percentile,10,random_repeated,102,0.9519230723381042,0.3680274188518524
supervised_ann,B_fewshot_adapt_support_to_query,inhouse_percentile,10,random_repeated,10,0.20192307233810425,0.14041781425476074
supervised_ann,B_fewshot_adapt_support_to_query,inhouse_percentile,10,random_repeated,23,0.3076923191547394,0.1536371409893036
supervised_ann,B_fewshot_adapt_support_to_query,inhouse_percentile,10,random_repeated,54,0.23076923191547394,0.35695770382881165
supervised_ann,B_fewshot_adapt_support_to_query,inhouse_percentile,10,random_repeated,18,0.2884615361690521,0.20992012321949005
supervised_ann,B_fewshot_adapt_support_to_query,inhouse_percentile,10,random_repeated,12,0.25,0.2444743663072586
supervised_ann,B_fewshot_adapt_support_to_query,inhouse_percentile,10,random_repeated,67,0.7596153616905212,0.4229878783226013
supervised_ann,B_fewshot_adapt_support_to_query,inhouse_percentile,10,random_repeated,73,0.4615384638309479,0.4205676317214966
supervised_ann,B_fewshot_adapt_support_to_query,inhouse_percentile,10,random_repeated,42,0.26923078298568726,0.34566065669059753
supervised_ann,B_fewshot_adapt_support_to_query,inhouse_percentile,10,random_repeated,84,1.0,0.3862244784832001
supervised_ann,B_fewshot_adapt_support_to_query,inhouse_percentile,10,random_repeated,8,0.057692307978868484,0.0996982604265213
supervised_ann,B_fewshot_adapt_support_to_query,inhouse_percentile,10,random_repeated,94,0.625,0.4299326241016388
supervised_ann,B_fewshot_adapt_support_to_query,inhouse_percentile,10,random_repeated,51,0.4038461446762085,0.4231281578540802
supervised_ann,B_fewshot_adapt_support_to_query,inhouse_percentile,10,random_repeated,77,0.32692307233810425,0.38279658555984497
supervised_ann,B_fewshot_adapt_support_to_query,inhouse_percentile,10,random_repeated,87,0.9038461446762085,0.3934433162212372
supervised_ann,B_fewshot_adapt_support_to_query,inhouse_percentile,10,random_repeated,31,0.42307692766189575,0.4176066517829895
supervised_ann,B_fewshot_adapt_support_to_query,inhouse_percentile,10,random_repeated,1,0.18269230425357819,0.20476460456848145
supervised_ann,B_fewshot_adapt_support_to_query,inhouse_percentile,10,random_repeated,21,0.39423078298568726,0.26724863052368164
supervised_ann,B_fewshot_adapt_support_to_query,inhouse_percentile,10,random_repeated,95,0.692307710647583,0.30749258399009705
supervised_ann,B_fewshot_adapt_support_to_query,inhouse_percentile,10,random_repeated,24,0.3365384638309479,0.22351597249507904
maml,B_fewshot_adapt_support_to_query,raw_inhouse_target,11,random_repeated,101,0.8884604748945687,-2.823400548672041e+20
maml,B_fewshot_adapt_support_to_query,raw_inhouse_target,11,random_repeated,87,0.7716784767680998,-2.965213623282125e+20
maml,B_fewshot_adapt_support_to_query,raw_inhouse_target,11,random_repeated,74,0.4678666126095594,-3.366770750869639e+20
maml,B_fewshot_adapt_support_to_query,raw_inhouse_target,11,random_repeated,103,0.6471306330883555,-2.7732809383970813e+20
maml,B_fewshot_adapt_support_to_query,raw_inhouse_target,11,random_repeated,45,0.4187199636438257,-2.7691856534078017e+20
maml,B_fewshot_adapt_support_to_query,raw_inhouse_target,11,random_repeated,50,0.4957022938993934,-3.546089310595255e+20
maml,B_fewshot_adapt_support_to_query,raw_inhouse_target,11,random_repeated,27,0.15802080318424067,-3.3425800876836835e+20
maml,B_fewshot_adapt_support_to_query,raw_inhouse_target,11,random_repeated,100,0.8899457183347337,-3.142931294077699e+20
maml,B_fewshot_adapt_support_to_query,raw_inhouse_target,11,random_repeated,9,0.04870502447660548,-3.346576328665533e+20
maml,B_fewshot_adapt_support_to_query,raw_inhouse_target,11,random_repeated,98,0.7374909784281607,-2.9505554620261964e+20
maml,B_fewshot_adapt_support_to_query,raw_inhouse_target,11,random_repeated,26,0.3663625473378234,-3.3430526138008365e+20
maml,B_fewshot_adapt_support_to_query,raw_inhouse_target,11,random_repeated,2,0.22500996167718212,-3.356068368567658e+20
maml,B_fewshot_adapt_support_to_query,raw_inhouse_target,11,random_repeated,11,0.1821063094077652,-3.343883668669575e+20
maml,B_fewshot_adapt_support_to_query,raw_inhouse_target,11,random_repeated,61,0.5956170942280743,-3.183407395728691e+20
maml,B_fewshot_adapt_support_to_query,raw_inhouse_target,11,random_repeated,90,0.7230486216197674,-3.071480278614582e+20
maml,B_fewshot_adapt_support_to_query,raw_inhouse_target,11,random_repeated,99,0.7521442353995029,-2.8496424607507756e+20
maml,B_fewshot_adapt_support_to_query,raw_inhouse_target,11,random_repeated,97,0.624819414195981,-3.416263903399557e+20
maml,B_fewshot_adapt_support_to_query,raw_inhouse_target,11,random_repeated,54,0.33212902834350305,-3.204502537858271e+20
maml,B_fewshot_adapt_support_to_query,raw_inhouse_target,11,random_repeated,37,0.6484163433607225,-2.8289389206825442e+20
maml,B_fewshot_adapt_support_to_query,raw_inhouse_target,11,random_repeated,52,0.21752824156773537,-2.8175854515750594e+20
maml,B_fewshot_adapt_support_to_query,raw_inhouse_target,11,random_repeated,65,0.7257684721288807,-2.8866305596747416e+20
maml,B_fewshot_adapt_support_to_query,inhouse_percentile,11,random_repeated,101,0.9807692170143127,-440571840.0
maml,B_fewshot_adapt_support_to_query,inhouse_percentile,11,random_repeated,87,0.9038461446762085,-440571840.0
maml,B_fewshot_adapt_support_to_query,inhouse_percentile,11,random_repeated,74,0.48076921701431274,-440571840.0
maml,B_fewshot_adapt_support_to_query,inhouse_percentile,11,random_repeated,103,0.7211538553237915,-440571840.0
maml,B_fewshot_adapt_support_to_query,inhouse_percentile,11,random_repeated,45,0.375,-440571840.0
maml,B_fewshot_adapt_support_to_query,inhouse_percentile,11,random_repeated,50,0.5,-440571840.0
maml,B_fewshot_adapt_support_to_query,inhouse_percentile,11,random_repeated,27,0.06730769574642181,-440571840.0
maml,B_fewshot_adapt_support_to_query,inhouse_percentile,11,random_repeated,100,0.9903846383094788,-440571840.0
maml,B_fewshot_adapt_support_to_query,inhouse_percentile,11,random_repeated,9,0.009615384973585606,-440571840.0
maml,B_fewshot_adapt_support_to_query,inhouse_percentile,11,random_repeated,98,0.8269230723381042,-440571840.0
maml,B_fewshot_adapt_support_to_query,inhouse_percentile,11,random_repeated,26,0.3173076808452606,-440571840.0
maml,B_fewshot_adapt_support_to_query,inhouse_percentile,11,random_repeated,2,0.16346153616905212,-440571840.0
maml,B_fewshot_adapt_support_to_query,inhouse_percentile,11,random_repeated,11,0.11538461595773697,-440571840.0
maml,B_fewshot_adapt_support_to_query,inhouse_percentile,11,random_repeated,61,0.6153846383094788,-440571840.0
maml,B_fewshot_adapt_support_to_query,inhouse_percentile,11,random_repeated,90,0.807692289352417,-440571840.0
maml,B_fewshot_adapt_support_to_query,inhouse_percentile,11,random_repeated,99,0.8461538553237915,-440571840.0
maml,B_fewshot_adapt_support_to_query,inhouse_percentile,11,random_repeated,97,0.6730769276618958,-440571840.0
maml,B_fewshot_adapt_support_to_query,inhouse_percentile,11,random_repeated,54,0.23076923191547394,-440571840.0
maml,B_fewshot_adapt_support_to_query,inhouse_percentile,11,random_repeated,37,0.7307692170143127,-440571840.0
maml,B_fewshot_adapt_support_to_query,inhouse_percentile,11,random_repeated,52,0.14423076808452606,-440571840.0
maml,B_fewshot_adapt_support_to_query,inhouse_percentile,11,random_repeated,65,0.817307710647583,-440571840.0
fomaml,B_fewshot_adapt_support_to_query,raw_inhouse_target,11,random_repeated,101,0.8884604748945687,-7.279080996398013e+19
fomaml,B_fewshot_adapt_support_to_query,raw_inhouse_target,11,random_repeated,87,0.7716784767680998,-7.528451992796214e+19
fomaml,B_fewshot_adapt_support_to_query,raw_inhouse_target,11,random_repeated,74,0.4678666126095594,-8.418812759518059e+19
fomaml,B_fewshot_adapt_support_to_query,raw_inhouse_target,11,random_repeated,103,0.6471306330883555,-6.992543868153076e+19
fomaml,B_fewshot_adapt_support_to_query,raw_inhouse_target,11,random_repeated,45,0.4187199636438257,-7.125613802220945e+19
fomaml,B_fewshot_adapt_support_to_query,raw_inhouse_target,11,random_repeated,50,0.4957022938993934,-8.877515816486673e+19
fomaml,B_fewshot_adapt_support_to_query,raw_inhouse_target,11,random_repeated,27,0.15802080318424067,-8.43818527479017e+19
fomaml,B_fewshot_adapt_support_to_query,raw_inhouse_target,11,random_repeated,100,0.8899457183347337,-7.864900791677066e+19
fomaml,B_fewshot_adapt_support_to_query,raw_inhouse_target,11,random_repeated,9,0.04870502447660548,-8.447666583458808e+19
fomaml,B_fewshot_adapt_support_to_query,raw_inhouse_target,11,random_repeated,98,0.7374909784281607,-7.503193132073642e+19
fomaml,B_fewshot_adapt_support_to_query,raw_inhouse_target,11,random_repeated,26,0.3663625473378234,-8.52608287314249e+19
fomaml,B_fewshot_adapt_support_to_query,raw_inhouse_target,11,random_repeated,2,0.22500996167718212,-8.389819957307559e+19
fomaml,B_fewshot_adapt_support_to_query,raw_inhouse_target,11,random_repeated,11,0.1821063094077652,-8.442370455850136e+19
fomaml,B_fewshot_adapt_support_to_query,raw_inhouse_target,11,random_repeated,61,0.5956170942280743,-7.978723994603042e+19
fomaml,B_fewshot_adapt_support_to_query,raw_inhouse_target,11,random_repeated,90,0.7230486216197674,-7.713070550411431e+19
fomaml,B_fewshot_adapt_support_to_query,raw_inhouse_target,11,random_repeated,99,0.7521442353995029,-7.228196038069191e+19
fomaml,B_fewshot_adapt_support_to_query,raw_inhouse_target,11,random_repeated,97,0.624819414195981,-8.519383768696776e+19
fomaml,B_fewshot_adapt_support_to_query,raw_inhouse_target,11,random_repeated,54,0.33212902834350305,-8.117156906586551e+19
fomaml,B_fewshot_adapt_support_to_query,raw_inhouse_target,11,random_repeated,37,0.6484163433607225,-7.189382837804047e+19
fomaml,B_fewshot_adapt_support_to_query,raw_inhouse_target,11,random_repeated,52,0.21752824156773537,-7.1577472494450246e+19
fomaml,B_fewshot_adapt_support_to_query,raw_inhouse_target,11,random_repeated,65,0.7257684721288807,-7.335298586121549e+19
fomaml,B_fewshot_adapt_support_to_query,inhouse_percentile,11,random_repeated,101,0.9807692170143127,-56794160.0
fomaml,B_fewshot_adapt_support_to_query,inhouse_percentile,11,random_repeated,87,0.9038461446762085,-56794160.0
fomaml,B_fewshot_adapt_support_to_query,inhouse_percentile,11,random_repeated,74,0.48076921701431274,-56794160.0
fomaml,B_fewshot_adapt_support_to_query,inhouse_percentile,11,random_repeated,103,0.7211538553237915,-56712240.0
fomaml,B_fewshot_adapt_support_to_query,inhouse_percentile,11,random_repeated,45,0.375,-56794160.0
fomaml,B_fewshot_adapt_support_to_query,inhouse_percentile,11,random_repeated,50,0.5,-56795496.0
fomaml,B_fewshot_adapt_support_to_query,inhouse_percentile,11,random_repeated,27,0.06730769574642181,-56794160.0
fomaml,B_fewshot_adapt_support_to_query,inhouse_percentile,11,random_repeated,100,0.9903846383094788,-56794160.0
fomaml,B_fewshot_adapt_support_to_query,inhouse_percentile,11,random_repeated,9,0.009615384973585606,-56794160.0
fomaml,B_fewshot_adapt_support_to_query,inhouse_percentile,11,random_repeated,98,0.8269230723381042,-56794160.0
fomaml,B_fewshot_adapt_support_to_query,inhouse_percentile,11,random_repeated,26,0.3173076808452606,-56794160.0
fomaml,B_fewshot_adapt_support_to_query,inhouse_percentile,11,random_repeated,2,0.16346153616905212,-56794160.0
fomaml,B_fewshot_adapt_support_to_query,inhouse_percentile,11,random_repeated,11,0.11538461595773697,-56794160.0
fomaml,B_fewshot_adapt_support_to_query,inhouse_percentile,11,random_repeated,61,0.6153846383094788,-56794160.0
fomaml,B_fewshot_adapt_support_to_query,inhouse_percentile,11,random_repeated,90,0.807692289352417,-56794160.0
fomaml,B_fewshot_adapt_support_to_query,inhouse_percentile,11,random_repeated,99,0.8461538553237915,-56794160.0
fomaml,B_fewshot_adapt_support_to_query,inhouse_percentile,11,random_repeated,97,0.6730769276618958,-56794160.0
fomaml,B_fewshot_adapt_support_to_query,inhouse_percentile,11,random_repeated,54,0.23076923191547394,-56794160.0
fomaml,B_fewshot_adapt_support_to_query,inhouse_percentile,11,random_repeated,37,0.7307692170143127,-56794160.0
fomaml,B_fewshot_adapt_support_to_query,inhouse_percentile,11,random_repeated,52,0.14423076808452606,-56794160.0
fomaml,B_fewshot_adapt_support_to_query,inhouse_percentile,11,random_repeated,65,0.817307710647583,-56794160.0
metasgd,B_fewshot_adapt_support_to_query,raw_inhouse_target,11,random_repeated,101,0.8884604748945687,-3.75094839616213e+26
metasgd,B_fewshot_adapt_support_to_query,raw_inhouse_target,11,random_repeated,87,0.7716784767680998,-3.8594816595942076e+26
metasgd,B_fewshot_adapt_support_to_query,raw_inhouse_target,11,random_repeated,74,0.4678666126095594,-4.276809729471368e+26
metasgd,B_fewshot_adapt_support_to_query,raw_inhouse_target,11,random_repeated,103,0.6471306330883555,-3.596564643530203e+26
metasgd,B_fewshot_adapt_support_to_query,raw_inhouse_target,11,random_repeated,45,0.4187199636438257,-3.676398462532403e+26
metasgd,B_fewshot_adapt_support_to_query,raw_inhouse_target,11,random_repeated,50,0.4957022938993934,-4.492004649681805e+26
metasgd,B_fewshot_adapt_support_to_query,raw_inhouse_target,11,random_repeated,27,0.15802080318424067,-4.291550153725788e+26
metasgd,B_fewshot_adapt_support_to_query,raw_inhouse_target,11,random_repeated,100,0.8899457183347337,-4.011844386945419e+26
metasgd,B_fewshot_adapt_support_to_query,raw_inhouse_target,11,random_repeated,9,0.04870502447660548,-4.293936055604282e+26
metasgd,B_fewshot_adapt_support_to_query,raw_inhouse_target,11,random_repeated,98,0.7374909784281607,-3.8487751693338266e+26
metasgd,B_fewshot_adapt_support_to_query,raw_inhouse_target,11,random_repeated,26,0.3663625473378234,-4.33990128355227e+26
metasgd,B_fewshot_adapt_support_to_query,raw_inhouse_target,11,random_repeated,2,0.22500996167718212,-4.261035549679058e+26
metasgd,B_fewshot_adapt_support_to_query,raw_inhouse_target,11,random_repeated,11,0.1821063094077652,-4.2924747045387624e+26
metasgd,B_fewshot_adapt_support_to_query,raw_inhouse_target,11,random_repeated,61,0.5956170942280743,-4.064502831513112e+26
metasgd,B_fewshot_adapt_support_to_query,raw_inhouse_target,11,random_repeated,90,0.7230486216197674,-3.939215128308647e+26
metasgd,B_fewshot_adapt_support_to_query,raw_inhouse_target,11,random_repeated,99,0.7521442353995029,-3.716808269035153e+26
metasgd,B_fewshot_adapt_support_to_query,raw_inhouse_target,11,random_repeated,97,0.624819414195981,-4.319095569846414e+26
metasgd,B_fewshot_adapt_support_to_query,raw_inhouse_target,11,random_repeated,54,0.33212902834350305,-4.137579977095994e+26
metasgd,B_fewshot_adapt_support_to_query,raw_inhouse_target,11,random_repeated,37,0.6484163433607225,-3.6936919161666245e+26
metasgd,B_fewshot_adapt_support_to_query,raw_inhouse_target,11,random_repeated,52,0.21752824156773537,-3.6771370701651146e+26
metasgd,B_fewshot_adapt_support_to_query,raw_inhouse_target,11,random_repeated,65,0.7257684721288807,-3.767399940396827e+26
metasgd,B_fewshot_adapt_support_to_query,inhouse_percentile,11,random_repeated,101,0.9807692170143127,-3.758255474307748e+24
metasgd,B_fewshot_adapt_support_to_query,inhouse_percentile,11,random_repeated,87,0.9038461446762085,-3.900608421863812e+24
metasgd,B_fewshot_adapt_support_to_query,inhouse_percentile,11,random_repeated,74,0.48076921701431274,-4.3875972772629735e+24
metasgd,B_fewshot_adapt_support_to_query,inhouse_percentile,11,random_repeated,103,0.7211538553237915,-3.6169511088601234e+24
metasgd,B_fewshot_adapt_support_to_query,inhouse_percentile,11,random_repeated,45,0.375,-3.675861362520267e+24
metasgd,B_fewshot_adapt_support_to_query,inhouse_percentile,11,random_repeated,50,0.5,-4.6358852643483333e+24
metasgd,B_fewshot_adapt_support_to_query,inhouse_percentile,11,random_repeated,27,0.06730769574642181,-4.3940570964532856e+24
metasgd,B_fewshot_adapt_support_to_query,inhouse_percentile,11,random_repeated,100,0.9903846383094788,-4.087789839822752e+24
metasgd,B_fewshot_adapt_support_to_query,inhouse_percentile,11,random_repeated,9,0.009615384973585606,-4.397662281998191e+24
metasgd,B_fewshot_adapt_support_to_query,inhouse_percentile,11,random_repeated,98,0.8269230723381042,-3.8861741328565105e+24
metasgd,B_fewshot_adapt_support_to_query,inhouse_percentile,11,random_repeated,26,0.3173076808452606,-4.434836506531982e+24
metasgd,B_fewshot_adapt_support_to_query,inhouse_percentile,11,random_repeated,2,0.16346153616905212,-4.37092142062034e+24
metasgd,B_fewshot_adapt_support_to_query,inhouse_percentile,11,random_repeated,11,0.11538461595773697,-4.3943343740751436e+24
metasgd,B_fewshot_adapt_support_to_query,inhouse_percentile,11,random_repeated,61,0.6153846383094788,-4.150735895209772e+24
metasgd,B_fewshot_adapt_support_to_query,inhouse_percentile,11,random_repeated,90,0.807692289352417,-4.006190379182322e+24
metasgd,B_fewshot_adapt_support_to_query,inhouse_percentile,11,random_repeated,99,0.8461538553237915,-3.738830188107003e+24
metasgd,B_fewshot_adapt_support_to_query,inhouse_percentile,11,random_repeated,97,0.6730769276618958,-4.4441558592840954e+24
metasgd,B_fewshot_adapt_support_to_query,inhouse_percentile,11,random_repeated,54,0.23076923191547394,-4.2201685752120864e+24
metasgd,B_fewshot_adapt_support_to_query,inhouse_percentile,11,random_repeated,37,0.7307692170143127,-3.72067657432584e+24
metasgd,B_fewshot_adapt_support_to_query,inhouse_percentile,11,random_repeated,52,0.14423076808452606,-3.704190373270714e+24
metasgd,B_fewshot_adapt_support_to_query,inhouse_percentile,11,random_repeated,65,0.817307710647583,-3.7965768557386224e+24
supervised_ann,B_fewshot_adapt_support_to_query,raw_inhouse_target,11,random_repeated,101,0.8884604748945687,0.7318823933601379
supervised_ann,B_fewshot_adapt_support_to_query,raw_inhouse_target,11,random_repeated,87,0.7716784767680998,0.6718534827232361
supervised_ann,B_fewshot_adapt_support_to_query,raw_inhouse_target,11,random_repeated,74,0.4678666126095594,0.4765772521495819
supervised_ann,B_fewshot_adapt_support_to_query,raw_inhouse_target,11,random_repeated,103,0.6471306330883555,0.7078097462654114
supervised_ann,B_fewshot_adapt_support_to_query,raw_inhouse_target,11,random_repeated,45,0.4187199636438257,0.7453941702842712
supervised_ann,B_fewshot_adapt_support_to_query,raw_inhouse_target,11,random_repeated,50,0.4957022938993934,0.4120311737060547
supervised_ann,B_fewshot_adapt_support_to_query,raw_inhouse_target,11,random_repeated,27,0.15802080318424067,0.4013843238353729
supervised_ann,B_fewshot_adapt_support_to_query,raw_inhouse_target,11,random_repeated,100,0.8899457183347337,0.5593198537826538
supervised_ann,B_fewshot_adapt_support_to_query,raw_inhouse_target,11,random_repeated,9,0.04870502447660548,0.46687015891075134
supervised_ann,B_fewshot_adapt_support_to_query,raw_inhouse_target,11,random_repeated,98,0.7374909784281607,0.7025061845779419
supervised_ann,B_fewshot_adapt_support_to_query,raw_inhouse_target,11,random_repeated,26,0.3663625473378234,0.47333088517189026
supervised_ann,B_fewshot_adapt_support_to_query,raw_inhouse_target,11,random_repeated,2,0.22500996167718212,0.4814186990261078
supervised_ann,B_fewshot_adapt_support_to_query,raw_inhouse_target,11,random_repeated,11,0.1821063094077652,0.5237175226211548
supervised_ann,B_fewshot_adapt_support_to_query,raw_inhouse_target,11,random_repeated,61,0.5956170942280743,0.586804986000061
supervised_ann,B_fewshot_adapt_support_to_query,raw_inhouse_target,11,random_repeated,90,0.7230486216197674,0.5835909247398376
supervised_ann,B_fewshot_adapt_support_to_query,raw_inhouse_target,11,random_repeated,99,0.7521442353995029,0.7158880829811096
supervised_ann,B_fewshot_adapt_support_to_query,raw_inhouse_target,11,random_repeated,97,0.624819414195981,0.35199499130249023
supervised_ann,B_fewshot_adapt_support_to_query,raw_inhouse_target,11,random_repeated,54,0.33212902834350305,0.6721217036247253
supervised_ann,B_fewshot_adapt_support_to_query,raw_inhouse_target,11,random_repeated,37,0.6484163433607225,0.7103677988052368
supervised_ann,B_fewshot_adapt_support_to_query,raw_inhouse_target,11,random_repeated,52,0.21752824156773537,0.6734761595726013
supervised_ann,B_fewshot_adapt_support_to_query,raw_inhouse_target,11,random_repeated,65,0.7257684721288807,0.6880888342857361
supervised_ann,B_fewshot_adapt_support_to_query,inhouse_percentile,11,random_repeated,101,0.9807692170143127,0.7303971648216248
supervised_ann,B_fewshot_adapt_support_to_query,inhouse_percentile,11,random_repeated,87,0.9038461446762085,0.8353801369667053
supervised_ann,B_fewshot_adapt_support_to_query,inhouse_percentile,11,random_repeated,74,0.48076921701431274,0.6592207551002502
supervised_ann,B_fewshot_adapt_support_to_query,inhouse_percentile,11,random_repeated,103,0.7211538553237915,0.9166610836982727
supervised_ann,B_fewshot_adapt_support_to_query,inhouse_percentile,11,random_repeated,45,0.375,0.745528519153595
supervised_ann,B_fewshot_adapt_support_to_query,inhouse_percentile,11,random_repeated,50,0.5,0.6566949486732483
supervised_ann,B_fewshot_adapt_support_to_query,inhouse_percentile,11,random_repeated,27,0.06730769574642181,0.32547518610954285
supervised_ann,B_fewshot_adapt_support_to_query,inhouse_percentile,11,random_repeated,100,0.9903846383094788,0.8427579402923584
supervised_ann,B_fewshot_adapt_support_to_query,inhouse_percentile,11,random_repeated,9,0.009615384973585606,0.5213837623596191
supervised_ann,B_fewshot_adapt_support_to_query,inhouse_percentile,11,random_repeated,98,0.8269230723381042,0.8337617516517639
supervised_ann,B_fewshot_adapt_support_to_query,inhouse_percentile,11,random_repeated,26,0.3173076808452606,0.47007402777671814
supervised_ann,B_fewshot_adapt_support_to_query,inhouse_percentile,11,random_repeated,2,0.16346153616905212,0.5361543297767639
supervised_ann,B_fewshot_adapt_support_to_query,inhouse_percentile,11,random_repeated,11,0.11538461595773697,0.43771544098854065
supervised_ann,B_fewshot_adapt_support_to_query,inhouse_percentile,11,random_repeated,61,0.6153846383094788,0.8226309418678284
supervised_ann,B_fewshot_adapt_support_to_query,inhouse_percentile,11,random_repeated,90,0.807692289352417,0.8615148067474365
supervised_ann,B_fewshot_adapt_support_to_query,inhouse_percentile,11,random_repeated,99,0.8461538553237915,0.8942964673042297
supervised_ann,B_fewshot_adapt_support_to_query,inhouse_percentile,11,random_repeated,97,0.6730769276618958,0.6177098155021667
supervised_ann,B_fewshot_adapt_support_to_query,inhouse_percentile,11,random_repeated,54,0.23076923191547394,0.6950190663337708
supervised_ann,B_fewshot_adapt_support_to_query,inhouse_percentile,11,random_repeated,37,0.7307692170143127,0.8348906636238098
supervised_ann,B_fewshot_adapt_support_to_query,inhouse_percentile,11,random_repeated,52,0.14423076808452606,0.7764889597892761
supervised_ann,B_fewshot_adapt_support_to_query,inhouse_percentile,11,random_repeated,65,0.817307710647583,0.862445056438446
maml,B_fewshot_adapt_support_to_query,raw_inhouse_target,12,random_repeated,63,0.6431797726779321,-1715428096.0
maml,B_fewshot_adapt_support_to_query,raw_inhouse_target,12,random_repeated,67,0.6704965744838094,-1715428096.0
maml,B_fewshot_adapt_support_to_query,raw_inhouse_target,12,random_repeated,69,0.4818535458193168,-1715428096.0
maml,B_fewshot_adapt_support_to_query,raw_inhouse_target,12,random_repeated,49,0.3796880137703043,-1715428096.0
maml,B_fewshot_adapt_support_to_query,raw_inhouse_target,12,random_repeated,39,0.7565851086119532,-1715428096.0
maml,B_fewshot_adapt_support_to_query,raw_inhouse_target,12,random_repeated,54,0.33212902834350305,-1715428096.0
maml,B_fewshot_adapt_support_to_query,raw_inhouse_target,12,random_repeated,99,0.7521442353995029,-1715428096.0
maml,B_fewshot_adapt_support_to_query,raw_inhouse_target,12,random_repeated,85,0.76035675302239,-1715428096.0
maml,B_fewshot_adapt_support_to_query,raw_inhouse_target,12,random_repeated,89,0.7603784272900662,-1715428096.0
maml,B_fewshot_adapt_support_to_query,raw_inhouse_target,12,random_repeated,5,0.3918458728545167,-1715428096.0
maml,B_fewshot_adapt_support_to_query,raw_inhouse_target,12,random_repeated,17,0.144256165394459,-1715428096.0
maml,B_fewshot_adapt_support_to_query,raw_inhouse_target,12,random_repeated,91,0.8174858560708692,-1715428096.0
maml,B_fewshot_adapt_support_to_query,raw_inhouse_target,12,random_repeated,31,0.4373763137086527,-1715428096.0
maml,B_fewshot_adapt_support_to_query,raw_inhouse_target,12,random_repeated,40,0.7737047744199761,-1715428096.0
maml,B_fewshot_adapt_support_to_query,raw_inhouse_target,12,random_repeated,15,0.31203121268996953,-1715428096.0
maml,B_fewshot_adapt_support_to_query,raw_inhouse_target,12,random_repeated,19,0.3461983072767217,-1715428096.0
maml,B_fewshot_adapt_support_to_query,raw_inhouse_target,12,random_repeated,71,0.326655938295472,-1715428096.0
maml,B_fewshot_adapt_support_to_query,raw_inhouse_target,12,random_repeated,56,0.676069693879939,-1715428096.0
maml,B_fewshot_adapt_support_to_query,raw_inhouse_target,12,random_repeated,52,0.21752824156773537,-1715428096.0
maml,B_fewshot_adapt_support_to_query,raw_inhouse_target,12,random_repeated,93,0.665395662177569,-1715428096.0
maml,B_fewshot_adapt_support_to_query,raw_inhouse_target,12,random_repeated,27,0.15802080318424067,-1715428096.0
maml,B_fewshot_adapt_support_to_query,inhouse_percentile,12,random_repeated,63,0.7115384340286255,-198117097472.0
maml,B_fewshot_adapt_support_to_query,inhouse_percentile,12,random_repeated,67,0.7596153616905212,-198117097472.0
maml,B_fewshot_adapt_support_to_query,inhouse_percentile,12,random_repeated,69,0.49038460850715637,-198117097472.0
maml,B_fewshot_adapt_support_to_query,inhouse_percentile,12,random_repeated,49,0.3461538553237915,-198117097472.0
maml,B_fewshot_adapt_support_to_query,inhouse_percentile,12,random_repeated,39,0.8653846383094788,-198117097472.0
maml,B_fewshot_adapt_support_to_query,inhouse_percentile,12,random_repeated,54,0.23076923191547394,-198117097472.0
maml,B_fewshot_adapt_support_to_query,inhouse_percentile,12,random_repeated,99,0.8461538553237915,-198117097472.0
maml,B_fewshot_adapt_support_to_query,inhouse_percentile,12,random_repeated,85,0.875,-198117097472.0
maml,B_fewshot_adapt_support_to_query,inhouse_percentile,12,random_repeated,89,0.8846153616905212,-198117097472.0
maml,B_fewshot_adapt_support_to_query,inhouse_percentile,12,random_repeated,5,0.36538460850715637,-198117097472.0
maml,B_fewshot_adapt_support_to_query,inhouse_percentile,12,random_repeated,17,0.048076923936605453,-198117097472.0
maml,B_fewshot_adapt_support_to_query,inhouse_percentile,12,random_repeated,91,0.9615384340286255,-198117097472.0
maml,B_fewshot_adapt_support_to_query,inhouse_percentile,12,random_repeated,31,0.42307692766189575,-198117097472.0
maml,B_fewshot_adapt_support_to_query,inhouse_percentile,12,random_repeated,40,0.9230769276618958,-198117097472.0
maml,B_fewshot_adapt_support_to_query,inhouse_percentile,12,random_repeated,15,0.21153846383094788,-198117097472.0
maml,B_fewshot_adapt_support_to_query,inhouse_percentile,12,random_repeated,19,0.2788461446762085,-198117097472.0
maml,B_fewshot_adapt_support_to_query,inhouse_percentile,12,random_repeated,71,0.2211538404226303,-198117097472.0
maml,B_fewshot_adapt_support_to_query,inhouse_percentile,12,random_repeated,56,0.7788461446762085,-198117097472.0
maml,B_fewshot_adapt_support_to_query,inhouse_percentile,12,random_repeated,52,0.14423076808452606,-198117097472.0
maml,B_fewshot_adapt_support_to_query,inhouse_percentile,12,random_repeated,93,0.75,-198117097472.0
maml,B_fewshot_adapt_support_to_query,inhouse_percentile,12,random_repeated,27,0.06730769574642181,-198117097472.0
fomaml,B_fewshot_adapt_support_to_query,raw_inhouse_target,12,random_repeated,63,0.6431797726779321,-1.9057137541552538e+17
fomaml,B_fewshot_adapt_support_to_query,raw_inhouse_target,12,random_repeated,67,0.6704965744838094,-1.800151704356782e+17
fomaml,B_fewshot_adapt_support_to_query,raw_inhouse_target,12,random_repeated,69,0.4818535458193168,-1.765907930105774e+17
fomaml,B_fewshot_adapt_support_to_query,raw_inhouse_target,12,random_repeated,49,0.3796880137703043,-1.6787893288697856e+17
fomaml,B_fewshot_adapt_support_to_query,raw_inhouse_target,12,random_repeated,39,0.7565851086119532,-1.7818139119897805e+17
fomaml,B_fewshot_adapt_support_to_query,raw_inhouse_target,12,random_repeated,54,0.33212902834350305,-1.9682134310518784e+17
fomaml,B_fewshot_adapt_support_to_query,raw_inhouse_target,12,random_repeated,99,0.7521442353995029,-1.765907930105774e+17
fomaml,B_fewshot_adapt_support_to_query,raw_inhouse_target,12,random_repeated,85,0.76035675302239,-1.8284057172167885e+17
fomaml,B_fewshot_adapt_support_to_query,raw_inhouse_target,12,random_repeated,89,0.7603784272900662,-1.9204169733976883e+17
fomaml,B_fewshot_adapt_support_to_query,raw_inhouse_target,12,random_repeated,5,0.3918458728545167,-2.0762885521145856e+17
fomaml,B_fewshot_adapt_support_to_query,raw_inhouse_target,12,random_repeated,17,0.144256165394459,-2.0382612552731853e+17
fomaml,B_fewshot_adapt_support_to_query,raw_inhouse_target,12,random_repeated,91,0.8174858560708692,-1.7973479497059533e+17
fomaml,B_fewshot_adapt_support_to_query,raw_inhouse_target,12,random_repeated,31,0.4373763137086527,-1.8325752714677453e+17
fomaml,B_fewshot_adapt_support_to_query,raw_inhouse_target,12,random_repeated,40,0.7737047744199761,-1.7654995646152704e+17
fomaml,B_fewshot_adapt_support_to_query,raw_inhouse_target,12,random_repeated,15,0.31203121268996953,-2.0624116845799014e+17
fomaml,B_fewshot_adapt_support_to_query,raw_inhouse_target,12,random_repeated,19,0.3461983072767217,-2.0611647696745267e+17
fomaml,B_fewshot_adapt_support_to_query,raw_inhouse_target,12,random_repeated,71,0.326655938295472,-1.904657879395205e+17
fomaml,B_fewshot_adapt_support_to_query,raw_inhouse_target,12,random_repeated,56,0.676069693879939,-1.9025894231454515e+17
fomaml,B_fewshot_adapt_support_to_query,raw_inhouse_target,12,random_repeated,52,0.21752824156773537,-1.7427616641528627e+17
fomaml,B_fewshot_adapt_support_to_query,raw_inhouse_target,12,random_repeated,93,0.665395662177569,-1.8298328489499034e+17
fomaml,B_fewshot_adapt_support_to_query,raw_inhouse_target,12,random_repeated,27,0.15802080318424067,-2.0491756261657805e+17
fomaml,B_fewshot_adapt_support_to_query,inhouse_percentile,12,random_repeated,63,0.7115384340286255,-4.101133951334718e+19
fomaml,B_fewshot_adapt_support_to_query,inhouse_percentile,12,random_repeated,67,0.7596153616905212,-3.855381227801202e+19
fomaml,B_fewshot_adapt_support_to_query,inhouse_percentile,12,random_repeated,69,0.49038460850715637,-3.796707768905866e+19
fomaml,B_fewshot_adapt_support_to_query,inhouse_percentile,12,random_repeated,49,0.3461538553237915,-3.648472270956082e+19
fomaml,B_fewshot_adapt_support_to_query,inhouse_percentile,12,random_repeated,39,0.8653846383094788,-3.844657031188526e+19
fomaml,B_fewshot_adapt_support_to_query,inhouse_percentile,12,random_repeated,54,0.23076923191547394,-4.259815909260001e+19
fomaml,B_fewshot_adapt_support_to_query,inhouse_percentile,12,random_repeated,99,0.8461538553237915,-3.796707768905866e+19
fomaml,B_fewshot_adapt_support_to_query,inhouse_percentile,12,random_repeated,85,0.875,-3.947148667278642e+19
fomaml,B_fewshot_adapt_support_to_query,inhouse_percentile,12,random_repeated,89,0.8846153616905212,-4.092699817540374e+19
fomaml,B_fewshot_adapt_support_to_query,inhouse_percentile,12,random_repeated,5,0.36538460850715637,-4.441041373991902e+19
fomaml,B_fewshot_adapt_support_to_query,inhouse_percentile,12,random_repeated,17,0.048076923936605453,-4.455728210511082e+19
fomaml,B_fewshot_adapt_support_to_query,inhouse_percentile,12,random_repeated,91,0.9615384340286255,-3.900024038716814e+19
fomaml,B_fewshot_adapt_support_to_query,inhouse_percentile,12,random_repeated,31,0.42307692766189575,-3.929147902713345e+19
fomaml,B_fewshot_adapt_support_to_query,inhouse_percentile,12,random_repeated,40,0.9230769276618958,-3.795887973036196e+19
fomaml,B_fewshot_adapt_support_to_query,inhouse_percentile,12,random_repeated,15,0.21153846383094788,-4.4138517708509544e+19
fomaml,B_fewshot_adapt_support_to_query,inhouse_percentile,12,random_repeated,19,0.2788461446762085,-4.411789526841898e+19
fomaml,B_fewshot_adapt_support_to_query,inhouse_percentile,12,random_repeated,71,0.2211538404226303,-4.099097655800077e+19
fomaml,B_fewshot_adapt_support_to_query,inhouse_percentile,12,random_repeated,56,0.7788461446762085,-4.094907636888948e+19
fomaml,B_fewshot_adapt_support_to_query,inhouse_percentile,12,random_repeated,52,0.14423076808452606,-3.760404533784609e+19
fomaml,B_fewshot_adapt_support_to_query,inhouse_percentile,12,random_repeated,93,0.75,-3.950181999957351e+19
fomaml,B_fewshot_adapt_support_to_query,inhouse_percentile,12,random_repeated,27,0.06730769574642181,-4.4319145478720586e+19
metasgd,B_fewshot_adapt_support_to_query,raw_inhouse_target,12,random_repeated,63,0.6431797726779321,-2.6999241970612607e+27
metasgd,B_fewshot_adapt_support_to_query,raw_inhouse_target,12,random_repeated,67,0.6704965744838094,-2.517265127539199e+27
metasgd,B_fewshot_adapt_support_to_query,raw_inhouse_target,12,random_repeated,69,0.4818535458193168,-2.4728263307698224e+27
metasgd,B_fewshot_adapt_support_to_query,raw_inhouse_target,12,random_repeated,49,0.3796880137703043,-2.3702817659077865e+27
metasgd,B_fewshot_adapt_support_to_query,raw_inhouse_target,12,random_repeated,39,0.7565851086119532,-2.5136292004952946e+27
metasgd,B_fewshot_adapt_support_to_query,raw_inhouse_target,12,random_repeated,54,0.33212902834350305,-2.8247711706563166e+27
metasgd,B_fewshot_adapt_support_to_query,raw_inhouse_target,12,random_repeated,99,0.7521442353995029,-2.4728263307698224e+27
metasgd,B_fewshot_adapt_support_to_query,raw_inhouse_target,12,random_repeated,85,0.76035675302239,-2.589223367413546e+27
metasgd,B_fewshot_adapt_support_to_query,raw_inhouse_target,12,random_repeated,89,0.7603784272900662,-2.687136323773555e+27
metasgd,B_fewshot_adapt_support_to_query,raw_inhouse_target,12,random_repeated,5,0.3918458728545167,-2.9413389503631864e+27
metasgd,B_fewshot_adapt_support_to_query,raw_inhouse_target,12,random_repeated,17,0.144256165394459,-2.976335818071923e+27
metasgd,B_fewshot_adapt_support_to_query,raw_inhouse_target,12,random_repeated,91,0.8174858560708692,-2.557582921682509e+27
metasgd,B_fewshot_adapt_support_to_query,raw_inhouse_target,12,random_repeated,31,0.4373763137086527,-2.575514927809586e+27
metasgd,B_fewshot_adapt_support_to_query,raw_inhouse_target,12,random_repeated,40,0.7737047744199761,-2.4722705672643697e+27
metasgd,B_fewshot_adapt_support_to_query,raw_inhouse_target,12,random_repeated,15,0.31203121268996953,-2.9227546673656633e+27
metasgd,B_fewshot_adapt_support_to_query,raw_inhouse_target,12,random_repeated,19,0.3461983072767217,-2.921174445481333e+27
metasgd,B_fewshot_adapt_support_to_query,raw_inhouse_target,12,random_repeated,71,0.326655938295472,-2.6987636754980955e+27
metasgd,B_fewshot_adapt_support_to_query,raw_inhouse_target,12,random_repeated,56,0.676069693879939,-2.695638059182246e+27
metasgd,B_fewshot_adapt_support_to_query,raw_inhouse_target,12,random_repeated,52,0.21752824156773537,-2.4565663375255866e+27
metasgd,B_fewshot_adapt_support_to_query,raw_inhouse_target,12,random_repeated,93,0.665395662177569,-2.5911196927043233e+27
metasgd,B_fewshot_adapt_support_to_query,raw_inhouse_target,12,random_repeated,27,0.15802080318424067,-2.9478505034472533e+27
metasgd,B_fewshot_adapt_support_to_query,inhouse_percentile,12,random_repeated,63,0.7115384340286255,-2.5702147355153512e+26
metasgd,B_fewshot_adapt_support_to_query,inhouse_percentile,12,random_repeated,67,0.7596153616905212,-2.3901069982726362e+26
metasgd,B_fewshot_adapt_support_to_query,inhouse_percentile,12,random_repeated,69,0.49038460850715637,-2.3491205465501425e+26
metasgd,B_fewshot_adapt_support_to_query,inhouse_percentile,12,random_repeated,49,0.3461538553237915,-2.256938477065001e+26
metasgd,B_fewshot_adapt_support_to_query,inhouse_percentile,12,random_repeated,39,0.8653846383094788,-2.3907135272177798e+26
metasgd,B_fewshot_adapt_support_to_query,inhouse_percentile,12,random_repeated,54,0.23076923191547394,-2.696649826201201e+26
metasgd,B_fewshot_adapt_support_to_query,inhouse_percentile,12,random_repeated,99,0.8461538553237915,-2.3491205465501425e+26
metasgd,B_fewshot_adapt_support_to_query,inhouse_percentile,12,random_repeated,85,0.875,-2.4647941756782715e+26
metasgd,B_fewshot_adapt_support_to_query,inhouse_percentile,12,random_repeated,89,0.8846153616905212,-2.5508749845610334e+26
metasgd,B_fewshot_adapt_support_to_query,inhouse_percentile,12,random_repeated,5,0.36538460850715637,-2.8000609822063315e+26
metasgd,B_fewshot_adapt_support_to_query,inhouse_percentile,12,random_repeated,17,0.048076923936605453,-2.8501665818616636e+26
metasgd,B_fewshot_adapt_support_to_query,inhouse_percentile,12,random_repeated,91,0.9615384340286255,-2.4381412130359315e+26
metasgd,B_fewshot_adapt_support_to_query,inhouse_percentile,12,random_repeated,31,0.42307692766189575,-2.448554031130659e+26
metasgd,B_fewshot_adapt_support_to_query,inhouse_percentile,12,random_repeated,40,0.9230769276618958,-2.348531542011869e+26
metasgd,B_fewshot_adapt_support_to_query,inhouse_percentile,12,random_repeated,15,0.21153846383094788,-2.780310422261492e+26
metasgd,B_fewshot_adapt_support_to_query,inhouse_percentile,12,random_repeated,19,0.2788461446762085,-2.779427930025006e+26
metasgd,B_fewshot_adapt_support_to_query,inhouse_percentile,12,random_repeated,71,0.2211538404226303,-2.56913080483358e+26
metasgd,B_fewshot_adapt_support_to_query,inhouse_percentile,12,random_repeated,56,0.7788461446762085,-2.5657616914959578e+26
metasgd,B_fewshot_adapt_support_to_query,inhouse_percentile,12,random_repeated,52,0.14423076808452606,-2.3356108890603205e+26
metasgd,B_fewshot_adapt_support_to_query,inhouse_percentile,12,random_repeated,93,0.75,-2.4669649885208656e+26
metasgd,B_fewshot_adapt_support_to_query,inhouse_percentile,12,random_repeated,27,0.06730769574642181,-2.8140098566725485e+26
supervised_ann,B_fewshot_adapt_support_to_query,raw_inhouse_target,12,random_repeated,63,0.6431797726779321,0.7434924840927124
supervised_ann,B_fewshot_adapt_support_to_query,raw_inhouse_target,12,random_repeated,67,0.6704965744838094,0.7599421739578247
supervised_ann,B_fewshot_adapt_support_to_query,raw_inhouse_target,12,random_repeated,69,0.4818535458193168,0.7290607690811157
supervised_ann,B_fewshot_adapt_support_to_query,raw_inhouse_target,12,random_repeated,49,0.3796880137703043,0.7040249109268188
supervised_ann,B_fewshot_adapt_support_to_query,raw_inhouse_target,12,random_repeated,39,0.7565851086119532,0.7832458019256592
supervised_ann,B_fewshot_adapt_support_to_query,raw_inhouse_target,12,random_repeated,54,0.33212902834350305,0.6930230855941772
supervised_ann,B_fewshot_adapt_support_to_query,raw_inhouse_target,12,random_repeated,99,0.7521442353995029,0.7290607690811157
supervised_ann,B_fewshot_adapt_support_to_query,raw_inhouse_target,12,random_repeated,85,0.76035675302239,0.7476404905319214
supervised_ann,B_fewshot_adapt_support_to_query,raw_inhouse_target,12,random_repeated,89,0.7603784272900662,0.7815475463867188
supervised_ann,B_fewshot_adapt_support_to_query,raw_inhouse_target,12,random_repeated,5,0.3918458728545167,0.62751305103302
supervised_ann,B_fewshot_adapt_support_to_query,raw_inhouse_target,12,random_repeated,17,0.144256165394459,0.6120407581329346
supervised_ann,B_fewshot_adapt_support_to_query,raw_inhouse_target,12,random_repeated,91,0.8174858560708692,0.7317080497741699
supervised_ann,B_fewshot_adapt_support_to_query,raw_inhouse_target,12,random_repeated,31,0.4373763137086527,0.7477096319198608
supervised_ann,B_fewshot_adapt_support_to_query,raw_inhouse_target,12,random_repeated,40,0.7737047744199761,0.7288632392883301
supervised_ann,B_fewshot_adapt_support_to_query,raw_inhouse_target,12,random_repeated,15,0.31203121268996953,0.7350499629974365
supervised_ann,B_fewshot_adapt_support_to_query,raw_inhouse_target,12,random_repeated,19,0.3461983072767217,0.6280629634857178
supervised_ann,B_fewshot_adapt_support_to_query,raw_inhouse_target,12,random_repeated,71,0.326655938295472,0.7247018814086914
supervised_ann,B_fewshot_adapt_support_to_query,raw_inhouse_target,12,random_repeated,56,0.676069693879939,0.761971116065979
supervised_ann,B_fewshot_adapt_support_to_query,raw_inhouse_target,12,random_repeated,52,0.21752824156773537,0.7940174341201782
supervised_ann,B_fewshot_adapt_support_to_query,raw_inhouse_target,12,random_repeated,93,0.665395662177569,0.7444636821746826
supervised_ann,B_fewshot_adapt_support_to_query,raw_inhouse_target,12,random_repeated,27,0.15802080318424067,0.5492528676986694
supervised_ann,B_fewshot_adapt_support_to_query,inhouse_percentile,12,random_repeated,63,0.7115384340286255,0.5539795160293579
supervised_ann,B_fewshot_adapt_support_to_query,inhouse_percentile,12,random_repeated,67,0.7596153616905212,0.6109967231750488
supervised_ann,B_fewshot_adapt_support_to_query,inhouse_percentile,12,random_repeated,69,0.49038460850715637,0.6543129682540894
supervised_ann,B_fewshot_adapt_support_to_query,inhouse_percentile,12,random_repeated,49,0.3461538553237915,0.7285636067390442
supervised_ann,B_fewshot_adapt_support_to_query,inhouse_percentile,12,random_repeated,39,0.8653846383094788,0.6458741426467896
supervised_ann,B_fewshot_adapt_support_to_query,inhouse_percentile,12,random_repeated,54,0.23076923191547394,0.4825737774372101
supervised_ann,B_fewshot_adapt_support_to_query,inhouse_percentile,12,random_repeated,99,0.8461538553237915,0.6543129682540894
supervised_ann,B_fewshot_adapt_support_to_query,inhouse_percentile,12,random_repeated,85,0.875,0.599960207939148
supervised_ann,B_fewshot_adapt_support_to_query,inhouse_percentile,12,random_repeated,89,0.8846153616905212,0.5881183743476868
supervised_ann,B_fewshot_adapt_support_to_query,inhouse_percentile,12,random_repeated,5,0.36538460850715637,0.4932612478733063
supervised_ann,B_fewshot_adapt_support_to_query,inhouse_percentile,12,random_repeated,17,0.048076923936605453,0.179891899228096
supervised_ann,B_fewshot_adapt_support_to_query,inhouse_percentile,12,random_repeated,91,0.9615384340286255,0.6219596862792969
supervised_ann,B_fewshot_adapt_support_to_query,inhouse_percentile,12,random_repeated,31,0.42307692766189575,0.5533112287521362
supervised_ann,B_fewshot_adapt_support_to_query,inhouse_percentile,12,random_repeated,40,0.9230769276618958,0.6533849239349365
supervised_ann,B_fewshot_adapt_support_to_query,inhouse_percentile,12,random_repeated,15,0.21153846383094788,0.4750937521457672
supervised_ann,B_fewshot_adapt_support_to_query,inhouse_percentile,12,random_repeated,19,0.2788461446762085,0.39017364382743835
supervised_ann,B_fewshot_adapt_support_to_query,inhouse_percentile,12,random_repeated,71,0.2211538404226303,0.48024335503578186
supervised_ann,B_fewshot_adapt_support_to_query,inhouse_percentile,12,random_repeated,56,0.7788461446762085,0.5645954608917236
supervised_ann,B_fewshot_adapt_support_to_query,inhouse_percentile,12,random_repeated,52,0.14423076808452606,0.6257285475730896
supervised_ann,B_fewshot_adapt_support_to_query,inhouse_percentile,12,random_repeated,93,0.75,0.6089707612991333
supervised_ann,B_fewshot_adapt_support_to_query,inhouse_percentile,12,random_repeated,27,0.06730769574642181,0.26263627409935
maml,B_fewshot_adapt_support_to_query,raw_inhouse_target,13,random_repeated,17,0.144256165394459,-68085071872.0
maml,B_fewshot_adapt_support_to_query,raw_inhouse_target,13,random_repeated,37,0.6484163433607225,-68085071872.0
maml,B_fewshot_adapt_support_to_query,raw_inhouse_target,13,random_repeated,43,0.6136297737764471,-68085071872.0
maml,B_fewshot_adapt_support_to_query,raw_inhouse_target,13,random_repeated,3,0.25755472955208975,-68085071872.0
maml,B_fewshot_adapt_support_to_query,raw_inhouse_target,13,random_repeated,68,0.6528309468621716,-68085071872.0
maml,B_fewshot_adapt_support_to_query,raw_inhouse_target,13,random_repeated,27,0.15802080318424067,-68085071872.0
maml,B_fewshot_adapt_support_to_query,raw_inhouse_target,13,random_repeated,93,0.665395662177569,-68085071872.0
maml,B_fewshot_adapt_support_to_query,raw_inhouse_target,13,random_repeated,13,0.17950464805909924,-68085071872.0
maml,B_fewshot_adapt_support_to_query,raw_inhouse_target,13,random_repeated,14,0.5160428222422133,-68085071872.0
maml,B_fewshot_adapt_support_to_query,raw_inhouse_target,13,random_repeated,8,0.1459604384601472,-68085071872.0
maml,B_fewshot_adapt_support_to_query,raw_inhouse_target,13,random_repeated,61,0.5956170942280743,-68085071872.0
maml,B_fewshot_adapt_support_to_query,raw_inhouse_target,13,random_repeated,40,0.7737047744199761,-68085071872.0
maml,B_fewshot_adapt_support_to_query,raw_inhouse_target,13,random_repeated,75,0.589140108951609,-68085071872.0
maml,B_fewshot_adapt_support_to_query,raw_inhouse_target,13,random_repeated,69,0.4818535458193168,-68085071872.0
maml,B_fewshot_adapt_support_to_query,raw_inhouse_target,13,random_repeated,74,0.4678666126095594,-68085071872.0
maml,B_fewshot_adapt_support_to_query,raw_inhouse_target,13,random_repeated,57,0.5743264118541962,-68085071872.0
maml,B_fewshot_adapt_support_to_query,raw_inhouse_target,13,random_repeated,98,0.7374909784281607,-68085071872.0
maml,B_fewshot_adapt_support_to_query,raw_inhouse_target,13,random_repeated,32,0.5724257036590981,-68085071872.0
maml,B_fewshot_adapt_support_to_query,raw_inhouse_target,13,random_repeated,88,0.7501729079419943,-68085071872.0
maml,B_fewshot_adapt_support_to_query,raw_inhouse_target,13,random_repeated,90,0.7230486216197674,-68085071872.0
maml,B_fewshot_adapt_support_to_query,raw_inhouse_target,13,random_repeated,47,0.6273633871473753,-68085071872.0
maml,B_fewshot_adapt_support_to_query,inhouse_percentile,13,random_repeated,17,0.048076923936605453,-161086439424.0
maml,B_fewshot_adapt_support_to_query,inhouse_percentile,13,random_repeated,37,0.7307692170143127,-161086439424.0
maml,B_fewshot_adapt_support_to_query,inhouse_percentile,13,random_repeated,43,0.6442307829856873,-161086439424.0
maml,B_fewshot_adapt_support_to_query,inhouse_percentile,13,random_repeated,3,0.19230769574642181,-161086439424.0
maml,B_fewshot_adapt_support_to_query,inhouse_percentile,13,random_repeated,68,0.7403846383094788,-161086439424.0
maml,B_fewshot_adapt_support_to_query,inhouse_percentile,13,random_repeated,27,0.06730769574642181,-161086439424.0
maml,B_fewshot_adapt_support_to_query,inhouse_percentile,13,random_repeated,93,0.75,-161086439424.0
maml,B_fewshot_adapt_support_to_query,inhouse_percentile,13,random_repeated,13,0.10576923191547394,-161086439424.0
maml,B_fewshot_adapt_support_to_query,inhouse_percentile,13,random_repeated,14,0.5288461446762085,-161086439424.0
maml,B_fewshot_adapt_support_to_query,inhouse_percentile,13,random_repeated,8,0.057692307978868484,-161086439424.0
maml,B_fewshot_adapt_support_to_query,inhouse_percentile,13,random_repeated,61,0.6153846383094788,-161086439424.0
maml,B_fewshot_adapt_support_to_query,inhouse_percentile,13,random_repeated,40,0.9230769276618958,-161086439424.0
maml,B_fewshot_adapt_support_to_query,inhouse_percentile,13,random_repeated,75,0.5961538553237915,-161086439424.0
maml,B_fewshot_adapt_support_to_query,inhouse_percentile,13,random_repeated,69,0.49038460850715637,-161086439424.0
maml,B_fewshot_adapt_support_to_query,inhouse_percentile,13,random_repeated,74,0.48076921701431274,-161086439424.0
maml,B_fewshot_adapt_support_to_query,inhouse_percentile,13,random_repeated,57,0.567307710647583,-161086439424.0
maml,B_fewshot_adapt_support_to_query,inhouse_percentile,13,random_repeated,98,0.8269230723381042,-161086439424.0
maml,B_fewshot_adapt_support_to_query,inhouse_percentile,13,random_repeated,32,0.557692289352417,-161086439424.0
maml,B_fewshot_adapt_support_to_query,inhouse_percentile,13,random_repeated,88,0.8365384340286255,-161086439424.0
maml,B_fewshot_adapt_support_to_query,inhouse_percentile,13,random_repeated,90,0.807692289352417,-161086439424.0
maml,B_fewshot_adapt_support_to_query,inhouse_percentile,13,random_repeated,47,0.682692289352417,-161086439424.0
fomaml,B_fewshot_adapt_support_to_query,raw_inhouse_target,13,random_repeated,17,0.144256165394459,-5.49122770068308e+17
fomaml,B_fewshot_adapt_support_to_query,raw_inhouse_target,13,random_repeated,37,0.6484163433607225,-4.785214104618926e+17
fomaml,B_fewshot_adapt_support_to_query,raw_inhouse_target,13,random_repeated,43,0.6136297737764471,-5.252803070965842e+17
fomaml,B_fewshot_adapt_support_to_query,raw_inhouse_target,13,random_repeated,3,0.25755472955208975,-5.5560583422305894e+17
fomaml,B_fewshot_adapt_support_to_query,raw_inhouse_target,13,random_repeated,68,0.6528309468621716,-5.177082453939978e+17
fomaml,B_fewshot_adapt_support_to_query,raw_inhouse_target,13,random_repeated,27,0.15802080318424067,-5.5338427097913754e+17
fomaml,B_fewshot_adapt_support_to_query,raw_inhouse_target,13,random_repeated,93,0.665395662177569,-4.989617095793705e+17
fomaml,B_fewshot_adapt_support_to_query,raw_inhouse_target,13,random_repeated,13,0.17950464805909924,-5.490455293764567e+17
fomaml,B_fewshot_adapt_support_to_query,raw_inhouse_target,13,random_repeated,14,0.5160428222422133,-5.6190246243742515e+17
fomaml,B_fewshot_adapt_support_to_query,raw_inhouse_target,13,random_repeated,8,0.1459604384601472,-5.537252570227016e+17
fomaml,B_fewshot_adapt_support_to_query,raw_inhouse_target,13,random_repeated,61,0.5956170942280743,-5.3245843439878144e+17
fomaml,B_fewshot_adapt_support_to_query,raw_inhouse_target,13,random_repeated,40,0.7737047744199761,-4.836883591981957e+17
fomaml,B_fewshot_adapt_support_to_query,raw_inhouse_target,13,random_repeated,75,0.589140108951609,-5.345933767422771e+17
fomaml,B_fewshot_adapt_support_to_query,raw_inhouse_target,13,random_repeated,69,0.4818535458193168,-4.837880024394629e+17
fomaml,B_fewshot_adapt_support_to_query,raw_inhouse_target,13,random_repeated,74,0.4678666126095594,-5.599445758257398e+17
fomaml,B_fewshot_adapt_support_to_query,raw_inhouse_target,13,random_repeated,57,0.5743264118541962,-5.178371287726162e+17
fomaml,B_fewshot_adapt_support_to_query,raw_inhouse_target,13,random_repeated,98,0.7374909784281607,-4.969360655636234e+17
fomaml,B_fewshot_adapt_support_to_query,raw_inhouse_target,13,random_repeated,32,0.5724257036590981,-5.6746808721801216e+17
fomaml,B_fewshot_adapt_support_to_query,raw_inhouse_target,13,random_repeated,88,0.7501729079419943,-4.996045459244974e+17
fomaml,B_fewshot_adapt_support_to_query,raw_inhouse_target,13,random_repeated,90,0.7230486216197674,-5.163715828520059e+17
fomaml,B_fewshot_adapt_support_to_query,raw_inhouse_target,13,random_repeated,47,0.6273633871473753,-4.8875851655151616e+17
fomaml,B_fewshot_adapt_support_to_query,inhouse_percentile,13,random_repeated,17,0.048076923936605453,-9.832005378996227e+19
fomaml,B_fewshot_adapt_support_to_query,inhouse_percentile,13,random_repeated,37,0.7307692170143127,-8.543836027689212e+19
fomaml,B_fewshot_adapt_support_to_query,inhouse_percentile,13,random_repeated,43,0.6442307829856873,-9.303386576640593e+19
fomaml,B_fewshot_adapt_support_to_query,inhouse_percentile,13,random_repeated,3,0.19230769574642181,-9.831476733805593e+19
fomaml,B_fewshot_adapt_support_to_query,inhouse_percentile,13,random_repeated,68,0.7403846383094788,-9.093354347065613e+19
fomaml,B_fewshot_adapt_support_to_query,inhouse_percentile,13,random_repeated,27,0.06730769574642181,-9.797482473102665e+19
fomaml,B_fewshot_adapt_support_to_query,inhouse_percentile,13,random_repeated,93,0.75,-8.8962215879077e+19
fomaml,B_fewshot_adapt_support_to_query,inhouse_percentile,13,random_repeated,13,0.10576923191547394,-9.824143431052978e+19
fomaml,B_fewshot_adapt_support_to_query,inhouse_percentile,13,random_repeated,14,0.5288461446762085,-9.839893715218543e+19
fomaml,B_fewshot_adapt_support_to_query,inhouse_percentile,13,random_repeated,8,0.057692307978868484,-9.804264260822788e+19
fomaml,B_fewshot_adapt_support_to_query,inhouse_percentile,13,random_repeated,61,0.6153846383094788,-9.352311325639416e+19
fomaml,B_fewshot_adapt_support_to_query,inhouse_percentile,13,random_repeated,40,0.9230769276618958,-8.617659877206e+19
fomaml,B_fewshot_adapt_support_to_query,inhouse_percentile,13,random_repeated,75,0.5961538553237915,-9.391085383290611e+19
fomaml,B_fewshot_adapt_support_to_query,inhouse_percentile,13,random_repeated,69,0.49038460850715637,-8.619497381038339e+19
fomaml,B_fewshot_adapt_support_to_query,inhouse_percentile,13,random_repeated,74,0.48076921701431274,-9.804816655464582e+19
fomaml,B_fewshot_adapt_support_to_query,inhouse_percentile,13,random_repeated,57,0.567307710647583,-9.17285783384684e+19
fomaml,B_fewshot_adapt_support_to_query,inhouse_percentile,13,random_repeated,98,0.8269230723381042,-8.875702941714796e+19
fomaml,B_fewshot_adapt_support_to_query,inhouse_percentile,13,random_repeated,32,0.557692289352417,-9.997998209636919e+19
fomaml,B_fewshot_adapt_support_to_query,inhouse_percentile,13,random_repeated,88,0.8365384340286255,-8.907565909078442e+19
fomaml,B_fewshot_adapt_support_to_query,inhouse_percentile,13,random_repeated,90,0.807692289352417,-9.09082634993103e+19
fomaml,B_fewshot_adapt_support_to_query,inhouse_percentile,13,random_repeated,47,0.682692289352417,-8.723013322160891e+19
metasgd,B_fewshot_adapt_support_to_query,raw_inhouse_target,13,random_repeated,17,0.144256165394459,-1886173921280.0
metasgd,B_fewshot_adapt_support_to_query,raw_inhouse_target,13,random_repeated,37,0.6484163433607225,-1886173921280.0
metasgd,B_fewshot_adapt_support_to_query,raw_inhouse_target,13,random_repeated,43,0.6136297737764471,-1886173921280.0
metasgd,B_fewshot_adapt_support_to_query,raw_inhouse_target,13,random_repeated,3,0.25755472955208975,-1886173921280.0
metasgd,B_fewshot_adapt_support_to_query,raw_inhouse_target,13,random_repeated,68,0.6528309468621716,-1886173921280.0
metasgd,B_fewshot_adapt_support_to_query,raw_inhouse_target,13,random_repeated,27,0.15802080318424067,-1886173921280.0
metasgd,B_fewshot_adapt_support_to_query,raw_inhouse_target,13,random_repeated,93,0.665395662177569,-1886173921280.0
metasgd,B_fewshot_adapt_support_to_query,raw_inhouse_target,13,random_repeated,13,0.17950464805909924,-1886173921280.0
metasgd,B_fewshot_adapt_support_to_query,raw_inhouse_target,13,random_repeated,14,0.5160428222422133,-1886173921280.0
metasgd,B_fewshot_adapt_support_to_query,raw_inhouse_target,13,random_repeated,8,0.1459604384601472,-1886173921280.0
metasgd,B_fewshot_adapt_support_to_query,raw_inhouse_target,13,random_repeated,61,0.5956170942280743,-1886173921280.0
metasgd,B_fewshot_adapt_support_to_query,raw_inhouse_target,13,random_repeated,40,0.7737047744199761,-1886173921280.0
metasgd,B_fewshot_adapt_support_to_query,raw_inhouse_target,13,random_repeated,75,0.589140108951609,-1886173921280.0
metasgd,B_fewshot_adapt_support_to_query,raw_inhouse_target,13,random_repeated,69,0.4818535458193168,-1886173921280.0
metasgd,B_fewshot_adapt_support_to_query,raw_inhouse_target,13,random_repeated,74,0.4678666126095594,-1886173921280.0
metasgd,B_fewshot_adapt_support_to_query,raw_inhouse_target,13,random_repeated,57,0.5743264118541962,-1886173921280.0
metasgd,B_fewshot_adapt_support_to_query,raw_inhouse_target,13,random_repeated,98,0.7374909784281607,-1886173921280.0
metasgd,B_fewshot_adapt_support_to_query,raw_inhouse_target,13,random_repeated,32,0.5724257036590981,-1886173921280.0
metasgd,B_fewshot_adapt_support_to_query,raw_inhouse_target,13,random_repeated,88,0.7501729079419943,-1886173921280.0
metasgd,B_fewshot_adapt_support_to_query,raw_inhouse_target,13,random_repeated,90,0.7230486216197674,-1886173921280.0
metasgd,B_fewshot_adapt_support_to_query,raw_inhouse_target,13,random_repeated,47,0.6273633871473753,-1886173921280.0
metasgd,B_fewshot_adapt_support_to_query,inhouse_percentile,13,random_repeated,17,0.048076923936605453,-2266173014016.0
metasgd,B_fewshot_adapt_support_to_query,inhouse_percentile,13,random_repeated,37,0.7307692170143127,-2266173014016.0
metasgd,B_fewshot_adapt_support_to_query,inhouse_percentile,13,random_repeated,43,0.6442307829856873,-2266173014016.0
metasgd,B_fewshot_adapt_support_to_query,inhouse_percentile,13,random_repeated,3,0.19230769574642181,-2266173014016.0
metasgd,B_fewshot_adapt_support_to_query,inhouse_percentile,13,random_repeated,68,0.7403846383094788,-2266173014016.0
metasgd,B_fewshot_adapt_support_to_query,inhouse_percentile,13,random_repeated,27,0.06730769574642181,-2266173014016.0
metasgd,B_fewshot_adapt_support_to_query,inhouse_percentile,13,random_repeated,93,0.75,-2266173014016.0
metasgd,B_fewshot_adapt_support_to_query,inhouse_percentile,13,random_repeated,13,0.10576923191547394,-2266173014016.0
metasgd,B_fewshot_adapt_support_to_query,inhouse_percentile,13,random_repeated,14,0.5288461446762085,-2266173014016.0
metasgd,B_fewshot_adapt_support_to_query,inhouse_percentile,13,random_repeated,8,0.057692307978868484,-2266173014016.0
metasgd,B_fewshot_adapt_support_to_query,inhouse_percentile,13,random_repeated,61,0.6153846383094788,-2266173014016.0
metasgd,B_fewshot_adapt_support_to_query,inhouse_percentile,13,random_repeated,40,0.9230769276618958,-2266173014016.0
metasgd,B_fewshot_adapt_support_to_query,inhouse_percentile,13,random_repeated,75,0.5961538553237915,-2266173014016.0
metasgd,B_fewshot_adapt_support_to_query,inhouse_percentile,13,random_repeated,69,0.49038460850715637,-2266173014016.0
metasgd,B_fewshot_adapt_support_to_query,inhouse_percentile,13,random_repeated,74,0.48076921701431274,-2266173014016.0
metasgd,B_fewshot_adapt_support_to_query,inhouse_percentile,13,random_repeated,57,0.567307710647583,-2266173014016.0
metasgd,B_fewshot_adapt_support_to_query,inhouse_percentile,13,random_repeated,98,0.8269230723381042,-2266173014016.0
metasgd,B_fewshot_adapt_support_to_query,inhouse_percentile,13,random_repeated,32,0.557692289352417,-2266173014016.0
metasgd,B_fewshot_adapt_support_to_query,inhouse_percentile,13,random_repeated,88,0.8365384340286255,-2266173014016.0
metasgd,B_fewshot_adapt_support_to_query,inhouse_percentile,13,random_repeated,90,0.807692289352417,-2266173014016.0
metasgd,B_fewshot_adapt_support_to_query,inhouse_percentile,13,random_repeated,47,0.682692289352417,-2266173014016.0
supervised_ann,B_fewshot_adapt_support_to_query,raw_inhouse_target,13,random_repeated,17,0.144256165394459,0.5454292297363281
supervised_ann,B_fewshot_adapt_support_to_query,raw_inhouse_target,13,random_repeated,37,0.6484163433607225,0.691636323928833
supervised_ann,B_fewshot_adapt_support_to_query,raw_inhouse_target,13,random_repeated,43,0.6136297737764471,0.7452423572540283
supervised_ann,B_fewshot_adapt_support_to_query,raw_inhouse_target,13,random_repeated,3,0.25755472955208975,0.7070754766464233
supervised_ann,B_fewshot_adapt_support_to_query,raw_inhouse_target,13,random_repeated,68,0.6528309468621716,0.7511923909187317
supervised_ann,B_fewshot_adapt_support_to_query,raw_inhouse_target,13,random_repeated,27,0.15802080318424067,0.7155781388282776
supervised_ann,B_fewshot_adapt_support_to_query,raw_inhouse_target,13,random_repeated,93,0.665395662177569,0.6891615986824036
supervised_ann,B_fewshot_adapt_support_to_query,raw_inhouse_target,13,random_repeated,13,0.17950464805909924,0.5312398672103882
supervised_ann,B_fewshot_adapt_support_to_query,raw_inhouse_target,13,random_repeated,14,0.5160428222422133,0.7932141423225403
supervised_ann,B_fewshot_adapt_support_to_query,raw_inhouse_target,13,random_repeated,8,0.1459604384601472,0.6675146818161011
supervised_ann,B_fewshot_adapt_support_to_query,raw_inhouse_target,13,random_repeated,61,0.5956170942280743,0.783868134021759
supervised_ann,B_fewshot_adapt_support_to_query,raw_inhouse_target,13,random_repeated,40,0.7737047744199761,0.693744421005249
supervised_ann,B_fewshot_adapt_support_to_query,raw_inhouse_target,13,random_repeated,75,0.589140108951609,0.7524528503417969
supervised_ann,B_fewshot_adapt_support_to_query,raw_inhouse_target,13,random_repeated,69,0.4818535458193168,0.6917746663093567
supervised_ann,B_fewshot_adapt_support_to_query,raw_inhouse_target,13,random_repeated,74,0.4678666126095594,0.8441561460494995
supervised_ann,B_fewshot_adapt_support_to_query,raw_inhouse_target,13,random_repeated,57,0.5743264118541962,0.7391495704650879
supervised_ann,B_fewshot_adapt_support_to_query,raw_inhouse_target,13,random_repeated,98,0.7374909784281607,0.7008951902389526
supervised_ann,B_fewshot_adapt_support_to_query,raw_inhouse_target,13,random_repeated,32,0.5724257036590981,0.7854565382003784
supervised_ann,B_fewshot_adapt_support_to_query,raw_inhouse_target,13,random_repeated,88,0.7501729079419943,0.6954410076141357
supervised_ann,B_fewshot_adapt_support_to_query,raw_inhouse_target,13,random_repeated,90,0.7230486216197674,0.7424485683441162
supervised_ann,B_fewshot_adapt_support_to_query,raw_inhouse_target,13,random_repeated,47,0.6273633871473753,0.6950204968452454
supervised_ann,B_fewshot_adapt_support_to_query,inhouse_percentile,13,random_repeated,17,0.048076923936605453,-0.005871465429663658
supervised_ann,B_fewshot_adapt_support_to_query,inhouse_percentile,13,random_repeated,37,0.7307692170143127,0.5265553593635559
supervised_ann,B_fewshot_adapt_support_to_query,inhouse_percentile,13,random_repeated,43,0.6442307829856873,0.25731799006462097
supervised_ann,B_fewshot_adapt_support_to_query,inhouse_percentile,13,random_repeated,3,0.19230769574642181,0.15780498087406158
supervised_ann,B_fewshot_adapt_support_to_query,inhouse_percentile,13,random_repeated,68,0.7403846383094788,0.5025626420974731
supervised_ann,B_fewshot_adapt_support_to_query,inhouse_percentile,13,random_repeated,27,0.06730769574642181,0.012480521574616432
supervised_ann,B_fewshot_adapt_support_to_query,inhouse_percentile,13,random_repeated,93,0.75,0.48431989550590515
supervised_ann,B_fewshot_adapt_support_to_query,inhouse_percentile,13,random_repeated,13,0.10576923191547394,0.13552187383174896
supervised_ann,B_fewshot_adapt_support_to_query,inhouse_percentile,13,random_repeated,14,0.5288461446762085,0.3352569341659546
supervised_ann,B_fewshot_adapt_support_to_query,inhouse_percentile,13,random_repeated,8,0.057692307978868484,-0.06454459577798843
supervised_ann,B_fewshot_adapt_support_to_query,inhouse_percentile,13,random_repeated,61,0.6153846383094788,0.36541056632995605
supervised_ann,B_fewshot_adapt_support_to_query,inhouse_percentile,13,random_repeated,40,0.9230769276618958,0.6673607230186462
supervised_ann,B_fewshot_adapt_support_to_query,inhouse_percentile,13,random_repeated,75,0.5961538553237915,0.4025519788265228
supervised_ann,B_fewshot_adapt_support_to_query,inhouse_percentile,13,random_repeated,69,0.49038460850715637,0.6592323184013367
supervised_ann,B_fewshot_adapt_support_to_query,inhouse_percentile,13,random_repeated,74,0.48076921701431274,0.21197575330734253
supervised_ann,B_fewshot_adapt_support_to_query,inhouse_percentile,13,random_repeated,57,0.567307710647583,0.4056762158870697
supervised_ann,B_fewshot_adapt_support_to_query,inhouse_percentile,13,random_repeated,98,0.8269230723381042,0.6018219590187073
supervised_ann,B_fewshot_adapt_support_to_query,inhouse_percentile,13,random_repeated,32,0.557692289352417,0.4322868883609772
supervised_ann,B_fewshot_adapt_support_to_query,inhouse_percentile,13,random_repeated,88,0.8365384340286255,0.5819534659385681
supervised_ann,B_fewshot_adapt_support_to_query,inhouse_percentile,13,random_repeated,90,0.807692289352417,0.5245354175567627
supervised_ann,B_fewshot_adapt_support_to_query,inhouse_percentile,13,random_repeated,47,0.682692289352417,0.6290329694747925
maml,B_fewshot_adapt_support_to_query,raw_inhouse_target,14,random_repeated,23,0.36241321109052227,-1.0238161385490729e+22
maml,B_fewshot_adapt_support_to_query,raw_inhouse_target,14,random_repeated,95,0.6312590671234484,-1.038310523589802e+22
maml,B_fewshot_adapt_support_to_query,raw_inhouse_target,14,random_repeated,97,0.624819414195981,-1.0361222245308627e+22
maml,B_fewshot_adapt_support_to_query,raw_inhouse_target,14,random_repeated,28,0.14407134832857899,-1.0302695716351134e+22
maml,B_fewshot_adapt_support_to_query,raw_inhouse_target,14,random_repeated,73,0.4566549309911151,-9.234485231885266e+21
maml,B_fewshot_adapt_support_to_query,raw_inhouse_target,14,random_repeated,11,0.1821063094077652,-1.0301453848753887e+22
maml,B_fewshot_adapt_support_to_query,raw_inhouse_target,14,random_repeated,79,0.6238685646716786,-9.879411394573836e+21
maml,B_fewshot_adapt_support_to_query,raw_inhouse_target,14,random_repeated,68,0.6528309468621716,-9.529477199927521e+21
maml,B_fewshot_adapt_support_to_query,raw_inhouse_target,14,random_repeated,50,0.4957022938993934,-1.0738576606286188e+22
maml,B_fewshot_adapt_support_to_query,raw_inhouse_target,14,random_repeated,27,0.15802080318424067,-1.0295783816823027e+22
maml,B_fewshot_adapt_support_to_query,raw_inhouse_target,14,random_repeated,85,0.76035675302239,-9.340376118123815e+21
maml,B_fewshot_adapt_support_to_query,raw_inhouse_target,14,random_repeated,12,0.3353358208132731,-1.0300192840858223e+22
maml,B_fewshot_adapt_support_to_query,raw_inhouse_target,14,random_repeated,8,0.1459604384601472,-1.0298165095126e+22
maml,B_fewshot_adapt_support_to_query,raw_inhouse_target,14,random_repeated,34,0.6705041576041141,-9.353520436586249e+21
maml,B_fewshot_adapt_support_to_query,raw_inhouse_target,14,random_repeated,7,0.17895376007702582,-1.0240455969500874e+22
maml,B_fewshot_adapt_support_to_query,raw_inhouse_target,14,random_repeated,60,0.5483164824186075,-9.793723656263671e+21
maml,B_fewshot_adapt_support_to_query,raw_inhouse_target,14,random_repeated,10,0.2580585765753896,-1.0298619958688364e+22
maml,B_fewshot_adapt_support_to_query,raw_inhouse_target,14,random_repeated,94,0.5959327298672837,-9.337806251586446e+21
maml,B_fewshot_adapt_support_to_query,raw_inhouse_target,14,random_repeated,91,0.8174858560708692,-9.2680162199609e+21
maml,B_fewshot_adapt_support_to_query,raw_inhouse_target,14,random_repeated,38,0.7780698457067285,-9.879418149973277e+21
maml,B_fewshot_adapt_support_to_query,raw_inhouse_target,14,random_repeated,45,0.4187199636438257,-8.952496281867136e+21
maml,B_fewshot_adapt_support_to_query,inhouse_percentile,14,random_repeated,23,0.3076923191547394,-742946.5625
maml,B_fewshot_adapt_support_to_query,inhouse_percentile,14,random_repeated,95,0.692307710647583,-742946.5625
maml,B_fewshot_adapt_support_to_query,inhouse_percentile,14,random_repeated,97,0.6730769276618958,-742946.5625
maml,B_fewshot_adapt_support_to_query,inhouse_percentile,14,random_repeated,28,0.03846153989434242,-742946.5625
maml,B_fewshot_adapt_support_to_query,inhouse_percentile,14,random_repeated,73,0.4615384638309479,-742946.5625
maml,B_fewshot_adapt_support_to_query,inhouse_percentile,14,random_repeated,11,0.11538461595773697,-742946.5625
maml,B_fewshot_adapt_support_to_query,inhouse_percentile,14,random_repeated,79,0.6634615659713745,-742946.5625
maml,B_fewshot_adapt_support_to_query,inhouse_percentile,14,random_repeated,68,0.7403846383094788,-742946.5625
maml,B_fewshot_adapt_support_to_query,inhouse_percentile,14,random_repeated,50,0.5,-742946.5625
maml,B_fewshot_adapt_support_to_query,inhouse_percentile,14,random_repeated,27,0.06730769574642181,-742946.5625
maml,B_fewshot_adapt_support_to_query,inhouse_percentile,14,random_repeated,85,0.875,-742946.5625
maml,B_fewshot_adapt_support_to_query,inhouse_percentile,14,random_repeated,12,0.25,-742946.5625
maml,B_fewshot_adapt_support_to_query,inhouse_percentile,14,random_repeated,8,0.057692307978868484,-742946.5625
maml,B_fewshot_adapt_support_to_query,inhouse_percentile,14,random_repeated,34,0.7692307829856873,-742946.5625
maml,B_fewshot_adapt_support_to_query,inhouse_percentile,14,random_repeated,7,0.09615384787321091,-742946.5625
maml,B_fewshot_adapt_support_to_query,inhouse_percentile,14,random_repeated,60,0.5384615659713745,-742946.5625
maml,B_fewshot_adapt_support_to_query,inhouse_percentile,14,random_repeated,10,0.20192307233810425,-742946.5625
maml,B_fewshot_adapt_support_to_query,inhouse_percentile,14,random_repeated,94,0.625,-742946.5625
maml,B_fewshot_adapt_support_to_query,inhouse_percentile,14,random_repeated,91,0.9615384340286255,-742946.5625
maml,B_fewshot_adapt_support_to_query,inhouse_percentile,14,random_repeated,38,0.932692289352417,-742946.5625
maml,B_fewshot_adapt_support_to_query,inhouse_percentile,14,random_repeated,45,0.375,-742946.5625
fomaml,B_fewshot_adapt_support_to_query,raw_inhouse_target,14,random_repeated,23,0.36241321109052227,-4.230293678456832e+16
fomaml,B_fewshot_adapt_support_to_query,raw_inhouse_target,14,random_repeated,95,0.6312590671234484,-4.74516533846999e+16
fomaml,B_fewshot_adapt_support_to_query,raw_inhouse_target,14,random_repeated,97,0.624819414195981,-4.024284283614003e+16
fomaml,B_fewshot_adapt_support_to_query,raw_inhouse_target,14,random_repeated,28,0.14407134832857899,-4.814818111599411e+16
fomaml,B_fewshot_adapt_support_to_query,raw_inhouse_target,14,random_repeated,73,0.4566549309911151,-4.812913723100365e+16
fomaml,B_fewshot_adapt_support_to_query,raw_inhouse_target,14,random_repeated,11,0.1821063094077652,-4.839339797879194e+16
fomaml,B_fewshot_adapt_support_to_query,raw_inhouse_target,14,random_repeated,79,0.6238685646716786,-4.919066846298112e+16
fomaml,B_fewshot_adapt_support_to_query,raw_inhouse_target,14,random_repeated,68,0.6528309468621716,-4.35906925339607e+16
fomaml,B_fewshot_adapt_support_to_query,raw_inhouse_target,14,random_repeated,50,0.4957022938993934,-4.141478049742848e+16
fomaml,B_fewshot_adapt_support_to_query,raw_inhouse_target,14,random_repeated,27,0.15802080318424067,-4.826452748507546e+16
fomaml,B_fewshot_adapt_support_to_query,raw_inhouse_target,14,random_repeated,85,0.76035675302239,-5.159102690046771e+16
fomaml,B_fewshot_adapt_support_to_query,raw_inhouse_target,14,random_repeated,12,0.3353358208132731,-4.825370846245683e+16
fomaml,B_fewshot_adapt_support_to_query,raw_inhouse_target,14,random_repeated,8,0.1459604384601472,-4.803090273900954e+16
fomaml,B_fewshot_adapt_support_to_query,raw_inhouse_target,14,random_repeated,34,0.6705041576041141,-5.276076553850061e+16
fomaml,B_fewshot_adapt_support_to_query,raw_inhouse_target,14,random_repeated,7,0.17895376007702582,-4.21555378019369e+16
fomaml,B_fewshot_adapt_support_to_query,raw_inhouse_target,14,random_repeated,60,0.5483164824186075,-4.363166222699725e+16
fomaml,B_fewshot_adapt_support_to_query,raw_inhouse_target,14,random_repeated,10,0.2580585765753896,-4.832897346935194e+16
fomaml,B_fewshot_adapt_support_to_query,raw_inhouse_target,14,random_repeated,94,0.5959327298672837,-3.791194690473165e+16
fomaml,B_fewshot_adapt_support_to_query,raw_inhouse_target,14,random_repeated,91,0.8174858560708692,-5.514516817248256e+16
fomaml,B_fewshot_adapt_support_to_query,raw_inhouse_target,14,random_repeated,38,0.7780698457067285,-4.919070282271949e+16
fomaml,B_fewshot_adapt_support_to_query,raw_inhouse_target,14,random_repeated,45,0.4187199636438257,-5.947813304415027e+16
fomaml,B_fewshot_adapt_support_to_query,inhouse_percentile,14,random_repeated,23,0.3076923191547394,-1.1966040020667597e+19
fomaml,B_fewshot_adapt_support_to_query,inhouse_percentile,14,random_repeated,95,0.692307710647583,-1.2346974620203614e+19
fomaml,B_fewshot_adapt_support_to_query,inhouse_percentile,14,random_repeated,97,0.6730769276618958,-1.2111247023789834e+19
fomaml,B_fewshot_adapt_support_to_query,inhouse_percentile,14,random_repeated,28,0.03846153989434242,-1.2259161024539656e+19
fomaml,B_fewshot_adapt_support_to_query,inhouse_percentile,14,random_repeated,73,0.4615384638309479,-1.069007546833122e+19
fomaml,B_fewshot_adapt_support_to_query,inhouse_percentile,14,random_repeated,11,0.11538461595773697,-1.2248902581052506e+19
fomaml,B_fewshot_adapt_support_to_query,inhouse_percentile,14,random_repeated,79,0.6634615659713745,-1.1669450057609904e+19
fomaml,B_fewshot_adapt_support_to_query,inhouse_percentile,14,random_repeated,68,0.7403846383094788,-1.1030605214569726e+19
fomaml,B_fewshot_adapt_support_to_query,inhouse_percentile,14,random_repeated,50,0.5,-1.2719265958833684e+19
fomaml,B_fewshot_adapt_support_to_query,inhouse_percentile,14,random_repeated,27,0.06730769574642181,-1.2248577125610684e+19
fomaml,B_fewshot_adapt_support_to_query,inhouse_percentile,14,random_repeated,85,0.875,-1.096541407064726e+19
fomaml,B_fewshot_adapt_support_to_query,inhouse_percentile,14,random_repeated,12,0.25,-1.2252103259400962e+19
fomaml,B_fewshot_adapt_support_to_query,inhouse_percentile,14,random_repeated,8,0.057692307978868484,-1.2258123085563036e+19
fomaml,B_fewshot_adapt_support_to_query,inhouse_percentile,14,random_repeated,34,0.7692307829856873,-1.1032814133429928e+19
fomaml,B_fewshot_adapt_support_to_query,inhouse_percentile,14,random_repeated,7,0.09615384787321091,-1.1977501329875534e+19
fomaml,B_fewshot_adapt_support_to_query,inhouse_percentile,14,random_repeated,60,0.5384615659713745,-1.1406053251083141e+19
fomaml,B_fewshot_adapt_support_to_query,inhouse_percentile,14,random_repeated,10,0.20192307233810425,-1.2248739853331595e+19
fomaml,B_fewshot_adapt_support_to_query,inhouse_percentile,14,random_repeated,94,0.625,-1.0655178068777239e+19
fomaml,B_fewshot_adapt_support_to_query,inhouse_percentile,14,random_repeated,91,0.9615384340286255,-1.0953154515997557e+19
fomaml,B_fewshot_adapt_support_to_query,inhouse_percentile,14,random_repeated,38,0.932692289352417,-1.1669457754191299e+19
fomaml,B_fewshot_adapt_support_to_query,inhouse_percentile,14,random_repeated,45,0.375,-1.0611240484619682e+19
metasgd,B_fewshot_adapt_support_to_query,raw_inhouse_target,14,random_repeated,23,0.36241321109052227,-6.861631703748927e+25
metasgd,B_fewshot_adapt_support_to_query,raw_inhouse_target,14,random_repeated,95,0.6312590671234484,-7.00923978281514e+25
metasgd,B_fewshot_adapt_support_to_query,raw_inhouse_target,14,random_repeated,97,0.624819414195981,-6.936924395528782e+25
metasgd,B_fewshot_adapt_support_to_query,raw_inhouse_target,14,random_repeated,28,0.14407134832857899,-6.957552467089208e+25
metasgd,B_fewshot_adapt_support_to_query,raw_inhouse_target,14,random_repeated,73,0.4566549309911151,-6.211196740698317e+25
metasgd,B_fewshot_adapt_support_to_query,raw_inhouse_target,14,random_repeated,11,0.1821063094077652,-6.955079219877525e+25
metasgd,B_fewshot_adapt_support_to_query,raw_inhouse_target,14,random_repeated,79,0.6238685646716786,-6.67181332372465e+25
metasgd,B_fewshot_adapt_support_to_query,raw_inhouse_target,14,random_repeated,68,0.6528309468621716,-6.3877034890304035e+25
metasgd,B_fewshot_adapt_support_to_query,raw_inhouse_target,14,random_repeated,50,0.4957022938993934,-7.213947913487113e+25
metasgd,B_fewshot_adapt_support_to_query,raw_inhouse_target,14,random_repeated,27,0.15802080318424067,-6.955560218729247e+25
metasgd,B_fewshot_adapt_support_to_query,raw_inhouse_target,14,random_repeated,85,0.76035675302239,-6.315372883180185e+25
metasgd,B_fewshot_adapt_support_to_query,raw_inhouse_target,14,random_repeated,12,0.3353358208132731,-6.957479141281515e+25
metasgd,B_fewshot_adapt_support_to_query,raw_inhouse_target,14,random_repeated,8,0.1459604384601472,-6.954800674042012e+25
metasgd,B_fewshot_adapt_support_to_query,raw_inhouse_target,14,random_repeated,34,0.6705041576041141,-6.334014701572474e+25
metasgd,B_fewshot_adapt_support_to_query,raw_inhouse_target,14,random_repeated,7,0.17895376007702582,-6.862857489892625e+25
metasgd,B_fewshot_adapt_support_to_query,raw_inhouse_target,14,random_repeated,60,0.5483164824186075,-6.571285486051961e+25
metasgd,B_fewshot_adapt_support_to_query,raw_inhouse_target,14,random_repeated,10,0.2580585765753896,-6.955320411056289e+25
metasgd,B_fewshot_adapt_support_to_query,raw_inhouse_target,14,random_repeated,94,0.5959327298672837,-6.219346512230082e+25
metasgd,B_fewshot_adapt_support_to_query,raw_inhouse_target,14,random_repeated,91,0.8174858560708692,-6.2918108569748354e+25
metasgd,B_fewshot_adapt_support_to_query,raw_inhouse_target,14,random_repeated,38,0.7780698457067285,-6.671818396579271e+25
metasgd,B_fewshot_adapt_support_to_query,raw_inhouse_target,14,random_repeated,45,0.4187199636438257,-6.101880412980311e+25
metasgd,B_fewshot_adapt_support_to_query,inhouse_percentile,14,random_repeated,23,0.3076923191547394,-3.4133537949994087e+26
metasgd,B_fewshot_adapt_support_to_query,inhouse_percentile,14,random_repeated,95,0.692307710647583,-3.418773079473383e+26
metasgd,B_fewshot_adapt_support_to_query,inhouse_percentile,14,random_repeated,97,0.6730769276618958,-3.459091390125527e+26
metasgd,B_fewshot_adapt_support_to_query,inhouse_percentile,14,random_repeated,28,0.03846153989434242,-3.3863809658148305e+26
metasgd,B_fewshot_adapt_support_to_query,inhouse_percentile,14,random_repeated,73,0.4615384638309479,-3.0789010432873214e+26
metasgd,B_fewshot_adapt_support_to_query,inhouse_percentile,14,random_repeated,11,0.11538461595773697,-3.3860518759005556e+26
metasgd,B_fewshot_adapt_support_to_query,inhouse_percentile,14,random_repeated,79,0.6634615659713745,-3.256989599923728e+26
metasgd,B_fewshot_adapt_support_to_query,inhouse_percentile,14,random_repeated,68,0.7403846383094788,-3.189075329072196e+26
metasgd,B_fewshot_adapt_support_to_query,inhouse_percentile,14,random_repeated,50,0.5,-3.5586056714450865e+26
metasgd,B_fewshot_adapt_support_to_query,inhouse_percentile,14,random_repeated,27,0.06730769574642181,-3.385114781301611e+26
metasgd,B_fewshot_adapt_support_to_query,inhouse_percentile,14,random_repeated,85,0.875,-3.0810172537674574e+26
metasgd,B_fewshot_adapt_support_to_query,inhouse_percentile,14,random_repeated,12,0.25,-3.385990632710231e+26
metasgd,B_fewshot_adapt_support_to_query,inhouse_percentile,14,random_repeated,8,0.057692307978868484,-3.3851369173944996e+26
metasgd,B_fewshot_adapt_support_to_query,inhouse_percentile,14,random_repeated,34,0.7692307829856873,-3.0740694720795354e+26
metasgd,B_fewshot_adapt_support_to_query,inhouse_percentile,14,random_repeated,7,0.09615384787321091,-3.414031528376677e+26
metasgd,B_fewshot_adapt_support_to_query,inhouse_percentile,14,random_repeated,60,0.5384615659713745,-3.2667261603807135e+26
metasgd,B_fewshot_adapt_support_to_query,inhouse_percentile,14,random_repeated,10,0.20192307233810425,-3.385583697535965e+26
metasgd,B_fewshot_adapt_support_to_query,inhouse_percentile,14,random_repeated,94,0.625,-3.160061183188421e+26
metasgd,B_fewshot_adapt_support_to_query,inhouse_percentile,14,random_repeated,91,0.9615384340286255,-3.037743774714705e+26
metasgd,B_fewshot_adapt_support_to_query,inhouse_percentile,14,random_repeated,38,0.932692289352417,-3.256991813533017e+26
metasgd,B_fewshot_adapt_support_to_query,inhouse_percentile,14,random_repeated,45,0.375,-2.9162736251962943e+26
supervised_ann,B_fewshot_adapt_support_to_query,raw_inhouse_target,14,random_repeated,23,0.36241321109052227,0.44442543387413025
supervised_ann,B_fewshot_adapt_support_to_query,raw_inhouse_target,14,random_repeated,95,0.6312590671234484,0.43223413825035095
supervised_ann,B_fewshot_adapt_support_to_query,raw_inhouse_target,14,random_repeated,97,0.624819414195981,0.5196221470832825
supervised_ann,B_fewshot_adapt_support_to_query,raw_inhouse_target,14,random_repeated,28,0.14407134832857899,0.3984135389328003
supervised_ann,B_fewshot_adapt_support_to_query,raw_inhouse_target,14,random_repeated,73,0.4566549309911151,0.5376279354095459
supervised_ann,B_fewshot_adapt_support_to_query,raw_inhouse_target,14,random_repeated,11,0.1821063094077652,0.4102189838886261
supervised_ann,B_fewshot_adapt_support_to_query,raw_inhouse_target,14,random_repeated,79,0.6238685646716786,0.44848915934562683
supervised_ann,B_fewshot_adapt_support_to_query,raw_inhouse_target,14,random_repeated,68,0.6528309468621716,0.5287174582481384
supervised_ann,B_fewshot_adapt_support_to_query,raw_inhouse_target,14,random_repeated,50,0.4957022938993934,0.4329758584499359
supervised_ann,B_fewshot_adapt_support_to_query,raw_inhouse_target,14,random_repeated,27,0.15802080318424067,0.3864116072654724
supervised_ann,B_fewshot_adapt_support_to_query,raw_inhouse_target,14,random_repeated,85,0.76035675302239,0.5656638145446777
supervised_ann,B_fewshot_adapt_support_to_query,raw_inhouse_target,14,random_repeated,12,0.3353358208132731,0.4442611336708069
supervised_ann,B_fewshot_adapt_support_to_query,raw_inhouse_target,14,random_repeated,8,0.1459604384601472,0.29756566882133484
supervised_ann,B_fewshot_adapt_support_to_query,raw_inhouse_target,14,random_repeated,34,0.6705041576041141,0.43454059958457947
supervised_ann,B_fewshot_adapt_support_to_query,raw_inhouse_target,14,random_repeated,7,0.17895376007702582,0.33710309863090515
supervised_ann,B_fewshot_adapt_support_to_query,raw_inhouse_target,14,random_repeated,60,0.5483164824186075,0.5108335018157959
supervised_ann,B_fewshot_adapt_support_to_query,raw_inhouse_target,14,random_repeated,10,0.2580585765753896,0.3913690149784088
supervised_ann,B_fewshot_adapt_support_to_query,raw_inhouse_target,14,random_repeated,94,0.5959327298672837,0.5878990292549133
supervised_ann,B_fewshot_adapt_support_to_query,raw_inhouse_target,14,random_repeated,91,0.8174858560708692,0.5498975515365601
supervised_ann,B_fewshot_adapt_support_to_query,raw_inhouse_target,14,random_repeated,38,0.7780698457067285,0.4484894573688507
supervised_ann,B_fewshot_adapt_support_to_query,raw_inhouse_target,14,random_repeated,45,0.4187199636438257,0.4531647861003876
supervised_ann,B_fewshot_adapt_support_to_query,inhouse_percentile,14,random_repeated,23,0.3076923191547394,0.15261299908161163
supervised_ann,B_fewshot_adapt_support_to_query,inhouse_percentile,14,random_repeated,95,0.692307710647583,0.4294801354408264
supervised_ann,B_fewshot_adapt_support_to_query,inhouse_percentile,14,random_repeated,97,0.6730769276618958,0.38880816102027893
supervised_ann,B_fewshot_adapt_support_to_query,inhouse_percentile,14,random_repeated,28,0.03846153989434242,0.4474440813064575
supervised_ann,B_fewshot_adapt_support_to_query,inhouse_percentile,14,random_repeated,73,0.4615384638309479,0.47043612599372864
supervised_ann,B_fewshot_adapt_support_to_query,inhouse_percentile,14,random_repeated,11,0.11538461595773697,0.08117026835680008
supervised_ann,B_fewshot_adapt_support_to_query,inhouse_percentile,14,random_repeated,79,0.6634615659713745,0.4752461612224579
supervised_ann,B_fewshot_adapt_support_to_query,inhouse_percentile,14,random_repeated,68,0.7403846383094788,0.46485158801078796
supervised_ann,B_fewshot_adapt_support_to_query,inhouse_percentile,14,random_repeated,50,0.5,0.33739134669303894
supervised_ann,B_fewshot_adapt_support_to_query,inhouse_percentile,14,random_repeated,27,0.06730769574642181,0.24323798716068268
supervised_ann,B_fewshot_adapt_support_to_query,inhouse_percentile,14,random_repeated,85,0.875,0.5153895020484924
supervised_ann,B_fewshot_adapt_support_to_query,inhouse_percentile,14,random_repeated,12,0.25,0.46032872796058655
supervised_ann,B_fewshot_adapt_support_to_query,inhouse_percentile,14,random_repeated,8,0.057692307978868484,0.263964980840683
supervised_ann,B_fewshot_adapt_support_to_query,inhouse_percentile,14,random_repeated,34,0.7692307829856873,0.4130726158618927
supervised_ann,B_fewshot_adapt_support_to_query,inhouse_percentile,14,random_repeated,7,0.09615384787321091,0.14139343798160553
supervised_ann,B_fewshot_adapt_support_to_query,inhouse_percentile,14,random_repeated,60,0.5384615659713745,0.4877161681652069
supervised_ann,B_fewshot_adapt_support_to_query,inhouse_percentile,14,random_repeated,10,0.20192307233810425,0.16429822146892548
supervised_ann,B_fewshot_adapt_support_to_query,inhouse_percentile,14,random_repeated,94,0.625,0.4106725752353668
supervised_ann,B_fewshot_adapt_support_to_query,inhouse_percentile,14,random_repeated,91,0.9615384340286255,0.5126689672470093
supervised_ann,B_fewshot_adapt_support_to_query,inhouse_percentile,14,random_repeated,38,0.932692289352417,0.4752459228038788
supervised_ann,B_fewshot_adapt_support_to_query,inhouse_percentile,14,random_repeated,45,0.375,0.41882824897766113
maml,B_fewshot_adapt_support_to_query,raw_inhouse_target,15,random_repeated,15,0.31203121268996953,-3.147020393654365e+22
maml,B_fewshot_adapt_support_to_query,raw_inhouse_target,15,random_repeated,73,0.4566549309911151,-2.7760638463074474e+22
maml,B_fewshot_adapt_support_to_query,raw_inhouse_target,15,random_repeated,9,0.04870502447660548,-3.168864202927e+22
maml,B_fewshot_adapt_support_to_query,raw_inhouse_target,15,random_repeated,49,0.3796880137703043,-2.6042449903038033e+22
maml,B_fewshot_adapt_support_to_query,raw_inhouse_target,15,random_repeated,94,0.5959327298672837,-2.8356509729771865e+22
maml,B_fewshot_adapt_support_to_query,raw_inhouse_target,15,random_repeated,66,0.7681532100647782,-2.8112392111970247e+22
maml,B_fewshot_adapt_support_to_query,raw_inhouse_target,15,random_repeated,29,0.20460910817446104,-3.147020393654365e+22
maml,B_fewshot_adapt_support_to_query,raw_inhouse_target,15,random_repeated,63,0.6431797726779321,-2.926455250824007e+22
maml,B_fewshot_adapt_support_to_query,raw_inhouse_target,15,random_repeated,6,0.05271949038060156,-3.1896485403872964e+22
maml,B_fewshot_adapt_support_to_query,raw_inhouse_target,15,random_repeated,10,0.2580585765753896,-3.167266325779209e+22
maml,B_fewshot_adapt_support_to_query,raw_inhouse_target,15,random_repeated,54,0.33212902834350305,-3.0456963826179514e+22
maml,B_fewshot_adapt_support_to_query,raw_inhouse_target,15,random_repeated,90,0.7230486216197674,-2.8898297268544163e+22
maml,B_fewshot_adapt_support_to_query,raw_inhouse_target,15,random_repeated,8,0.1459604384601472,-3.168116155028894e+22
maml,B_fewshot_adapt_support_to_query,raw_inhouse_target,15,random_repeated,4,0.05517919651737015,-3.189553064075196e+22
maml,B_fewshot_adapt_support_to_query,raw_inhouse_target,15,random_repeated,35,0.5867029210460343,-2.574809012779347e+22
maml,B_fewshot_adapt_support_to_query,raw_inhouse_target,15,random_repeated,11,0.1821063094077652,-3.1673552718718497e+22
maml,B_fewshot_adapt_support_to_query,raw_inhouse_target,15,random_repeated,40,0.7737047744199761,-2.7054165544928306e+22
maml,B_fewshot_adapt_support_to_query,raw_inhouse_target,15,random_repeated,100,0.8899457183347337,-2.9463037402817355e+22
maml,B_fewshot_adapt_support_to_query,raw_inhouse_target,15,random_repeated,69,0.4818535458193168,-2.7060812857978305e+22
maml,B_fewshot_adapt_support_to_query,raw_inhouse_target,15,random_repeated,102,0.7966561959705182,-2.9220029922323884e+22
maml,B_fewshot_adapt_support_to_query,raw_inhouse_target,15,random_repeated,33,0.7717762173666799,-2.556783580450778e+22
maml,B_fewshot_adapt_support_to_query,inhouse_percentile,15,random_repeated,15,0.21153846383094788,-8710595.0
maml,B_fewshot_adapt_support_to_query,inhouse_percentile,15,random_repeated,73,0.4615384638309479,-8710595.0
maml,B_fewshot_adapt_support_to_query,inhouse_percentile,15,random_repeated,9,0.009615384973585606,-8710595.0
maml,B_fewshot_adapt_support_to_query,inhouse_percentile,15,random_repeated,49,0.3461538553237915,-8710595.0
maml,B_fewshot_adapt_support_to_query,inhouse_percentile,15,random_repeated,94,0.625,-8710595.0
maml,B_fewshot_adapt_support_to_query,inhouse_percentile,15,random_repeated,66,0.8942307829856873,-8710595.0
maml,B_fewshot_adapt_support_to_query,inhouse_percentile,15,random_repeated,29,0.13461539149284363,-8710595.0
maml,B_fewshot_adapt_support_to_query,inhouse_percentile,15,random_repeated,63,0.7115384340286255,-8710595.0
maml,B_fewshot_adapt_support_to_query,inhouse_percentile,15,random_repeated,6,0.01923076994717121,-8710595.0
maml,B_fewshot_adapt_support_to_query,inhouse_percentile,15,random_repeated,10,0.20192307233810425,-8710595.0
maml,B_fewshot_adapt_support_to_query,inhouse_percentile,15,random_repeated,54,0.23076923191547394,-8710595.0
maml,B_fewshot_adapt_support_to_query,inhouse_percentile,15,random_repeated,90,0.807692289352417,-8710595.0
maml,B_fewshot_adapt_support_to_query,inhouse_percentile,15,random_repeated,8,0.057692307978868484,-8710595.0
maml,B_fewshot_adapt_support_to_query,inhouse_percentile,15,random_repeated,4,0.028846153989434242,-8710595.0
maml,B_fewshot_adapt_support_to_query,inhouse_percentile,15,random_repeated,35,0.5865384340286255,-8710595.0
maml,B_fewshot_adapt_support_to_query,inhouse_percentile,15,random_repeated,11,0.11538461595773697,-8710595.0
maml,B_fewshot_adapt_support_to_query,inhouse_percentile,15,random_repeated,40,0.9230769276618958,-8710595.0
maml,B_fewshot_adapt_support_to_query,inhouse_percentile,15,random_repeated,100,0.9903846383094788,-8710595.0
maml,B_fewshot_adapt_support_to_query,inhouse_percentile,15,random_repeated,69,0.49038460850715637,-8710595.0
maml,B_fewshot_adapt_support_to_query,inhouse_percentile,15,random_repeated,102,0.9519230723381042,-8710595.0
maml,B_fewshot_adapt_support_to_query,inhouse_percentile,15,random_repeated,33,0.9134615659713745,-8710595.0
fomaml,B_fewshot_adapt_support_to_query,raw_inhouse_target,15,random_repeated,15,0.31203121268996953,-114154992.0
fomaml,B_fewshot_adapt_support_to_query,raw_inhouse_target,15,random_repeated,73,0.4566549309911151,-114154992.0
fomaml,B_fewshot_adapt_support_to_query,raw_inhouse_target,15,random_repeated,9,0.04870502447660548,-114154992.0
fomaml,B_fewshot_adapt_support_to_query,raw_inhouse_target,15,random_repeated,49,0.3796880137703043,-114154992.0
fomaml,B_fewshot_adapt_support_to_query,raw_inhouse_target,15,random_repeated,94,0.5959327298672837,-114154992.0
fomaml,B_fewshot_adapt_support_to_query,raw_inhouse_target,15,random_repeated,66,0.7681532100647782,-114154992.0
fomaml,B_fewshot_adapt_support_to_query,raw_inhouse_target,15,random_repeated,29,0.20460910817446104,-114154992.0
fomaml,B_fewshot_adapt_support_to_query,raw_inhouse_target,15,random_repeated,63,0.6431797726779321,-114154992.0
fomaml,B_fewshot_adapt_support_to_query,raw_inhouse_target,15,random_repeated,6,0.05271949038060156,-114154992.0
fomaml,B_fewshot_adapt_support_to_query,raw_inhouse_target,15,random_repeated,10,0.2580585765753896,-114154992.0
fomaml,B_fewshot_adapt_support_to_query,raw_inhouse_target,15,random_repeated,54,0.33212902834350305,-114154992.0
fomaml,B_fewshot_adapt_support_to_query,raw_inhouse_target,15,random_repeated,90,0.7230486216197674,-114154992.0
fomaml,B_fewshot_adapt_support_to_query,raw_inhouse_target,15,random_repeated,8,0.1459604384601472,-114154992.0
fomaml,B_fewshot_adapt_support_to_query,raw_inhouse_target,15,random_repeated,4,0.05517919651737015,-114154992.0
fomaml,B_fewshot_adapt_support_to_query,raw_inhouse_target,15,random_repeated,35,0.5867029210460343,-114154992.0
fomaml,B_fewshot_adapt_support_to_query,raw_inhouse_target,15,random_repeated,11,0.1821063094077652,-114154992.0
fomaml,B_fewshot_adapt_support_to_query,raw_inhouse_target,15,random_repeated,40,0.7737047744199761,-114154992.0
fomaml,B_fewshot_adapt_support_to_query,raw_inhouse_target,15,random_repeated,100,0.8899457183347337,-114154992.0
fomaml,B_fewshot_adapt_support_to_query,raw_inhouse_target,15,random_repeated,69,0.4818535458193168,-114154992.0
fomaml,B_fewshot_adapt_support_to_query,raw_inhouse_target,15,random_repeated,102,0.7966561959705182,-114154992.0
fomaml,B_fewshot_adapt_support_to_query,raw_inhouse_target,15,random_repeated,33,0.7717762173666799,-114154992.0
fomaml,B_fewshot_adapt_support_to_query,inhouse_percentile,15,random_repeated,15,0.21153846383094788,-3.557581540818944e+17
fomaml,B_fewshot_adapt_support_to_query,inhouse_percentile,15,random_repeated,73,0.4615384638309479,-3.1844279101947904e+17
fomaml,B_fewshot_adapt_support_to_query,inhouse_percentile,15,random_repeated,9,0.009615384973585606,-3.466812732777431e+17
fomaml,B_fewshot_adapt_support_to_query,inhouse_percentile,15,random_repeated,49,0.3461538553237915,-2.8955418815155405e+17
fomaml,B_fewshot_adapt_support_to_query,inhouse_percentile,15,random_repeated,94,0.625,-3.3395652213027635e+17
fomaml,B_fewshot_adapt_support_to_query,inhouse_percentile,15,random_repeated,66,0.8942307829856873,-3.134298769902797e+17
fomaml,B_fewshot_adapt_support_to_query,inhouse_percentile,15,random_repeated,29,0.13461539149284363,-3.557581540818944e+17
fomaml,B_fewshot_adapt_support_to_query,inhouse_percentile,15,random_repeated,63,0.7115384340286255,-3.284130593809367e+17
fomaml,B_fewshot_adapt_support_to_query,inhouse_percentile,15,random_repeated,6,0.01923076994717121,-3.3755969045397504e+17
fomaml,B_fewshot_adapt_support_to_query,inhouse_percentile,15,random_repeated,10,0.20192307233810425,-3.464593437276242e+17
fomaml,B_fewshot_adapt_support_to_query,inhouse_percentile,15,random_repeated,54,0.23076923191547394,-3.3385055669714944e+17
fomaml,B_fewshot_adapt_support_to_query,inhouse_percentile,15,random_repeated,90,0.807692289352417,-3.3066788285159834e+17
fomaml,B_fewshot_adapt_support_to_query,inhouse_percentile,15,random_repeated,8,0.057692307978868484,-3.465638316920013e+17
fomaml,B_fewshot_adapt_support_to_query,inhouse_percentile,15,random_repeated,4,0.028846153989434242,-3.376123295731548e+17
fomaml,B_fewshot_adapt_support_to_query,inhouse_percentile,15,random_repeated,35,0.5865384340286255,-2.8241511069201203e+17
fomaml,B_fewshot_adapt_support_to_query,inhouse_percentile,15,random_repeated,11,0.11538461595773697,-3.463670191106294e+17
fomaml,B_fewshot_adapt_support_to_query,inhouse_percentile,15,random_repeated,40,0.9230769276618958,-3.082030735897395e+17
fomaml,B_fewshot_adapt_support_to_query,inhouse_percentile,15,random_repeated,100,0.9903846383094788,-3.393789698810839e+17
fomaml,B_fewshot_adapt_support_to_query,inhouse_percentile,15,random_repeated,69,0.49038460850715637,-3.082898662888571e+17
fomaml,B_fewshot_adapt_support_to_query,inhouse_percentile,15,random_repeated,102,0.9519230723381042,-3.2785402643768934e+17
fomaml,B_fewshot_adapt_support_to_query,inhouse_percentile,15,random_repeated,33,0.9134615659713745,-2.8415324959696486e+17
metasgd,B_fewshot_adapt_support_to_query,raw_inhouse_target,15,random_repeated,15,0.31203121268996953,-6.68179882299291e+26
metasgd,B_fewshot_adapt_support_to_query,raw_inhouse_target,15,random_repeated,73,0.4566549309911151,-5.929450579555955e+26
metasgd,B_fewshot_adapt_support_to_query,raw_inhouse_target,15,random_repeated,9,0.04870502447660548,-6.749606840598578e+26
metasgd,B_fewshot_adapt_support_to_query,raw_inhouse_target,15,random_repeated,49,0.3796880137703043,-5.609167140901766e+26
metasgd,B_fewshot_adapt_support_to_query,raw_inhouse_target,15,random_repeated,94,0.5959327298672837,-6.016049188544866e+26
metasgd,B_fewshot_adapt_support_to_query,raw_inhouse_target,15,random_repeated,66,0.7681532100647782,-6.019539312523612e+26
metasgd,B_fewshot_adapt_support_to_query,raw_inhouse_target,15,random_repeated,29,0.20460910817446104,-6.68179882299291e+26
metasgd,B_fewshot_adapt_support_to_query,raw_inhouse_target,15,random_repeated,63,0.6431797726779321,-6.245171031596072e+26
metasgd,B_fewshot_adapt_support_to_query,raw_inhouse_target,15,random_repeated,6,0.05271949038060156,-6.816533841707285e+26
metasgd,B_fewshot_adapt_support_to_query,raw_inhouse_target,15,random_repeated,10,0.2580585765753896,-6.747641893419846e+26
metasgd,B_fewshot_adapt_support_to_query,raw_inhouse_target,15,random_repeated,54,0.33212902834350305,-6.500938089657107e+26
metasgd,B_fewshot_adapt_support_to_query,raw_inhouse_target,15,random_repeated,90,0.7230486216197674,-6.1565786985076744e+26
metasgd,B_fewshot_adapt_support_to_query,raw_inhouse_target,15,random_repeated,8,0.1459604384601472,-6.748426986847623e+26
metasgd,B_fewshot_adapt_support_to_query,raw_inhouse_target,15,random_repeated,4,0.05517919651737015,-6.81667034761343e+26
metasgd,B_fewshot_adapt_support_to_query,raw_inhouse_target,15,random_repeated,35,0.5867029210460343,-5.543682675179623e+26
metasgd,B_fewshot_adapt_support_to_query,raw_inhouse_target,15,random_repeated,11,0.1821063094077652,-6.747761428321444e+26
metasgd,B_fewshot_adapt_support_to_query,raw_inhouse_target,15,random_repeated,40,0.7737047744199761,-5.7933080742687566e+26
metasgd,B_fewshot_adapt_support_to_query,raw_inhouse_target,15,random_repeated,100,0.8899457183347337,-6.26781920610001e+26
metasgd,B_fewshot_adapt_support_to_query,raw_inhouse_target,15,random_repeated,69,0.4818535458193168,-5.794868299882511e+26
metasgd,B_fewshot_adapt_support_to_query,raw_inhouse_target,15,random_repeated,102,0.7966561959705182,-6.23478477681281e+26
metasgd,B_fewshot_adapt_support_to_query,raw_inhouse_target,15,random_repeated,33,0.7717762173666799,-5.505624090676508e+26
metasgd,B_fewshot_adapt_support_to_query,inhouse_percentile,15,random_repeated,15,0.21153846383094788,-4269010321408.0
metasgd,B_fewshot_adapt_support_to_query,inhouse_percentile,15,random_repeated,73,0.4615384638309479,-4269010321408.0
metasgd,B_fewshot_adapt_support_to_query,inhouse_percentile,15,random_repeated,9,0.009615384973585606,-4269010321408.0
metasgd,B_fewshot_adapt_support_to_query,inhouse_percentile,15,random_repeated,49,0.3461538553237915,-4269010321408.0
metasgd,B_fewshot_adapt_support_to_query,inhouse_percentile,15,random_repeated,94,0.625,-4269010321408.0
metasgd,B_fewshot_adapt_support_to_query,inhouse_percentile,15,random_repeated,66,0.8942307829856873,-4269010321408.0
metasgd,B_fewshot_adapt_support_to_query,inhouse_percentile,15,random_repeated,29,0.13461539149284363,-4269010321408.0
metasgd,B_fewshot_adapt_support_to_query,inhouse_percentile,15,random_repeated,63,0.7115384340286255,-4269010321408.0
metasgd,B_fewshot_adapt_support_to_query,inhouse_percentile,15,random_repeated,6,0.01923076994717121,-4269010321408.0
metasgd,B_fewshot_adapt_support_to_query,inhouse_percentile,15,random_repeated,10,0.20192307233810425,-4269010321408.0
metasgd,B_fewshot_adapt_support_to_query,inhouse_percentile,15,random_repeated,54,0.23076923191547394,-4269010321408.0
metasgd,B_fewshot_adapt_support_to_query,inhouse_percentile,15,random_repeated,90,0.807692289352417,-4269010321408.0
metasgd,B_fewshot_adapt_support_to_query,inhouse_percentile,15,random_repeated,8,0.057692307978868484,-4269010321408.0
metasgd,B_fewshot_adapt_support_to_query,inhouse_percentile,15,random_repeated,4,0.028846153989434242,-4269010321408.0
metasgd,B_fewshot_adapt_support_to_query,inhouse_percentile,15,random_repeated,35,0.5865384340286255,-4269010321408.0
metasgd,B_fewshot_adapt_support_to_query,inhouse_percentile,15,random_repeated,11,0.11538461595773697,-4269010321408.0
metasgd,B_fewshot_adapt_support_to_query,inhouse_percentile,15,random_repeated,40,0.9230769276618958,-4269010321408.0
metasgd,B_fewshot_adapt_support_to_query,inhouse_percentile,15,random_repeated,100,0.9903846383094788,-4269010321408.0
metasgd,B_fewshot_adapt_support_to_query,inhouse_percentile,15,random_repeated,69,0.49038460850715637,-4269010321408.0
metasgd,B_fewshot_adapt_support_to_query,inhouse_percentile,15,random_repeated,102,0.9519230723381042,-4269010321408.0
metasgd,B_fewshot_adapt_support_to_query,inhouse_percentile,15,random_repeated,33,0.9134615659713745,-4269010321408.0
supervised_ann,B_fewshot_adapt_support_to_query,raw_inhouse_target,15,random_repeated,15,0.31203121268996953,0.550665557384491
supervised_ann,B_fewshot_adapt_support_to_query,raw_inhouse_target,15,random_repeated,73,0.4566549309911151,0.7741977572441101
supervised_ann,B_fewshot_adapt_support_to_query,raw_inhouse_target,15,random_repeated,9,0.04870502447660548,0.3660059869289398
supervised_ann,B_fewshot_adapt_support_to_query,raw_inhouse_target,15,random_repeated,49,0.3796880137703043,0.8073322176933289
supervised_ann,B_fewshot_adapt_support_to_query,raw_inhouse_target,15,random_repeated,94,0.5959327298672837,0.74388188123703
supervised_ann,B_fewshot_adapt_support_to_query,raw_inhouse_target,15,random_repeated,66,0.7681532100647782,0.7331315875053406
supervised_ann,B_fewshot_adapt_support_to_query,raw_inhouse_target,15,random_repeated,29,0.20460910817446104,0.550665557384491
supervised_ann,B_fewshot_adapt_support_to_query,raw_inhouse_target,15,random_repeated,63,0.6431797726779321,0.7709875106811523
supervised_ann,B_fewshot_adapt_support_to_query,raw_inhouse_target,15,random_repeated,6,0.05271949038060156,0.5856863856315613
supervised_ann,B_fewshot_adapt_support_to_query,raw_inhouse_target,15,random_repeated,10,0.2580585765753896,0.5652912259101868
supervised_ann,B_fewshot_adapt_support_to_query,raw_inhouse_target,15,random_repeated,54,0.33212902834350305,0.6965163350105286
supervised_ann,B_fewshot_adapt_support_to_query,raw_inhouse_target,15,random_repeated,90,0.7230486216197674,0.721882164478302
supervised_ann,B_fewshot_adapt_support_to_query,raw_inhouse_target,15,random_repeated,8,0.1459604384601472,0.42448654770851135
supervised_ann,B_fewshot_adapt_support_to_query,raw_inhouse_target,15,random_repeated,4,0.05517919651737015,0.6881707906723022
supervised_ann,B_fewshot_adapt_support_to_query,raw_inhouse_target,15,random_repeated,35,0.5867029210460343,0.7908113598823547
supervised_ann,B_fewshot_adapt_support_to_query,raw_inhouse_target,15,random_repeated,11,0.1821063094077652,0.40629714727401733
supervised_ann,B_fewshot_adapt_support_to_query,raw_inhouse_target,15,random_repeated,40,0.7737047744199761,0.7805324792861938
supervised_ann,B_fewshot_adapt_support_to_query,raw_inhouse_target,15,random_repeated,100,0.8899457183347337,0.6950386762619019
supervised_ann,B_fewshot_adapt_support_to_query,raw_inhouse_target,15,random_repeated,69,0.4818535458193168,0.7822845578193665
supervised_ann,B_fewshot_adapt_support_to_query,raw_inhouse_target,15,random_repeated,102,0.7966561959705182,0.7840467691421509
supervised_ann,B_fewshot_adapt_support_to_query,raw_inhouse_target,15,random_repeated,33,0.7717762173666799,0.5399786829948425
supervised_ann,B_fewshot_adapt_support_to_query,inhouse_percentile,15,random_repeated,15,0.21153846383094788,0.5981716513633728
supervised_ann,B_fewshot_adapt_support_to_query,inhouse_percentile,15,random_repeated,73,0.4615384638309479,0.9634702801704407
supervised_ann,B_fewshot_adapt_support_to_query,inhouse_percentile,15,random_repeated,9,0.009615384973585606,0.38412970304489136
supervised_ann,B_fewshot_adapt_support_to_query,inhouse_percentile,15,random_repeated,49,0.3461538553237915,1.157691478729248
supervised_ann,B_fewshot_adapt_support_to_query,inhouse_percentile,15,random_repeated,94,0.625,0.8021768927574158
supervised_ann,B_fewshot_adapt_support_to_query,inhouse_percentile,15,random_repeated,66,0.8942307829856873,0.8983161449432373
supervised_ann,B_fewshot_adapt_support_to_query,inhouse_percentile,15,random_repeated,29,0.13461539149284363,0.5981716513633728
supervised_ann,B_fewshot_adapt_support_to_query,inhouse_percentile,15,random_repeated,63,0.7115384340286255,0.7480863928794861
supervised_ann,B_fewshot_adapt_support_to_query,inhouse_percentile,15,random_repeated,6,0.01923076994717121,0.19140425324440002
supervised_ann,B_fewshot_adapt_support_to_query,inhouse_percentile,15,random_repeated,10,0.20192307233810425,0.3538547456264496
supervised_ann,B_fewshot_adapt_support_to_query,inhouse_percentile,15,random_repeated,54,0.23076923191547394,0.6491677761077881
supervised_ann,B_fewshot_adapt_support_to_query,inhouse_percentile,15,random_repeated,90,0.807692289352417,0.8425043821334839
supervised_ann,B_fewshot_adapt_support_to_query,inhouse_percentile,15,random_repeated,8,0.057692307978868484,0.43900105357170105
supervised_ann,B_fewshot_adapt_support_to_query,inhouse_percentile,15,random_repeated,4,0.028846153989434242,0.09959200024604797
supervised_ann,B_fewshot_adapt_support_to_query,inhouse_percentile,15,random_repeated,35,0.5865384340286255,1.208587646484375
supervised_ann,B_fewshot_adapt_support_to_query,inhouse_percentile,15,random_repeated,11,0.11538461595773697,0.4462185800075531
supervised_ann,B_fewshot_adapt_support_to_query,inhouse_percentile,15,random_repeated,40,0.9230769276618958,1.0271196365356445
supervised_ann,B_fewshot_adapt_support_to_query,inhouse_percentile,15,random_repeated,100,0.9903846383094788,0.9129405617713928
supervised_ann,B_fewshot_adapt_support_to_query,inhouse_percentile,15,random_repeated,69,0.49038460850715637,1.020587682723999
supervised_ann,B_fewshot_adapt_support_to_query,inhouse_percentile,15,random_repeated,102,0.9519230723381042,0.7770004868507385
supervised_ann,B_fewshot_adapt_support_to_query,inhouse_percentile,15,random_repeated,33,0.9134615659713745,0.9243195056915283
maml,B_fewshot_adapt_support_to_query,raw_inhouse_target,16,random_repeated,37,0.6484163433607225,-28962652160.0
maml,B_fewshot_adapt_support_to_query,raw_inhouse_target,16,random_repeated,60,0.5483164824186075,-28962652160.0
maml,B_fewshot_adapt_support_to_query,raw_inhouse_target,16,random_repeated,32,0.5724257036590981,-28962652160.0
maml,B_fewshot_adapt_support_to_query,raw_inhouse_target,16,random_repeated,41,0.6377319120803782,-28962652160.0
maml,B_fewshot_adapt_support_to_query,raw_inhouse_target,16,random_repeated,54,0.33212902834350305,-28962652160.0
maml,B_fewshot_adapt_support_to_query,raw_inhouse_target,16,random_repeated,7,0.17895376007702582,-28962652160.0
maml,B_fewshot_adapt_support_to_query,raw_inhouse_target,16,random_repeated,75,0.589140108951609,-28962652160.0
maml,B_fewshot_adapt_support_to_query,raw_inhouse_target,16,random_repeated,71,0.326655938295472,-28962652160.0
maml,B_fewshot_adapt_support_to_query,raw_inhouse_target,16,random_repeated,98,0.7374909784281607,-28962652160.0
maml,B_fewshot_adapt_support_to_query,raw_inhouse_target,16,random_repeated,79,0.6238685646716786,-28962652160.0
maml,B_fewshot_adapt_support_to_query,raw_inhouse_target,16,random_repeated,19,0.3461983072767217,-28962652160.0
maml,B_fewshot_adapt_support_to_query,raw_inhouse_target,16,random_repeated,100,0.8899457183347337,-28962652160.0
maml,B_fewshot_adapt_support_to_query,raw_inhouse_target,16,random_repeated,84,1.0000000001541716,-28962652160.0
maml,B_fewshot_adapt_support_to_query,raw_inhouse_target,16,random_repeated,33,0.7717762173666799,-28962652160.0
maml,B_fewshot_adapt_support_to_query,raw_inhouse_target,16,random_repeated,18,0.34855167652482816,-28962652160.0
maml,B_fewshot_adapt_support_to_query,raw_inhouse_target,16,random_repeated,93,0.665395662177569,-28962652160.0
maml,B_fewshot_adapt_support_to_query,raw_inhouse_target,16,random_repeated,0,0.17543300459315367,-28962652160.0
maml,B_fewshot_adapt_support_to_query,raw_inhouse_target,16,random_repeated,74,0.4678666126095594,-28962652160.0
maml,B_fewshot_adapt_support_to_query,raw_inhouse_target,16,random_repeated,61,0.5956170942280743,-28962652160.0
maml,B_fewshot_adapt_support_to_query,raw_inhouse_target,16,random_repeated,68,0.6528309468621716,-28962652160.0
maml,B_fewshot_adapt_support_to_query,raw_inhouse_target,16,random_repeated,4,0.05517919651737015,-28962652160.0
maml,B_fewshot_adapt_support_to_query,inhouse_percentile,16,random_repeated,37,0.7307692170143127,-38777765888.0
maml,B_fewshot_adapt_support_to_query,inhouse_percentile,16,random_repeated,60,0.5384615659713745,-38777765888.0
maml,B_fewshot_adapt_support_to_query,inhouse_percentile,16,random_repeated,32,0.557692289352417,-38777765888.0
maml,B_fewshot_adapt_support_to_query,inhouse_percentile,16,random_repeated,41,0.7019230723381042,-38777765888.0
maml,B_fewshot_adapt_support_to_query,inhouse_percentile,16,random_repeated,54,0.23076923191547394,-38777765888.0
maml,B_fewshot_adapt_support_to_query,inhouse_percentile,16,random_repeated,7,0.09615384787321091,-38777765888.0
maml,B_fewshot_adapt_support_to_query,inhouse_percentile,16,random_repeated,75,0.5961538553237915,-38777765888.0
maml,B_fewshot_adapt_support_to_query,inhouse_percentile,16,random_repeated,71,0.2211538404226303,-38777765888.0
maml,B_fewshot_adapt_support_to_query,inhouse_percentile,16,random_repeated,98,0.8269230723381042,-38777765888.0
maml,B_fewshot_adapt_support_to_query,inhouse_percentile,16,random_repeated,79,0.6634615659713745,-38777765888.0
maml,B_fewshot_adapt_support_to_query,inhouse_percentile,16,random_repeated,19,0.2788461446762085,-38777765888.0
maml,B_fewshot_adapt_support_to_query,inhouse_percentile,16,random_repeated,100,0.9903846383094788,-38777765888.0
maml,B_fewshot_adapt_support_to_query,inhouse_percentile,16,random_repeated,84,1.0,-38777765888.0
maml,B_fewshot_adapt_support_to_query,inhouse_percentile,16,random_repeated,33,0.9134615659713745,-38777765888.0
maml,B_fewshot_adapt_support_to_query,inhouse_percentile,16,random_repeated,18,0.2884615361690521,-38777765888.0
maml,B_fewshot_adapt_support_to_query,inhouse_percentile,16,random_repeated,93,0.75,-38777765888.0
maml,B_fewshot_adapt_support_to_query,inhouse_percentile,16,random_repeated,0,0.08653846383094788,-38777765888.0
maml,B_fewshot_adapt_support_to_query,inhouse_percentile,16,random_repeated,74,0.48076921701431274,-38777765888.0
maml,B_fewshot_adapt_support_to_query,inhouse_percentile,16,random_repeated,61,0.6153846383094788,-38777765888.0
maml,B_fewshot_adapt_support_to_query,inhouse_percentile,16,random_repeated,68,0.7403846383094788,-38777765888.0
maml,B_fewshot_adapt_support_to_query,inhouse_percentile,16,random_repeated,4,0.028846153989434242,-38777765888.0
fomaml,B_fewshot_adapt_support_to_query,raw_inhouse_target,16,random_repeated,37,0.6484163433607225,-60093792.0
fomaml,B_fewshot_adapt_support_to_query,raw_inhouse_target,16,random_repeated,60,0.5483164824186075,-60093792.0
fomaml,B_fewshot_adapt_support_to_query,raw_inhouse_target,16,random_repeated,32,0.5724257036590981,-60093792.0
fomaml,B_fewshot_adapt_support_to_query,raw_inhouse_target,16,random_repeated,41,0.6377319120803782,-60099184.0
fomaml,B_fewshot_adapt_support_to_query,raw_inhouse_target,16,random_repeated,54,0.33212902834350305,-60093792.0
fomaml,B_fewshot_adapt_support_to_query,raw_inhouse_target,16,random_repeated,7,0.17895376007702582,-60093792.0
fomaml,B_fewshot_adapt_support_to_query,raw_inhouse_target,16,random_repeated,75,0.589140108951609,-60093792.0
fomaml,B_fewshot_adapt_support_to_query,raw_inhouse_target,16,random_repeated,71,0.326655938295472,-60093792.0
fomaml,B_fewshot_adapt_support_to_query,raw_inhouse_target,16,random_repeated,98,0.7374909784281607,-60093792.0
fomaml,B_fewshot_adapt_support_to_query,raw_inhouse_target,16,random_repeated,79,0.6238685646716786,-60093792.0
fomaml,B_fewshot_adapt_support_to_query,raw_inhouse_target,16,random_repeated,19,0.3461983072767217,-60093792.0
fomaml,B_fewshot_adapt_support_to_query,raw_inhouse_target,16,random_repeated,100,0.8899457183347337,-60093792.0
fomaml,B_fewshot_adapt_support_to_query,raw_inhouse_target,16,random_repeated,84,1.0000000001541716,-60093792.0
fomaml,B_fewshot_adapt_support_to_query,raw_inhouse_target,16,random_repeated,33,0.7717762173666799,-60093792.0
fomaml,B_fewshot_adapt_support_to_query,raw_inhouse_target,16,random_repeated,18,0.34855167652482816,-60093792.0
fomaml,B_fewshot_adapt_support_to_query,raw_inhouse_target,16,random_repeated,93,0.665395662177569,-60093792.0
fomaml,B_fewshot_adapt_support_to_query,raw_inhouse_target,16,random_repeated,0,0.17543300459315367,-60093792.0
fomaml,B_fewshot_adapt_support_to_query,raw_inhouse_target,16,random_repeated,74,0.4678666126095594,-60093792.0
fomaml,B_fewshot_adapt_support_to_query,raw_inhouse_target,16,random_repeated,61,0.5956170942280743,-60093792.0
fomaml,B_fewshot_adapt_support_to_query,raw_inhouse_target,16,random_repeated,68,0.6528309468621716,-60093792.0
fomaml,B_fewshot_adapt_support_to_query,raw_inhouse_target,16,random_repeated,4,0.05517919651737015,-60093792.0
fomaml,B_fewshot_adapt_support_to_query,inhouse_percentile,16,random_repeated,37,0.7307692170143127,-374968832.0
fomaml,B_fewshot_adapt_support_to_query,inhouse_percentile,16,random_repeated,60,0.5384615659713745,-374968832.0
fomaml,B_fewshot_adapt_support_to_query,inhouse_percentile,16,random_repeated,32,0.557692289352417,-374968832.0
fomaml,B_fewshot_adapt_support_to_query,inhouse_percentile,16,random_repeated,41,0.7019230723381042,-374971168.0
fomaml,B_fewshot_adapt_support_to_query,inhouse_percentile,16,random_repeated,54,0.23076923191547394,-374968832.0
fomaml,B_fewshot_adapt_support_to_query,inhouse_percentile,16,random_repeated,7,0.09615384787321091,-374968832.0
fomaml,B_fewshot_adapt_support_to_query,inhouse_percentile,16,random_repeated,75,0.5961538553237915,-374968832.0
fomaml,B_fewshot_adapt_support_to_query,inhouse_percentile,16,random_repeated,71,0.2211538404226303,-374968832.0
fomaml,B_fewshot_adapt_support_to_query,inhouse_percentile,16,random_repeated,98,0.8269230723381042,-374968832.0
fomaml,B_fewshot_adapt_support_to_query,inhouse_percentile,16,random_repeated,79,0.6634615659713745,-374968832.0
fomaml,B_fewshot_adapt_support_to_query,inhouse_percentile,16,random_repeated,19,0.2788461446762085,-374968832.0
fomaml,B_fewshot_adapt_support_to_query,inhouse_percentile,16,random_repeated,100,0.9903846383094788,-374968832.0
fomaml,B_fewshot_adapt_support_to_query,inhouse_percentile,16,random_repeated,84,1.0,-374968832.0
fomaml,B_fewshot_adapt_support_to_query,inhouse_percentile,16,random_repeated,33,0.9134615659713745,-374968832.0
fomaml,B_fewshot_adapt_support_to_query,inhouse_percentile,16,random_repeated,18,0.2884615361690521,-374968832.0
fomaml,B_fewshot_adapt_support_to_query,inhouse_percentile,16,random_repeated,93,0.75,-374968832.0
fomaml,B_fewshot_adapt_support_to_query,inhouse_percentile,16,random_repeated,0,0.08653846383094788,-374968832.0
fomaml,B_fewshot_adapt_support_to_query,inhouse_percentile,16,random_repeated,74,0.48076921701431274,-374968832.0
fomaml,B_fewshot_adapt_support_to_query,inhouse_percentile,16,random_repeated,61,0.6153846383094788,-374968832.0
fomaml,B_fewshot_adapt_support_to_query,inhouse_percentile,16,random_repeated,68,0.7403846383094788,-374968832.0
fomaml,B_fewshot_adapt_support_to_query,inhouse_percentile,16,random_repeated,4,0.028846153989434242,-374968832.0
metasgd,B_fewshot_adapt_support_to_query,raw_inhouse_target,16,random_repeated,37,0.6484163433607225,-3.118266764075499e+26
metasgd,B_fewshot_adapt_support_to_query,raw_inhouse_target,16,random_repeated,60,0.5483164824186075,-3.4600908347194406e+26
metasgd,B_fewshot_adapt_support_to_query,raw_inhouse_target,16,random_repeated,32,0.5724257036590981,-3.788213770670075e+26
metasgd,B_fewshot_adapt_support_to_query,raw_inhouse_target,16,random_repeated,41,0.6377319120803782,-2.906505520806943e+26
metasgd,B_fewshot_adapt_support_to_query,raw_inhouse_target,16,random_repeated,54,0.33212902834350305,-3.572968306380877e+26
metasgd,B_fewshot_adapt_support_to_query,raw_inhouse_target,16,random_repeated,7,0.17895376007702582,-3.657926261951872e+26
metasgd,B_fewshot_adapt_support_to_query,raw_inhouse_target,16,random_repeated,75,0.589140108951609,-3.478136546576988e+26
metasgd,B_fewshot_adapt_support_to_query,raw_inhouse_target,16,random_repeated,71,0.326655938295472,-3.3996478641526425e+26
metasgd,B_fewshot_adapt_support_to_query,raw_inhouse_target,16,random_repeated,98,0.7374909784281607,-3.269761387650602e+26
metasgd,B_fewshot_adapt_support_to_query,raw_inhouse_target,16,random_repeated,79,0.6238685646716786,-3.519887431373896e+26
metasgd,B_fewshot_adapt_support_to_query,raw_inhouse_target,16,random_repeated,19,0.3461983072767217,-3.655589797347496e+26
metasgd,B_fewshot_adapt_support_to_query,raw_inhouse_target,16,random_repeated,100,0.8899457183347337,-3.393464515539135e+26
metasgd,B_fewshot_adapt_support_to_query,raw_inhouse_target,16,random_repeated,84,1.0000000001541716,-3.2709951058942514e+26
metasgd,B_fewshot_adapt_support_to_query,raw_inhouse_target,16,random_repeated,33,0.7717762173666799,-2.9663257292938127e+26
metasgd,B_fewshot_adapt_support_to_query,raw_inhouse_target,16,random_repeated,18,0.34855167652482816,-3.6695122929696875e+26
metasgd,B_fewshot_adapt_support_to_query,raw_inhouse_target,16,random_repeated,93,0.665395662177569,-3.275603102563864e+26
metasgd,B_fewshot_adapt_support_to_query,raw_inhouse_target,16,random_repeated,0,0.17543300459315367,-3.655850265373817e+26
metasgd,B_fewshot_adapt_support_to_query,raw_inhouse_target,16,random_repeated,74,0.4678666126095594,-3.6682036809450985e+26
metasgd,B_fewshot_adapt_support_to_query,raw_inhouse_target,16,random_repeated,61,0.5956170942280743,-3.462960410227547e+26
metasgd,B_fewshot_adapt_support_to_query,raw_inhouse_target,16,random_repeated,68,0.6528309468621716,-3.333353217430782e+26
metasgd,B_fewshot_adapt_support_to_query,raw_inhouse_target,16,random_repeated,4,0.05517919651737015,-3.790490836758534e+26
metasgd,B_fewshot_adapt_support_to_query,inhouse_percentile,16,random_repeated,37,0.7307692170143127,-1072685645824.0
metasgd,B_fewshot_adapt_support_to_query,inhouse_percentile,16,random_repeated,60,0.5384615659713745,-1072685645824.0
metasgd,B_fewshot_adapt_support_to_query,inhouse_percentile,16,random_repeated,32,0.557692289352417,-1072685645824.0
metasgd,B_fewshot_adapt_support_to_query,inhouse_percentile,16,random_repeated,41,0.7019230723381042,-1072685645824.0
metasgd,B_fewshot_adapt_support_to_query,inhouse_percentile,16,random_repeated,54,0.23076923191547394,-1072685645824.0
metasgd,B_fewshot_adapt_support_to_query,inhouse_percentile,16,random_repeated,7,0.09615384787321091,-1072685645824.0
metasgd,B_fewshot_adapt_support_to_query,inhouse_percentile,16,random_repeated,75,0.5961538553237915,-1072685645824.0
metasgd,B_fewshot_adapt_support_to_query,inhouse_percentile,16,random_repeated,71,0.2211538404226303,-1072685645824.0
metasgd,B_fewshot_adapt_support_to_query,inhouse_percentile,16,random_repeated,98,0.8269230723381042,-1072685645824.0
metasgd,B_fewshot_adapt_support_to_query,inhouse_percentile,16,random_repeated,79,0.6634615659713745,-1072685645824.0
metasgd,B_fewshot_adapt_support_to_query,inhouse_percentile,16,random_repeated,19,0.2788461446762085,-1072685645824.0
metasgd,B_fewshot_adapt_support_to_query,inhouse_percentile,16,random_repeated,100,0.9903846383094788,-1072685645824.0
metasgd,B_fewshot_adapt_support_to_query,inhouse_percentile,16,random_repeated,84,1.0,-1072685645824.0
metasgd,B_fewshot_adapt_support_to_query,inhouse_percentile,16,random_repeated,33,0.9134615659713745,-1072685645824.0
metasgd,B_fewshot_adapt_support_to_query,inhouse_percentile,16,random_repeated,18,0.2884615361690521,-1072685645824.0
metasgd,B_fewshot_adapt_support_to_query,inhouse_percentile,16,random_repeated,93,0.75,-1072685645824.0
metasgd,B_fewshot_adapt_support_to_query,inhouse_percentile,16,random_repeated,0,0.08653846383094788,-1072685645824.0
metasgd,B_fewshot_adapt_support_to_query,inhouse_percentile,16,random_repeated,74,0.48076921701431274,-1072685645824.0
metasgd,B_fewshot_adapt_support_to_query,inhouse_percentile,16,random_repeated,61,0.6153846383094788,-1072685645824.0
metasgd,B_fewshot_adapt_support_to_query,inhouse_percentile,16,random_repeated,68,0.7403846383094788,-1072685645824.0
metasgd,B_fewshot_adapt_support_to_query,inhouse_percentile,16,random_repeated,4,0.028846153989434242,-1072685645824.0
supervised_ann,B_fewshot_adapt_support_to_query,raw_inhouse_target,16,random_repeated,37,0.6484163433607225,0.45439812541007996
supervised_ann,B_fewshot_adapt_support_to_query,raw_inhouse_target,16,random_repeated,60,0.5483164824186075,0.354990154504776
supervised_ann,B_fewshot_adapt_support_to_query,raw_inhouse_target,16,random_repeated,32,0.5724257036590981,0.30769476294517517
supervised_ann,B_fewshot_adapt_support_to_query,raw_inhouse_target,16,random_repeated,41,0.6377319120803782,0.44634726643562317
supervised_ann,B_fewshot_adapt_support_to_query,raw_inhouse_target,16,random_repeated,54,0.33212902834350305,0.3430018126964569
supervised_ann,B_fewshot_adapt_support_to_query,raw_inhouse_target,16,random_repeated,7,0.17895376007702582,0.08500717580318451
supervised_ann,B_fewshot_adapt_support_to_query,raw_inhouse_target,16,random_repeated,75,0.589140108951609,0.23735815286636353
supervised_ann,B_fewshot_adapt_support_to_query,raw_inhouse_target,16,random_repeated,71,0.326655938295472,0.26378291845321655
supervised_ann,B_fewshot_adapt_support_to_query,raw_inhouse_target,16,random_repeated,98,0.7374909784281607,0.43119046092033386
supervised_ann,B_fewshot_adapt_support_to_query,raw_inhouse_target,16,random_repeated,79,0.6238685646716786,0.3844510614871979
supervised_ann,B_fewshot_adapt_support_to_query,raw_inhouse_target,16,random_repeated,19,0.3461983072767217,0.20975211262702942
supervised_ann,B_fewshot_adapt_support_to_query,raw_inhouse_target,16,random_repeated,100,0.8899457183347337,0.4004276990890503
supervised_ann,B_fewshot_adapt_support_to_query,raw_inhouse_target,16,random_repeated,84,1.0000000001541716,0.48476746678352356
supervised_ann,B_fewshot_adapt_support_to_query,raw_inhouse_target,16,random_repeated,33,0.7717762173666799,0.43901553750038147
supervised_ann,B_fewshot_adapt_support_to_query,raw_inhouse_target,16,random_repeated,18,0.34855167652482816,0.16043733060359955
supervised_ann,B_fewshot_adapt_support_to_query,raw_inhouse_target,16,random_repeated,93,0.665395662177569,0.423987478017807
supervised_ann,B_fewshot_adapt_support_to_query,raw_inhouse_target,16,random_repeated,0,0.17543300459315367,0.22668161988258362
supervised_ann,B_fewshot_adapt_support_to_query,raw_inhouse_target,16,random_repeated,74,0.4678666126095594,0.19242845475673676
supervised_ann,B_fewshot_adapt_support_to_query,raw_inhouse_target,16,random_repeated,61,0.5956170942280743,0.3382640779018402
supervised_ann,B_fewshot_adapt_support_to_query,raw_inhouse_target,16,random_repeated,68,0.6528309468621716,0.3421098589897156
supervised_ann,B_fewshot_adapt_support_to_query,raw_inhouse_target,16,random_repeated,4,0.05517919651737015,0.24656221270561218
supervised_ann,B_fewshot_adapt_support_to_query,inhouse_percentile,16,random_repeated,37,0.7307692170143127,0.8770028948783875
supervised_ann,B_fewshot_adapt_support_to_query,inhouse_percentile,16,random_repeated,60,0.5384615659713745,0.7730281352996826
supervised_ann,B_fewshot_adapt_support_to_query,inhouse_percentile,16,random_repeated,32,0.557692289352417,0.7446745038032532
supervised_ann,B_fewshot_adapt_support_to_query,inhouse_percentile,16,random_repeated,41,0.7019230723381042,0.9316140413284302
supervised_ann,B_fewshot_adapt_support_to_query,inhouse_percentile,16,random_repeated,54,0.23076923191547394,0.7811794877052307
supervised_ann,B_fewshot_adapt_support_to_query,inhouse_percentile,16,random_repeated,7,0.09615384787321091,0.7198848724365234
supervised_ann,B_fewshot_adapt_support_to_query,inhouse_percentile,16,random_repeated,75,0.5961538553237915,0.796273410320282
supervised_ann,B_fewshot_adapt_support_to_query,inhouse_percentile,16,random_repeated,71,0.2211538404226303,0.7737976908683777
supervised_ann,B_fewshot_adapt_support_to_query,inhouse_percentile,16,random_repeated,98,0.8269230723381042,0.8783499598503113
supervised_ann,B_fewshot_adapt_support_to_query,inhouse_percentile,16,random_repeated,79,0.6634615659713745,0.7945599555969238
supervised_ann,B_fewshot_adapt_support_to_query,inhouse_percentile,16,random_repeated,19,0.2788461446762085,0.600328266620636
supervised_ann,B_fewshot_adapt_support_to_query,inhouse_percentile,16,random_repeated,100,0.9903846383094788,0.8127143979072571
supervised_ann,B_fewshot_adapt_support_to_query,inhouse_percentile,16,random_repeated,84,1.0,0.8692930340766907
supervised_ann,B_fewshot_adapt_support_to_query,inhouse_percentile,16,random_repeated,33,0.9134615659713745,0.9336561560630798
supervised_ann,B_fewshot_adapt_support_to_query,inhouse_percentile,16,random_repeated,18,0.2884615361690521,0.7332379221916199
supervised_ann,B_fewshot_adapt_support_to_query,inhouse_percentile,16,random_repeated,93,0.75,0.8558068871498108
supervised_ann,B_fewshot_adapt_support_to_query,inhouse_percentile,16,random_repeated,0,0.08653846383094788,0.5859307646751404
supervised_ann,B_fewshot_adapt_support_to_query,inhouse_percentile,16,random_repeated,74,0.48076921701431274,0.6795576810836792
supervised_ann,B_fewshot_adapt_support_to_query,inhouse_percentile,16,random_repeated,61,0.6153846383094788,0.776331901550293
supervised_ann,B_fewshot_adapt_support_to_query,inhouse_percentile,16,random_repeated,68,0.7403846383094788,0.8232923150062561
supervised_ann,B_fewshot_adapt_support_to_query,inhouse_percentile,16,random_repeated,4,0.028846153989434242,0.5642215609550476
maml,B_fewshot_adapt_support_to_query,raw_inhouse_target,17,random_repeated,63,0.6431797726779321,-41715288.0
maml,B_fewshot_adapt_support_to_query,raw_inhouse_target,17,random_repeated,93,0.665395662177569,-41715288.0
maml,B_fewshot_adapt_support_to_query,raw_inhouse_target,17,random_repeated,72,0.3423540191403134,-41715288.0
maml,B_fewshot_adapt_support_to_query,raw_inhouse_target,17,random_repeated,14,0.5160428222422133,-41715288.0
maml,B_fewshot_adapt_support_to_query,raw_inhouse_target,17,random_repeated,59,0.5928021876040668,-41715288.0
maml,B_fewshot_adapt_support_to_query,raw_inhouse_target,17,random_repeated,76,0.46415337042920773,-41715288.0
maml,B_fewshot_adapt_support_to_query,raw_inhouse_target,17,random_repeated,28,0.14407134832857899,-41715288.0
maml,B_fewshot_adapt_support_to_query,raw_inhouse_target,17,random_repeated,64,0.7521443277543998,-41715288.0
maml,B_fewshot_adapt_support_to_query,raw_inhouse_target,17,random_repeated,58,0.5619024690394058,-41715288.0
maml,B_fewshot_adapt_support_to_query,raw_inhouse_target,17,random_repeated,23,0.36241321109052227,-41715288.0
maml,B_fewshot_adapt_support_to_query,raw_inhouse_target,17,random_repeated,85,0.76035675302239,-41715288.0
maml,B_fewshot_adapt_support_to_query,raw_inhouse_target,17,random_repeated,49,0.3796880137703043,-41715288.0
maml,B_fewshot_adapt_support_to_query,raw_inhouse_target,17,random_repeated,78,0.4474676542283091,-41715288.0
maml,B_fewshot_adapt_support_to_query,raw_inhouse_target,17,random_repeated,45,0.4187199636438257,-41715288.0
maml,B_fewshot_adapt_support_to_query,raw_inhouse_target,17,random_repeated,54,0.33212902834350305,-41715288.0
maml,B_fewshot_adapt_support_to_query,raw_inhouse_target,17,random_repeated,19,0.3461983072767217,-41715288.0
maml,B_fewshot_adapt_support_to_query,raw_inhouse_target,17,random_repeated,86,0.8691860123554722,-41715288.0
maml,B_fewshot_adapt_support_to_query,raw_inhouse_target,17,random_repeated,95,0.6312590671234484,-41715288.0
maml,B_fewshot_adapt_support_to_query,raw_inhouse_target,17,random_repeated,9,0.04870502447660548,-41715288.0
maml,B_fewshot_adapt_support_to_query,raw_inhouse_target,17,random_repeated,82,0.35518158247976145,-41715288.0
maml,B_fewshot_adapt_support_to_query,raw_inhouse_target,17,random_repeated,5,0.3918458728545167,-41715288.0
maml,B_fewshot_adapt_support_to_query,inhouse_percentile,17,random_repeated,63,0.7115384340286255,-7685395.5
maml,B_fewshot_adapt_support_to_query,inhouse_percentile,17,random_repeated,93,0.75,-7685395.5
maml,B_fewshot_adapt_support_to_query,inhouse_percentile,17,random_repeated,72,0.25961539149284363,-7685395.5
maml,B_fewshot_adapt_support_to_query,inhouse_percentile,17,random_repeated,14,0.5288461446762085,-7685395.5
maml,B_fewshot_adapt_support_to_query,inhouse_percentile,17,random_repeated,59,0.6057692170143127,-7685395.5
maml,B_fewshot_adapt_support_to_query,inhouse_percentile,17,random_repeated,76,0.4711538553237915,-7685395.5
maml,B_fewshot_adapt_support_to_query,inhouse_percentile,17,random_repeated,28,0.03846153989434242,-7685395.5
maml,B_fewshot_adapt_support_to_query,inhouse_percentile,17,random_repeated,64,0.8557692170143127,-7685395.5
maml,B_fewshot_adapt_support_to_query,inhouse_percentile,17,random_repeated,58,0.5480769276618958,-7685395.5
maml,B_fewshot_adapt_support_to_query,inhouse_percentile,17,random_repeated,23,0.3076923191547394,-7685395.5
maml,B_fewshot_adapt_support_to_query,inhouse_percentile,17,random_repeated,85,0.875,-7685395.5
maml,B_fewshot_adapt_support_to_query,inhouse_percentile,17,random_repeated,49,0.3461538553237915,-7685395.5
maml,B_fewshot_adapt_support_to_query,inhouse_percentile,17,random_repeated,78,0.4326923191547394,-7685395.5
maml,B_fewshot_adapt_support_to_query,inhouse_percentile,17,random_repeated,45,0.375,-7685395.5
maml,B_fewshot_adapt_support_to_query,inhouse_percentile,17,random_repeated,54,0.23076923191547394,-7685395.5
maml,B_fewshot_adapt_support_to_query,inhouse_percentile,17,random_repeated,19,0.2788461446762085,-7685395.5
maml,B_fewshot_adapt_support_to_query,inhouse_percentile,17,random_repeated,86,0.9711538553237915,-7685395.5
maml,B_fewshot_adapt_support_to_query,inhouse_percentile,17,random_repeated,95,0.692307710647583,-7685395.5
maml,B_fewshot_adapt_support_to_query,inhouse_percentile,17,random_repeated,9,0.009615384973585606,-7685395.5
maml,B_fewshot_adapt_support_to_query,inhouse_percentile,17,random_repeated,82,0.29807692766189575,-7685395.5
maml,B_fewshot_adapt_support_to_query,inhouse_percentile,17,random_repeated,5,0.36538460850715637,-7685395.5
fomaml,B_fewshot_adapt_support_to_query,raw_inhouse_target,17,random_repeated,63,0.6431797726779321,-3.714036891490714e+16
fomaml,B_fewshot_adapt_support_to_query,raw_inhouse_target,17,random_repeated,93,0.665395662177569,-3.5209922849275904e+16
fomaml,B_fewshot_adapt_support_to_query,raw_inhouse_target,17,random_repeated,72,0.3423540191403134,-3.897591767813325e+16
fomaml,B_fewshot_adapt_support_to_query,raw_inhouse_target,17,random_repeated,14,0.5160428222422133,-4.137898623998362e+16
fomaml,B_fewshot_adapt_support_to_query,raw_inhouse_target,17,random_repeated,59,0.5928021876040668,-3.716855249030349e+16
fomaml,B_fewshot_adapt_support_to_query,raw_inhouse_target,17,random_repeated,76,0.46415337042920773,-3.95101600701481e+16
fomaml,B_fewshot_adapt_support_to_query,raw_inhouse_target,17,random_repeated,28,0.14407134832857899,-3.960598938045645e+16
fomaml,B_fewshot_adapt_support_to_query,raw_inhouse_target,17,random_repeated,64,0.7521443277543998,-3.427829719813325e+16
fomaml,B_fewshot_adapt_support_to_query,raw_inhouse_target,17,random_repeated,58,0.5619024690394058,-3.714036891490714e+16
fomaml,B_fewshot_adapt_support_to_query,raw_inhouse_target,17,random_repeated,23,0.36241321109052227,-4.110685281714176e+16
fomaml,B_fewshot_adapt_support_to_query,raw_inhouse_target,17,random_repeated,85,0.76035675302239,-3.5179557430493184e+16
fomaml,B_fewshot_adapt_support_to_query,raw_inhouse_target,17,random_repeated,49,0.3796880137703043,-3.1364926391975936e+16
fomaml,B_fewshot_adapt_support_to_query,raw_inhouse_target,17,random_repeated,78,0.4474676542283091,-4.137898623998362e+16
fomaml,B_fewshot_adapt_support_to_query,raw_inhouse_target,17,random_repeated,45,0.4187199636438257,-3.176642422977331e+16
fomaml,B_fewshot_adapt_support_to_query,raw_inhouse_target,17,random_repeated,54,0.33212902834350305,-3.778609577302426e+16
fomaml,B_fewshot_adapt_support_to_query,raw_inhouse_target,17,random_repeated,19,0.3461983072767217,-4.110350703761818e+16
fomaml,B_fewshot_adapt_support_to_query,raw_inhouse_target,17,random_repeated,86,0.8691860123554722,-3.5205756730998784e+16
fomaml,B_fewshot_adapt_support_to_query,raw_inhouse_target,17,random_repeated,95,0.6312590671234484,-4.00170692902912e+16
fomaml,B_fewshot_adapt_support_to_query,raw_inhouse_target,17,random_repeated,9,0.04870502447660548,-3.960406523510784e+16
fomaml,B_fewshot_adapt_support_to_query,raw_inhouse_target,17,random_repeated,82,0.35518158247976145,-4.137904636952576e+16
fomaml,B_fewshot_adapt_support_to_query,raw_inhouse_target,17,random_repeated,5,0.3918458728545167,-4.137904636952576e+16
fomaml,B_fewshot_adapt_support_to_query,inhouse_percentile,17,random_repeated,63,0.7115384340286255,-5.540858968366121e+17
fomaml,B_fewshot_adapt_support_to_query,inhouse_percentile,17,random_repeated,93,0.75,-5.374732725733294e+17
fomaml,B_fewshot_adapt_support_to_query,inhouse_percentile,17,random_repeated,72,0.25961539149284363,-5.636485556218102e+17
fomaml,B_fewshot_adapt_support_to_query,inhouse_percentile,17,random_repeated,14,0.5288461446762085,-5.925740952084808e+17
fomaml,B_fewshot_adapt_support_to_query,inhouse_percentile,17,random_repeated,59,0.6057692170143127,-5.544463648518308e+17
fomaml,B_fewshot_adapt_support_to_query,inhouse_percentile,17,random_repeated,76,0.4711538553237915,-5.7151061351622246e+17
fomaml,B_fewshot_adapt_support_to_query,inhouse_percentile,17,random_repeated,28,0.03846153989434242,-5.92727614519509e+17
fomaml,B_fewshot_adapt_support_to_query,inhouse_percentile,17,random_repeated,64,0.8557692170143127,-5.201411210288824e+17
fomaml,B_fewshot_adapt_support_to_query,inhouse_percentile,17,random_repeated,58,0.5480769276618958,-5.540858968366121e+17
fomaml,B_fewshot_adapt_support_to_query,inhouse_percentile,17,random_repeated,23,0.3076923191547394,-5.889395220839137e+17
fomaml,B_fewshot_adapt_support_to_query,inhouse_percentile,17,random_repeated,85,0.875,-5.371131825152328e+17
fomaml,B_fewshot_adapt_support_to_query,inhouse_percentile,17,random_repeated,49,0.3461538553237915,-5.050609754565509e+17
fomaml,B_fewshot_adapt_support_to_query,inhouse_percentile,17,random_repeated,78,0.4326923191547394,-5.925740952084808e+17
fomaml,B_fewshot_adapt_support_to_query,inhouse_percentile,17,random_repeated,45,0.375,-5.155062328412078e+17
fomaml,B_fewshot_adapt_support_to_query,inhouse_percentile,17,random_repeated,54,0.23076923191547394,-5.7210246000961126e+17
fomaml,B_fewshot_adapt_support_to_query,inhouse_percentile,17,random_repeated,19,0.2788461446762085,-5.889105224647311e+17
fomaml,B_fewshot_adapt_support_to_query,inhouse_percentile,17,random_repeated,86,0.9711538553237915,-5.374435513996411e+17
fomaml,B_fewshot_adapt_support_to_query,inhouse_percentile,17,random_repeated,95,0.692307710647583,-5.960929447342244e+17
fomaml,B_fewshot_adapt_support_to_query,inhouse_percentile,17,random_repeated,9,0.009615384973585606,-5.92634430909055e+17
fomaml,B_fewshot_adapt_support_to_query,inhouse_percentile,17,random_repeated,82,0.29807692766189575,-5.925741639279575e+17
fomaml,B_fewshot_adapt_support_to_query,inhouse_percentile,17,random_repeated,5,0.36538460850715637,-5.925741639279575e+17
metasgd,B_fewshot_adapt_support_to_query,raw_inhouse_target,17,random_repeated,63,0.6431797726779321,-5.7282074852907875e+25
metasgd,B_fewshot_adapt_support_to_query,raw_inhouse_target,17,random_repeated,93,0.665395662177569,-5.627385422050122e+25
metasgd,B_fewshot_adapt_support_to_query,raw_inhouse_target,17,random_repeated,72,0.3423540191403134,-5.736630729803445e+25
metasgd,B_fewshot_adapt_support_to_query,raw_inhouse_target,17,random_repeated,14,0.5160428222422133,-5.985346335474864e+25
metasgd,B_fewshot_adapt_support_to_query,raw_inhouse_target,17,random_repeated,59,0.5928021876040668,-5.73187700385565e+25
metasgd,B_fewshot_adapt_support_to_query,raw_inhouse_target,17,random_repeated,76,0.46415337042920773,-5.813142751366572e+25
metasgd,B_fewshot_adapt_support_to_query,raw_inhouse_target,17,random_repeated,28,0.14407134832857899,-6.095316600270283e+25
metasgd,B_fewshot_adapt_support_to_query,raw_inhouse_target,17,random_repeated,64,0.7521443277543998,-5.451235157047261e+25
metasgd,B_fewshot_adapt_support_to_query,raw_inhouse_target,17,random_repeated,58,0.5619024690394058,-5.7282074852907875e+25
metasgd,B_fewshot_adapt_support_to_query,raw_inhouse_target,17,random_repeated,23,0.36241321109052227,-5.9457637732100995e+25
metasgd,B_fewshot_adapt_support_to_query,raw_inhouse_target,17,random_repeated,85,0.76035675302239,-5.622472592934692e+25
metasgd,B_fewshot_adapt_support_to_query,raw_inhouse_target,17,random_repeated,49,0.3796880137703043,-5.440846411953549e+25
metasgd,B_fewshot_adapt_support_to_query,raw_inhouse_target,17,random_repeated,78,0.4474676542283091,-5.985346335474864e+25
metasgd,B_fewshot_adapt_support_to_query,raw_inhouse_target,17,random_repeated,45,0.4187199636438257,-5.550521067675188e+25
metasgd,B_fewshot_adapt_support_to_query,raw_inhouse_target,17,random_repeated,54,0.33212902834350305,-5.932671196603784e+25
metasgd,B_fewshot_adapt_support_to_query,raw_inhouse_target,17,random_repeated,19,0.3461983072767217,-5.94871202408168e+25
metasgd,B_fewshot_adapt_support_to_query,raw_inhouse_target,17,random_repeated,86,0.8691860123554722,-5.626045727261769e+25
metasgd,B_fewshot_adapt_support_to_query,raw_inhouse_target,17,random_repeated,95,0.6312590671234484,-6.1220187234855796e+25
metasgd,B_fewshot_adapt_support_to_query,raw_inhouse_target,17,random_repeated,9,0.04870502447660548,-6.091719946344512e+25
metasgd,B_fewshot_adapt_support_to_query,raw_inhouse_target,17,random_repeated,82,0.35518158247976145,-5.98535048599228e+25
metasgd,B_fewshot_adapt_support_to_query,raw_inhouse_target,17,random_repeated,5,0.3918458728545167,-5.98535048599228e+25
metasgd,B_fewshot_adapt_support_to_query,inhouse_percentile,17,random_repeated,63,0.7115384340286255,-1.6587270950372904e+27
metasgd,B_fewshot_adapt_support_to_query,inhouse_percentile,17,random_repeated,93,0.75,-1.603728053794549e+27
metasgd,B_fewshot_adapt_support_to_query,inhouse_percentile,17,random_repeated,72,0.25961539149284363,-1.6873148259850573e+27
metasgd,B_fewshot_adapt_support_to_query,inhouse_percentile,17,random_repeated,14,0.5288461446762085,-1.7840997270514707e+27
metasgd,B_fewshot_adapt_support_to_query,inhouse_percentile,17,random_repeated,59,0.6057692170143127,-1.6599732094929576e+27
metasgd,B_fewshot_adapt_support_to_query,inhouse_percentile,17,random_repeated,76,0.4711538553237915,-1.7144681381136526e+27
metasgd,B_fewshot_adapt_support_to_query,inhouse_percentile,17,random_repeated,28,0.03846153989434242,-1.7981393226050421e+27
metasgd,B_fewshot_adapt_support_to_query,inhouse_percentile,17,random_repeated,64,0.8557692170143127,-1.5377247180551007e+27
metasgd,B_fewshot_adapt_support_to_query,inhouse_percentile,17,random_repeated,58,0.5480769276618958,-1.6587270950372904e+27
metasgd,B_fewshot_adapt_support_to_query,inhouse_percentile,17,random_repeated,23,0.3076923191547394,-1.771661013735592e+27
metasgd,B_fewshot_adapt_support_to_query,inhouse_percentile,17,random_repeated,85,0.875,-1.6025155862000723e+27
metasgd,B_fewshot_adapt_support_to_query,inhouse_percentile,17,random_repeated,49,0.3461538553237915,-1.4938103991132278e+27
metasgd,B_fewshot_adapt_support_to_query,inhouse_percentile,17,random_repeated,78,0.4326923191547394,-1.7840997270514707e+27
metasgd,B_fewshot_adapt_support_to_query,inhouse_percentile,17,random_repeated,45,0.375,-1.5331490400811052e+27
metasgd,B_fewshot_adapt_support_to_query,inhouse_percentile,17,random_repeated,54,0.23076923191547394,-1.7303327807389006e+27
metasgd,B_fewshot_adapt_support_to_query,inhouse_percentile,17,random_repeated,19,0.2788461446762085,-1.7716323843887896e+27
metasgd,B_fewshot_adapt_support_to_query,inhouse_percentile,17,random_repeated,86,0.9711538553237915,-1.6036517580610602e+27
metasgd,B_fewshot_adapt_support_to_query,inhouse_percentile,17,random_repeated,95,0.692307710647583,-1.8102316798541928e+27
metasgd,B_fewshot_adapt_support_to_query,inhouse_percentile,17,random_repeated,9,0.009615384973585606,-1.798045465571195e+27
metasgd,B_fewshot_adapt_support_to_query,inhouse_percentile,17,random_repeated,82,0.29807692766189575,-1.784100317347281e+27
metasgd,B_fewshot_adapt_support_to_query,inhouse_percentile,17,random_repeated,5,0.36538460850715637,-1.784100317347281e+27
supervised_ann,B_fewshot_adapt_support_to_query,raw_inhouse_target,17,random_repeated,63,0.6431797726779321,0.7591063976287842
supervised_ann,B_fewshot_adapt_support_to_query,raw_inhouse_target,17,random_repeated,93,0.665395662177569,0.7271634936332703
supervised_ann,B_fewshot_adapt_support_to_query,raw_inhouse_target,17,random_repeated,72,0.3423540191403134,0.6756694912910461
supervised_ann,B_fewshot_adapt_support_to_query,raw_inhouse_target,17,random_repeated,14,0.5160428222422133,0.7334719896316528
supervised_ann,B_fewshot_adapt_support_to_query,raw_inhouse_target,17,random_repeated,59,0.5928021876040668,0.7597326636314392
supervised_ann,B_fewshot_adapt_support_to_query,raw_inhouse_target,17,random_repeated,76,0.46415337042920773,0.7784295082092285
supervised_ann,B_fewshot_adapt_support_to_query,raw_inhouse_target,17,random_repeated,28,0.14407134832857899,0.550003707408905
supervised_ann,B_fewshot_adapt_support_to_query,raw_inhouse_target,17,random_repeated,64,0.7521443277543998,0.7243548631668091
supervised_ann,B_fewshot_adapt_support_to_query,raw_inhouse_target,17,random_repeated,58,0.5619024690394058,0.7591063976287842
supervised_ann,B_fewshot_adapt_support_to_query,raw_inhouse_target,17,random_repeated,23,0.36241321109052227,0.31684327125549316
supervised_ann,B_fewshot_adapt_support_to_query,raw_inhouse_target,17,random_repeated,85,0.76035675302239,0.6818878054618835
supervised_ann,B_fewshot_adapt_support_to_query,raw_inhouse_target,17,random_repeated,49,0.3796880137703043,0.7394306659698486
supervised_ann,B_fewshot_adapt_support_to_query,raw_inhouse_target,17,random_repeated,78,0.4474676542283091,0.7334720492362976
supervised_ann,B_fewshot_adapt_support_to_query,raw_inhouse_target,17,random_repeated,45,0.4187199636438257,0.7006319761276245
supervised_ann,B_fewshot_adapt_support_to_query,raw_inhouse_target,17,random_repeated,54,0.33212902834350305,0.6967284679412842
supervised_ann,B_fewshot_adapt_support_to_query,raw_inhouse_target,17,random_repeated,19,0.3461983072767217,0.41459667682647705
supervised_ann,B_fewshot_adapt_support_to_query,raw_inhouse_target,17,random_repeated,86,0.8691860123554722,0.6842317581176758
supervised_ann,B_fewshot_adapt_support_to_query,raw_inhouse_target,17,random_repeated,95,0.6312590671234484,0.6819446086883545
supervised_ann,B_fewshot_adapt_support_to_query,raw_inhouse_target,17,random_repeated,9,0.04870502447660548,0.4149417579174042
supervised_ann,B_fewshot_adapt_support_to_query,raw_inhouse_target,17,random_repeated,82,0.35518158247976145,0.7334714531898499
supervised_ann,B_fewshot_adapt_support_to_query,raw_inhouse_target,17,random_repeated,5,0.3918458728545167,0.7334714531898499
supervised_ann,B_fewshot_adapt_support_to_query,inhouse_percentile,17,random_repeated,63,0.7115384340286255,-0.8108768463134766
supervised_ann,B_fewshot_adapt_support_to_query,inhouse_percentile,17,random_repeated,93,0.75,-0.8945339918136597
supervised_ann,B_fewshot_adapt_support_to_query,inhouse_percentile,17,random_repeated,72,0.25961539149284363,-0.8819353580474854
supervised_ann,B_fewshot_adapt_support_to_query,inhouse_percentile,17,random_repeated,14,0.5288461446762085,-0.6345570087432861
supervised_ann,B_fewshot_adapt_support_to_query,inhouse_percentile,17,random_repeated,59,0.6057692170143127,-0.8136032819747925
supervised_ann,B_fewshot_adapt_support_to_query,inhouse_percentile,17,random_repeated,76,0.4711538553237915,-0.7308056950569153
supervised_ann,B_fewshot_adapt_support_to_query,inhouse_percentile,17,random_repeated,28,0.03846153989434242,-0.9258327484130859
supervised_ann,B_fewshot_adapt_support_to_query,inhouse_percentile,17,random_repeated,64,0.8557692170143127,-0.9550457000732422
supervised_ann,B_fewshot_adapt_support_to_query,inhouse_percentile,17,random_repeated,58,0.5480769276618958,-0.8108768463134766
supervised_ann,B_fewshot_adapt_support_to_query,inhouse_percentile,17,random_repeated,23,0.3076923191547394,-1.2339036464691162
supervised_ann,B_fewshot_adapt_support_to_query,inhouse_percentile,17,random_repeated,85,0.875,-0.945521354675293
supervised_ann,B_fewshot_adapt_support_to_query,inhouse_percentile,17,random_repeated,49,0.3461538553237915,-1.0474947690963745
supervised_ann,B_fewshot_adapt_support_to_query,inhouse_percentile,17,random_repeated,78,0.4326923191547394,-0.6345571279525757
supervised_ann,B_fewshot_adapt_support_to_query,inhouse_percentile,17,random_repeated,45,0.375,-1.317736268043518
supervised_ann,B_fewshot_adapt_support_to_query,inhouse_percentile,17,random_repeated,54,0.23076923191547394,-0.7916809320449829
supervised_ann,B_fewshot_adapt_support_to_query,inhouse_percentile,17,random_repeated,19,0.2788461446762085,-1.1734309196472168
supervised_ann,B_fewshot_adapt_support_to_query,inhouse_percentile,17,random_repeated,86,0.9711538553237915,-0.9390374422073364
supervised_ann,B_fewshot_adapt_support_to_query,inhouse_percentile,17,random_repeated,95,0.692307710647583,-0.7207719087600708
supervised_ann,B_fewshot_adapt_support_to_query,inhouse_percentile,17,random_repeated,9,0.009615384973585606,-1.1808230876922607
supervised_ann,B_fewshot_adapt_support_to_query,inhouse_percentile,17,random_repeated,82,0.29807692766189575,-0.6345566511154175
supervised_ann,B_fewshot_adapt_support_to_query,inhouse_percentile,17,random_repeated,5,0.36538460850715637,-0.6345566511154175
maml,B_fewshot_adapt_support_to_query,raw_inhouse_target,18,random_repeated,46,0.45488662083509573,-5.411867040462301e+19
maml,B_fewshot_adapt_support_to_query,raw_inhouse_target,18,random_repeated,92,0.7916862503095949,-5.325931410658584e+19
maml,B_fewshot_adapt_support_to_query,raw_inhouse_target,18,random_repeated,18,0.34855167652482816,-5.8409307823832826e+19
maml,B_fewshot_adapt_support_to_query,raw_inhouse_target,18,random_repeated,36,0.710397436998435,-4.625861801941978e+19
maml,B_fewshot_adapt_support_to_query,raw_inhouse_target,18,random_repeated,39,0.7565851086119532,-4.995682098139785e+19
maml,B_fewshot_adapt_support_to_query,raw_inhouse_target,18,random_repeated,85,0.76035675302239,-5.145137834094074e+19
maml,B_fewshot_adapt_support_to_query,raw_inhouse_target,18,random_repeated,89,0.7603784272900662,-5.353491769120417e+19
maml,B_fewshot_adapt_support_to_query,raw_inhouse_target,18,random_repeated,53,0.16259722477569558,-4.832557233628984e+19
maml,B_fewshot_adapt_support_to_query,raw_inhouse_target,18,random_repeated,103,0.6471306330883555,-4.742615863062954e+19
maml,B_fewshot_adapt_support_to_query,raw_inhouse_target,18,random_repeated,66,0.7681532100647782,-5.131623956579405e+19
maml,B_fewshot_adapt_support_to_query,raw_inhouse_target,18,random_repeated,42,0.34320990214036895,-5.431511794813449e+19
maml,B_fewshot_adapt_support_to_query,raw_inhouse_target,18,random_repeated,19,0.3461983072767217,-5.8199762897811276e+19
maml,B_fewshot_adapt_support_to_query,raw_inhouse_target,18,random_repeated,63,0.6431797726779321,-5.371050969816e+19
maml,B_fewshot_adapt_support_to_query,raw_inhouse_target,18,random_repeated,67,0.6704965744838094,-5.008570133635924e+19
maml,B_fewshot_adapt_support_to_query,raw_inhouse_target,18,random_repeated,90,0.7230486216197674,-5.298371492001402e+19
maml,B_fewshot_adapt_support_to_query,raw_inhouse_target,18,random_repeated,71,0.326655938295472,-5.368505380495373e+19
maml,B_fewshot_adapt_support_to_query,raw_inhouse_target,18,random_repeated,65,0.7257684721288807,-5.003957462455078e+19
maml,B_fewshot_adapt_support_to_query,raw_inhouse_target,18,random_repeated,15,0.31203121268996953,-5.8210837178926236e+19
maml,B_fewshot_adapt_support_to_query,raw_inhouse_target,18,random_repeated,8,0.1459604384601472,-5.864766875059513e+19
maml,B_fewshot_adapt_support_to_query,raw_inhouse_target,18,random_repeated,100,0.8899457183347337,-5.408451077737126e+19
maml,B_fewshot_adapt_support_to_query,raw_inhouse_target,18,random_repeated,0,0.17543300459315367,-5.820289870497369e+19
maml,B_fewshot_adapt_support_to_query,inhouse_percentile,18,random_repeated,46,0.45192307233810425,-16346529792.0
maml,B_fewshot_adapt_support_to_query,inhouse_percentile,18,random_repeated,92,0.942307710647583,-16346529792.0
maml,B_fewshot_adapt_support_to_query,inhouse_percentile,18,random_repeated,18,0.2884615361690521,-16346529792.0
maml,B_fewshot_adapt_support_to_query,inhouse_percentile,18,random_repeated,36,0.7980769276618958,-16346529792.0
maml,B_fewshot_adapt_support_to_query,inhouse_percentile,18,random_repeated,39,0.8653846383094788,-16346529792.0
maml,B_fewshot_adapt_support_to_query,inhouse_percentile,18,random_repeated,85,0.875,-16346529792.0
maml,B_fewshot_adapt_support_to_query,inhouse_percentile,18,random_repeated,89,0.8846153616905212,-16346529792.0
maml,B_fewshot_adapt_support_to_query,inhouse_percentile,18,random_repeated,53,0.07692307978868484,-16346529792.0
maml,B_fewshot_adapt_support_to_query,inhouse_percentile,18,random_repeated,103,0.7211538553237915,-16346529792.0
maml,B_fewshot_adapt_support_to_query,inhouse_percentile,18,random_repeated,66,0.8942307829856873,-16346529792.0
maml,B_fewshot_adapt_support_to_query,inhouse_percentile,18,random_repeated,42,0.26923078298568726,-16346529792.0
maml,B_fewshot_adapt_support_to_query,inhouse_percentile,18,random_repeated,19,0.2788461446762085,-16346529792.0
maml,B_fewshot_adapt_support_to_query,inhouse_percentile,18,random_repeated,63,0.7115384340286255,-16346529792.0
maml,B_fewshot_adapt_support_to_query,inhouse_percentile,18,random_repeated,67,0.7596153616905212,-16346529792.0
maml,B_fewshot_adapt_support_to_query,inhouse_percentile,18,random_repeated,90,0.807692289352417,-16346529792.0
maml,B_fewshot_adapt_support_to_query,inhouse_percentile,18,random_repeated,71,0.2211538404226303,-16346529792.0
maml,B_fewshot_adapt_support_to_query,inhouse_percentile,18,random_repeated,65,0.817307710647583,-16346529792.0
maml,B_fewshot_adapt_support_to_query,inhouse_percentile,18,random_repeated,15,0.21153846383094788,-16346529792.0
maml,B_fewshot_adapt_support_to_query,inhouse_percentile,18,random_repeated,8,0.057692307978868484,-16346529792.0
maml,B_fewshot_adapt_support_to_query,inhouse_percentile,18,random_repeated,100,0.9903846383094788,-16346529792.0
maml,B_fewshot_adapt_support_to_query,inhouse_percentile,18,random_repeated,0,0.08653846383094788,-16346529792.0
fomaml,B_fewshot_adapt_support_to_query,raw_inhouse_target,18,random_repeated,46,0.45488662083509573,-5.1313513601590886e+17
fomaml,B_fewshot_adapt_support_to_query,raw_inhouse_target,18,random_repeated,92,0.7916862503095949,-4.985294297109627e+17
fomaml,B_fewshot_adapt_support_to_query,raw_inhouse_target,18,random_repeated,18,0.34855167652482816,-5.4485487824614195e+17
fomaml,B_fewshot_adapt_support_to_query,raw_inhouse_target,18,random_repeated,36,0.710397436998435,-4.437882504573092e+17
fomaml,B_fewshot_adapt_support_to_query,raw_inhouse_target,18,random_repeated,39,0.7565851086119532,-4.734699791659827e+17
fomaml,B_fewshot_adapt_support_to_query,raw_inhouse_target,18,random_repeated,85,0.76035675302239,-4.870381244514304e+17
fomaml,B_fewshot_adapt_support_to_query,raw_inhouse_target,18,random_repeated,89,0.7603784272900662,-5.002264571889582e+17
fomaml,B_fewshot_adapt_support_to_query,raw_inhouse_target,18,random_repeated,53,0.16259722477569558,-4.632937928924856e+17
fomaml,B_fewshot_adapt_support_to_query,raw_inhouse_target,18,random_repeated,103,0.6471306330883555,-4.474568053631222e+17
fomaml,B_fewshot_adapt_support_to_query,raw_inhouse_target,18,random_repeated,66,0.7681532100647782,-4.864507103642911e+17
fomaml,B_fewshot_adapt_support_to_query,raw_inhouse_target,18,random_repeated,42,0.34320990214036895,-5.111848772661412e+17
fomaml,B_fewshot_adapt_support_to_query,raw_inhouse_target,18,random_repeated,19,0.3461983072767217,-5.425403031904584e+17
fomaml,B_fewshot_adapt_support_to_query,raw_inhouse_target,18,random_repeated,63,0.6431797726779321,-5.056842954702848e+17
fomaml,B_fewshot_adapt_support_to_query,raw_inhouse_target,18,random_repeated,67,0.6704965744838094,-4.71979934751916e+17
fomaml,B_fewshot_adapt_support_to_query,raw_inhouse_target,18,random_repeated,90,0.7230486216197674,-4.968323678732288e+17
fomaml,B_fewshot_adapt_support_to_query,raw_inhouse_target,18,random_repeated,71,0.326655938295472,-5.0547624725446656e+17
fomaml,B_fewshot_adapt_support_to_query,raw_inhouse_target,18,random_repeated,65,0.7257684721288807,-4.743839482065715e+17
fomaml,B_fewshot_adapt_support_to_query,raw_inhouse_target,18,random_repeated,15,0.31203121268996953,-5.429156833321288e+17
fomaml,B_fewshot_adapt_support_to_query,raw_inhouse_target,18,random_repeated,8,0.1459604384601472,-5.5109343850266624e+17
fomaml,B_fewshot_adapt_support_to_query,raw_inhouse_target,18,random_repeated,100,0.8899457183347337,-5.056628549935432e+17
fomaml,B_fewshot_adapt_support_to_query,raw_inhouse_target,18,random_repeated,0,0.17543300459315367,-5.425577922972877e+17
fomaml,B_fewshot_adapt_support_to_query,inhouse_percentile,18,random_repeated,46,0.45192307233810425,-2.2733639854850048e+18
fomaml,B_fewshot_adapt_support_to_query,inhouse_percentile,18,random_repeated,92,0.942307710647583,-2.2055877522866831e+18
fomaml,B_fewshot_adapt_support_to_query,inhouse_percentile,18,random_repeated,18,0.2884615361690521,-2.4010310293651456e+18
fomaml,B_fewshot_adapt_support_to_query,inhouse_percentile,18,random_repeated,36,0.7980769276618958,-1.981695024156377e+18
fomaml,B_fewshot_adapt_support_to_query,inhouse_percentile,18,random_repeated,39,0.8653846383094788,-2.1038401832028733e+18
fomaml,B_fewshot_adapt_support_to_query,inhouse_percentile,18,random_repeated,85,0.875,-2.1605777319751844e+18
fomaml,B_fewshot_adapt_support_to_query,inhouse_percentile,18,random_repeated,89,0.8846153616905212,-2.2121353440300892e+18
fomaml,B_fewshot_adapt_support_to_query,inhouse_percentile,18,random_repeated,53,0.07692307978868484,-2.0652463629952614e+18
fomaml,B_fewshot_adapt_support_to_query,inhouse_percentile,18,random_repeated,103,0.7211538553237915,-1.9916251259836826e+18
fomaml,B_fewshot_adapt_support_to_query,inhouse_percentile,18,random_repeated,66,0.8942307829856873,-2.1588825599230607e+18
fomaml,B_fewshot_adapt_support_to_query,inhouse_percentile,18,random_repeated,42,0.26923078298568726,-2.2617580904980152e+18
fomaml,B_fewshot_adapt_support_to_query,inhouse_percentile,18,random_repeated,19,0.2788461446762085,-2.3910812737674936e+18
fomaml,B_fewshot_adapt_support_to_query,inhouse_percentile,18,random_repeated,63,0.7115384340286255,-2.238350312576385e+18
fomaml,B_fewshot_adapt_support_to_query,inhouse_percentile,18,random_repeated,67,0.7596153616905212,-2.0951405723260027e+18
fomaml,B_fewshot_adapt_support_to_query,inhouse_percentile,18,random_repeated,90,0.807692289352417,-2.1990400231043236e+18
fomaml,B_fewshot_adapt_support_to_query,inhouse_percentile,18,random_repeated,71,0.2211538404226303,-2.2373531929689457e+18
fomaml,B_fewshot_adapt_support_to_query,inhouse_percentile,18,random_repeated,65,0.817307710647583,-2.1076116455250985e+18
fomaml,B_fewshot_adapt_support_to_query,inhouse_percentile,18,random_repeated,15,0.21153846383094788,-2.392203050505732e+18
fomaml,B_fewshot_adapt_support_to_query,inhouse_percentile,18,random_repeated,8,0.057692307978868484,-2.428810190640906e+18
fomaml,B_fewshot_adapt_support_to_query,inhouse_percentile,18,random_repeated,100,0.9903846383094788,-2.2364323519806833e+18
fomaml,B_fewshot_adapt_support_to_query,inhouse_percentile,18,random_repeated,0,0.08653846383094788,-2.3908308599942676e+18
metasgd,B_fewshot_adapt_support_to_query,raw_inhouse_target,18,random_repeated,46,0.45488662083509573,-1.6805925372966924e+27
metasgd,B_fewshot_adapt_support_to_query,raw_inhouse_target,18,random_repeated,92,0.7916862503095949,-1.5939531978968667e+27
metasgd,B_fewshot_adapt_support_to_query,raw_inhouse_target,18,random_repeated,18,0.34855167652482816,-1.7402581620682244e+27
metasgd,B_fewshot_adapt_support_to_query,raw_inhouse_target,18,random_repeated,36,0.710397436998435,-1.4676529160167076e+27
metasgd,B_fewshot_adapt_support_to_query,raw_inhouse_target,18,random_repeated,39,0.7565851086119532,-1.542423472705556e+27
metasgd,B_fewshot_adapt_support_to_query,raw_inhouse_target,18,random_repeated,85,0.76035675302239,-1.5862462957968234e+27
metasgd,B_fewshot_adapt_support_to_query,raw_inhouse_target,18,random_repeated,89,0.7603784272900662,-1.5947354874195445e+27
metasgd,B_fewshot_adapt_support_to_query,raw_inhouse_target,18,random_repeated,53,0.16259722477569558,-1.5360904841041227e+27
metasgd,B_fewshot_adapt_support_to_query,raw_inhouse_target,18,random_repeated,103,0.6471306330883555,-1.4388491368023494e+27
metasgd,B_fewshot_adapt_support_to_query,raw_inhouse_target,18,random_repeated,66,0.7681532100647782,-1.5873536907370563e+27
metasgd,B_fewshot_adapt_support_to_query,raw_inhouse_target,18,random_repeated,42,0.34320990214036895,-1.6539027549531813e+27
metasgd,B_fewshot_adapt_support_to_query,raw_inhouse_target,18,random_repeated,19,0.3461983072767217,-1.7337764189225807e+27
metasgd,B_fewshot_adapt_support_to_query,raw_inhouse_target,18,random_repeated,63,0.6431797726779321,-1.635510908389835e+27
metasgd,B_fewshot_adapt_support_to_query,raw_inhouse_target,18,random_repeated,67,0.6704965744838094,-1.5210699644876876e+27
metasgd,B_fewshot_adapt_support_to_query,raw_inhouse_target,18,random_repeated,90,0.7230486216197674,-1.5931709083741888e+27
metasgd,B_fewshot_adapt_support_to_query,raw_inhouse_target,18,random_repeated,71,0.326655938295472,-1.6348831287955186e+27
metasgd,B_fewshot_adapt_support_to_query,raw_inhouse_target,18,random_repeated,65,0.7257684721288807,-1.5453002793373392e+27
metasgd,B_fewshot_adapt_support_to_query,raw_inhouse_target,18,random_repeated,15,0.31203121268996953,-1.7345451316416203e+27
metasgd,B_fewshot_adapt_support_to_query,raw_inhouse_target,18,random_repeated,8,0.1459604384601472,-1.7868373714459618e+27
metasgd,B_fewshot_adapt_support_to_query,raw_inhouse_target,18,random_repeated,100,0.8899457183347337,-1.6142387134198436e+27
metasgd,B_fewshot_adapt_support_to_query,raw_inhouse_target,18,random_repeated,0,0.17543300459315367,-1.733747199279968e+27
metasgd,B_fewshot_adapt_support_to_query,inhouse_percentile,18,random_repeated,46,0.45192307233810425,-8.16631641652459e+25
metasgd,B_fewshot_adapt_support_to_query,inhouse_percentile,18,random_repeated,92,0.942307710647583,-7.974136392090277e+25
metasgd,B_fewshot_adapt_support_to_query,inhouse_percentile,18,random_repeated,18,0.2884615361690521,-8.763168199727092e+25
metasgd,B_fewshot_adapt_support_to_query,inhouse_percentile,18,random_repeated,36,0.7980769276618958,-6.960012340411437e+25
metasgd,B_fewshot_adapt_support_to_query,inhouse_percentile,18,random_repeated,39,0.8653846383094788,-7.505427222438807e+25
metasgd,B_fewshot_adapt_support_to_query,inhouse_percentile,18,random_repeated,85,0.875,-7.739157154393346e+25
metasgd,B_fewshot_adapt_support_to_query,inhouse_percentile,18,random_repeated,89,0.8846153616905212,-8.009680500908704e+25
metasgd,B_fewshot_adapt_support_to_query,inhouse_percentile,18,random_repeated,53,0.07692307978868484,-7.2895938604159796e+25
metasgd,B_fewshot_adapt_support_to_query,inhouse_percentile,18,random_repeated,103,0.7211538553237915,-7.077169917866575e+25
metasgd,B_fewshot_adapt_support_to_query,inhouse_percentile,18,random_repeated,66,0.8942307829856873,-7.722303286670401e+25
metasgd,B_fewshot_adapt_support_to_query,inhouse_percentile,18,random_repeated,42,0.26923078298568726,-8.167541280331084e+25
metasgd,B_fewshot_adapt_support_to_query,inhouse_percentile,18,random_repeated,19,0.2788461446762085,-8.730925135760655e+25
metasgd,B_fewshot_adapt_support_to_query,inhouse_percentile,18,random_repeated,63,0.7115384340286255,-8.074704351431326e+25
metasgd,B_fewshot_adapt_support_to_query,inhouse_percentile,18,random_repeated,67,0.7596153616905212,-7.499143339070098e+25
metasgd,B_fewshot_adapt_support_to_query,inhouse_percentile,18,random_repeated,90,0.807692289352417,-7.938593205609053e+25
metasgd,B_fewshot_adapt_support_to_query,inhouse_percentile,18,random_repeated,71,0.2211538404226303,-8.068188961424492e+25
metasgd,B_fewshot_adapt_support_to_query,inhouse_percentile,18,random_repeated,65,0.817307710647583,-7.517632971823779e+25
metasgd,B_fewshot_adapt_support_to_query,inhouse_percentile,18,random_repeated,15,0.21153846383094788,-8.733955013474762e+25
metasgd,B_fewshot_adapt_support_to_query,inhouse_percentile,18,random_repeated,8,0.057692307978868484,-8.843453963959098e+25
metasgd,B_fewshot_adapt_support_to_query,inhouse_percentile,18,random_repeated,100,0.9903846383094788,-8.093678672385544e+25
metasgd,B_fewshot_adapt_support_to_query,inhouse_percentile,18,random_repeated,0,0.08653846383094788,-8.728539971751924e+25
supervised_ann,B_fewshot_adapt_support_to_query,raw_inhouse_target,18,random_repeated,46,0.45488662083509573,0.3999839425086975
supervised_ann,B_fewshot_adapt_support_to_query,raw_inhouse_target,18,random_repeated,92,0.7916862503095949,0.40328091382980347
supervised_ann,B_fewshot_adapt_support_to_query,raw_inhouse_target,18,random_repeated,18,0.34855167652482816,0.4052082896232605
supervised_ann,B_fewshot_adapt_support_to_query,raw_inhouse_target,18,random_repeated,36,0.710397436998435,0.4195129871368408
supervised_ann,B_fewshot_adapt_support_to_query,raw_inhouse_target,18,random_repeated,39,0.7565851086119532,0.4350377321243286
supervised_ann,B_fewshot_adapt_support_to_query,raw_inhouse_target,18,random_repeated,85,0.76035675302239,0.4065515398979187
supervised_ann,B_fewshot_adapt_support_to_query,raw_inhouse_target,18,random_repeated,89,0.7603784272900662,0.40765196084976196
supervised_ann,B_fewshot_adapt_support_to_query,raw_inhouse_target,18,random_repeated,53,0.16259722477569558,0.4479783773422241
supervised_ann,B_fewshot_adapt_support_to_query,raw_inhouse_target,18,random_repeated,103,0.6471306330883555,0.37075793743133545
supervised_ann,B_fewshot_adapt_support_to_query,raw_inhouse_target,18,random_repeated,66,0.7681532100647782,0.4151170551776886
supervised_ann,B_fewshot_adapt_support_to_query,raw_inhouse_target,18,random_repeated,42,0.34320990214036895,0.4182157814502716
supervised_ann,B_fewshot_adapt_support_to_query,raw_inhouse_target,18,random_repeated,19,0.3461983072767217,0.3931632936000824
supervised_ann,B_fewshot_adapt_support_to_query,raw_inhouse_target,18,random_repeated,63,0.6431797726779321,0.44956159591674805
supervised_ann,B_fewshot_adapt_support_to_query,raw_inhouse_target,18,random_repeated,67,0.6704965744838094,0.3878891170024872
supervised_ann,B_fewshot_adapt_support_to_query,raw_inhouse_target,18,random_repeated,90,0.7230486216197674,0.39878788590431213
supervised_ann,B_fewshot_adapt_support_to_query,raw_inhouse_target,18,random_repeated,71,0.326655938295472,0.40542566776275635
supervised_ann,B_fewshot_adapt_support_to_query,raw_inhouse_target,18,random_repeated,65,0.7257684721288807,0.40078413486480713
supervised_ann,B_fewshot_adapt_support_to_query,raw_inhouse_target,18,random_repeated,15,0.31203121268996953,0.37405288219451904
supervised_ann,B_fewshot_adapt_support_to_query,raw_inhouse_target,18,random_repeated,8,0.1459604384601472,0.26883766055107117
supervised_ann,B_fewshot_adapt_support_to_query,raw_inhouse_target,18,random_repeated,100,0.8899457183347337,0.3796460032463074
supervised_ann,B_fewshot_adapt_support_to_query,raw_inhouse_target,18,random_repeated,0,0.17543300459315367,0.38471418619155884
supervised_ann,B_fewshot_adapt_support_to_query,inhouse_percentile,18,random_repeated,46,0.45192307233810425,0.7010995149612427
supervised_ann,B_fewshot_adapt_support_to_query,inhouse_percentile,18,random_repeated,92,0.942307710647583,0.7284035682678223
supervised_ann,B_fewshot_adapt_support_to_query,inhouse_percentile,18,random_repeated,18,0.2884615361690521,0.6260998845100403
supervised_ann,B_fewshot_adapt_support_to_query,inhouse_percentile,18,random_repeated,36,0.7980769276618958,0.6922945380210876
supervised_ann,B_fewshot_adapt_support_to_query,inhouse_percentile,18,random_repeated,39,0.8653846383094788,0.727374255657196
supervised_ann,B_fewshot_adapt_support_to_query,inhouse_percentile,18,random_repeated,85,0.875,0.6754672527313232
supervised_ann,B_fewshot_adapt_support_to_query,inhouse_percentile,18,random_repeated,89,0.8846153616905212,0.7227147817611694
supervised_ann,B_fewshot_adapt_support_to_query,inhouse_percentile,18,random_repeated,53,0.07692307978868484,0.7438174486160278
supervised_ann,B_fewshot_adapt_support_to_query,inhouse_percentile,18,random_repeated,103,0.7211538553237915,0.6608215570449829
supervised_ann,B_fewshot_adapt_support_to_query,inhouse_percentile,18,random_repeated,66,0.8942307829856873,0.6910357475280762
supervised_ann,B_fewshot_adapt_support_to_query,inhouse_percentile,18,random_repeated,42,0.26923078298568726,0.6814600229263306
supervised_ann,B_fewshot_adapt_support_to_query,inhouse_percentile,18,random_repeated,19,0.2788461446762085,0.6551303863525391
supervised_ann,B_fewshot_adapt_support_to_query,inhouse_percentile,18,random_repeated,63,0.7115384340286255,0.7427606582641602
supervised_ann,B_fewshot_adapt_support_to_query,inhouse_percentile,18,random_repeated,67,0.7596153616905212,0.697942316532135
supervised_ann,B_fewshot_adapt_support_to_query,inhouse_percentile,18,random_repeated,90,0.807692289352417,0.7207831144332886
supervised_ann,B_fewshot_adapt_support_to_query,inhouse_percentile,18,random_repeated,71,0.2211538404226303,0.7060390710830688
supervised_ann,B_fewshot_adapt_support_to_query,inhouse_percentile,18,random_repeated,65,0.817307710647583,0.685390830039978
supervised_ann,B_fewshot_adapt_support_to_query,inhouse_percentile,18,random_repeated,15,0.21153846383094788,0.6265522241592407
supervised_ann,B_fewshot_adapt_support_to_query,inhouse_percentile,18,random_repeated,8,0.057692307978868484,0.5567121505737305
supervised_ann,B_fewshot_adapt_support_to_query,inhouse_percentile,18,random_repeated,100,0.9903846383094788,0.7159451246261597
supervised_ann,B_fewshot_adapt_support_to_query,inhouse_percentile,18,random_repeated,0,0.08653846383094788,0.6128966808319092
maml,B_fewshot_adapt_support_to_query,raw_inhouse_target,19,random_repeated,23,0.36241321109052227,-2.4031228502369894e+18
maml,B_fewshot_adapt_support_to_query,raw_inhouse_target,19,random_repeated,52,0.21752824156773537,-1.812500937923625e+18
maml,B_fewshot_adapt_support_to_query,raw_inhouse_target,19,random_repeated,102,0.7966561959705182,-2.1075109027722035e+18
maml,B_fewshot_adapt_support_to_query,raw_inhouse_target,19,random_repeated,92,0.7916862503095949,-2.105162071057367e+18
maml,B_fewshot_adapt_support_to_query,raw_inhouse_target,19,random_repeated,13,0.17950464805909924,-2.4298778164314767e+18
maml,B_fewshot_adapt_support_to_query,raw_inhouse_target,19,random_repeated,91,0.8174858560708692,-1.901271108703748e+18
maml,B_fewshot_adapt_support_to_query,raw_inhouse_target,19,random_repeated,36,0.710397436998435,-1.6088466454478848e+18
maml,B_fewshot_adapt_support_to_query,raw_inhouse_target,19,random_repeated,22,0.4548051993775042,-2.418414583078191e+18
maml,B_fewshot_adapt_support_to_query,raw_inhouse_target,19,random_repeated,16,0.19256117908371134,-2.405995874120368e+18
maml,B_fewshot_adapt_support_to_query,raw_inhouse_target,19,random_repeated,83,0.4363562940751377,-2.405995874120368e+18
maml,B_fewshot_adapt_support_to_query,raw_inhouse_target,19,random_repeated,10,0.2580585765753896,-2.417591323746894e+18
maml,B_fewshot_adapt_support_to_query,raw_inhouse_target,19,random_repeated,50,0.4957022938993934,-2.668283273414705e+18
maml,B_fewshot_adapt_support_to_query,raw_inhouse_target,19,random_repeated,12,0.3353358208132731,-2.4204115710721393e+18
maml,B_fewshot_adapt_support_to_query,raw_inhouse_target,19,random_repeated,97,0.624819414195981,-2.4902283604126597e+18
maml,B_fewshot_adapt_support_to_query,raw_inhouse_target,19,random_repeated,88,0.7501729079419943,-1.965784128829784e+18
maml,B_fewshot_adapt_support_to_query,raw_inhouse_target,19,random_repeated,30,0.5986688106192481,-2.4855219008899645e+18
maml,B_fewshot_adapt_support_to_query,raw_inhouse_target,19,random_repeated,71,0.326655938295472,-2.1124886667890524e+18
maml,B_fewshot_adapt_support_to_query,raw_inhouse_target,19,random_repeated,89,0.7603784272900662,-2.1278166835139707e+18
maml,B_fewshot_adapt_support_to_query,raw_inhouse_target,19,random_repeated,85,0.76035675302239,-1.959304981685207e+18
maml,B_fewshot_adapt_support_to_query,raw_inhouse_target,19,random_repeated,59,0.5928021876040668,-2.1142320799138447e+18
maml,B_fewshot_adapt_support_to_query,raw_inhouse_target,19,random_repeated,44,0.3351209588605774,-1.7318330683285832e+18
maml,B_fewshot_adapt_support_to_query,inhouse_percentile,19,random_repeated,23,0.3076923191547394,-38012784.0
maml,B_fewshot_adapt_support_to_query,inhouse_percentile,19,random_repeated,52,0.14423076808452606,-38012784.0
maml,B_fewshot_adapt_support_to_query,inhouse_percentile,19,random_repeated,102,0.9519230723381042,-38012784.0
maml,B_fewshot_adapt_support_to_query,inhouse_percentile,19,random_repeated,92,0.942307710647583,-38012784.0
maml,B_fewshot_adapt_support_to_query,inhouse_percentile,19,random_repeated,13,0.10576923191547394,-38012784.0
maml,B_fewshot_adapt_support_to_query,inhouse_percentile,19,random_repeated,91,0.9615384340286255,-38012784.0
maml,B_fewshot_adapt_support_to_query,inhouse_percentile,19,random_repeated,36,0.7980769276618958,-38012784.0
maml,B_fewshot_adapt_support_to_query,inhouse_percentile,19,random_repeated,22,0.4423076808452606,-38012784.0
maml,B_fewshot_adapt_support_to_query,inhouse_percentile,19,random_repeated,16,0.125,-38012784.0
maml,B_fewshot_adapt_support_to_query,inhouse_percentile,19,random_repeated,83,0.4134615361690521,-38012784.0
maml,B_fewshot_adapt_support_to_query,inhouse_percentile,19,random_repeated,10,0.20192307233810425,-38012784.0
maml,B_fewshot_adapt_support_to_query,inhouse_percentile,19,random_repeated,50,0.5,-38012784.0
maml,B_fewshot_adapt_support_to_query,inhouse_percentile,19,random_repeated,12,0.25,-38012784.0
maml,B_fewshot_adapt_support_to_query,inhouse_percentile,19,random_repeated,97,0.6730769276618958,-38012784.0
maml,B_fewshot_adapt_support_to_query,inhouse_percentile,19,random_repeated,88,0.8365384340286255,-38012784.0
maml,B_fewshot_adapt_support_to_query,inhouse_percentile,19,random_repeated,30,0.6346153616905212,-38012784.0
maml,B_fewshot_adapt_support_to_query,inhouse_percentile,19,random_repeated,71,0.2211538404226303,-38012784.0
maml,B_fewshot_adapt_support_to_query,inhouse_percentile,19,random_repeated,89,0.8846153616905212,-38012784.0
maml,B_fewshot_adapt_support_to_query,inhouse_percentile,19,random_repeated,85,0.875,-38012784.0
maml,B_fewshot_adapt_support_to_query,inhouse_percentile,19,random_repeated,59,0.6057692170143127,-38012784.0
maml,B_fewshot_adapt_support_to_query,inhouse_percentile,19,random_repeated,44,0.24038460850715637,-38012784.0
fomaml,B_fewshot_adapt_support_to_query,raw_inhouse_target,19,random_repeated,23,0.36241321109052227,-3.0782457495821484e+19
fomaml,B_fewshot_adapt_support_to_query,raw_inhouse_target,19,random_repeated,52,0.21752824156773537,-2.610448192135548e+19
fomaml,B_fewshot_adapt_support_to_query,raw_inhouse_target,19,random_repeated,102,0.7966561959705182,-2.852611230106701e+19
fomaml,B_fewshot_adapt_support_to_query,raw_inhouse_target,19,random_repeated,92,0.7916862503095949,-2.8585301211013448e+19
fomaml,B_fewshot_adapt_support_to_query,raw_inhouse_target,19,random_repeated,13,0.17950464805909924,-3.0627881554118967e+19
fomaml,B_fewshot_adapt_support_to_query,raw_inhouse_target,19,random_repeated,91,0.8174858560708692,-2.7050114697800974e+19
fomaml,B_fewshot_adapt_support_to_query,raw_inhouse_target,19,random_repeated,36,0.710397436998435,-2.490023521396405e+19
fomaml,B_fewshot_adapt_support_to_query,raw_inhouse_target,19,random_repeated,22,0.4548051993775042,-3.098290726165807e+19
fomaml,B_fewshot_adapt_support_to_query,raw_inhouse_target,19,random_repeated,16,0.19256117908371134,-3.0783662560565527e+19
fomaml,B_fewshot_adapt_support_to_query,raw_inhouse_target,19,random_repeated,83,0.4363562940751377,-3.0783662560565527e+19
fomaml,B_fewshot_adapt_support_to_query,raw_inhouse_target,19,random_repeated,10,0.2580585765753896,-3.0716066784713114e+19
fomaml,B_fewshot_adapt_support_to_query,raw_inhouse_target,19,random_repeated,50,0.4957022938993934,-3.25662193988183e+19
fomaml,B_fewshot_adapt_support_to_query,raw_inhouse_target,19,random_repeated,12,0.3353358208132731,-3.072381614266568e+19
fomaml,B_fewshot_adapt_support_to_query,raw_inhouse_target,19,random_repeated,97,0.624819414195981,-3.131565246557192e+19
fomaml,B_fewshot_adapt_support_to_query,raw_inhouse_target,19,random_repeated,88,0.7501729079419943,-2.754611758723026e+19
fomaml,B_fewshot_adapt_support_to_query,raw_inhouse_target,19,random_repeated,30,0.5986688106192481,-3.136127560105486e+19
fomaml,B_fewshot_adapt_support_to_query,raw_inhouse_target,19,random_repeated,71,0.326655938295472,-2.8590163251431473e+19
fomaml,B_fewshot_adapt_support_to_query,raw_inhouse_target,19,random_repeated,89,0.7603784272900662,-2.8755879444946616e+19
fomaml,B_fewshot_adapt_support_to_query,raw_inhouse_target,19,random_repeated,85,0.76035675302239,-2.743577719733643e+19
fomaml,B_fewshot_adapt_support_to_query,raw_inhouse_target,19,random_repeated,59,0.5928021876040668,-2.863136195212424e+19
fomaml,B_fewshot_adapt_support_to_query,raw_inhouse_target,19,random_repeated,44,0.3351209588605774,-2.566925563666314e+19
fomaml,B_fewshot_adapt_support_to_query,inhouse_percentile,19,random_repeated,23,0.3076923191547394,-7.984414297130271e+17
fomaml,B_fewshot_adapt_support_to_query,inhouse_percentile,19,random_repeated,52,0.14423076808452606,-6.605640459794514e+17
fomaml,B_fewshot_adapt_support_to_query,inhouse_percentile,19,random_repeated,102,0.9519230723381042,-7.26773818705576e+17
fomaml,B_fewshot_adapt_support_to_query,inhouse_percentile,19,random_repeated,92,0.942307710647583,-7.41496966596264e+17
fomaml,B_fewshot_adapt_support_to_query,inhouse_percentile,19,random_repeated,13,0.10576923191547394,-7.532899847184056e+17
fomaml,B_fewshot_adapt_support_to_query,inhouse_percentile,19,random_repeated,91,0.9615384340286255,-6.728286858704323e+17
fomaml,B_fewshot_adapt_support_to_query,inhouse_percentile,19,random_repeated,36,0.7980769276618958,-6.149807677930209e+17
fomaml,B_fewshot_adapt_support_to_query,inhouse_percentile,19,random_repeated,22,0.4423076808452606,-8.018905976893604e+17
fomaml,B_fewshot_adapt_support_to_query,inhouse_percentile,19,random_repeated,16,0.125,-7.98627041019691e+17
fomaml,B_fewshot_adapt_support_to_query,inhouse_percentile,19,random_repeated,83,0.4134615361690521,-7.98627041019691e+17
fomaml,B_fewshot_adapt_support_to_query,inhouse_percentile,19,random_repeated,10,0.20192307233810425,-7.758632333145539e+17
fomaml,B_fewshot_adapt_support_to_query,inhouse_percentile,19,random_repeated,50,0.5,-8.338773150867128e+17
fomaml,B_fewshot_adapt_support_to_query,inhouse_percentile,19,random_repeated,12,0.25,-7.759107184729784e+17
fomaml,B_fewshot_adapt_support_to_query,inhouse_percentile,19,random_repeated,97,0.6730769276618958,-8.142853235498025e+17
fomaml,B_fewshot_adapt_support_to_query,inhouse_percentile,19,random_repeated,88,0.8365384340286255,-6.945056950509896e+17
fomaml,B_fewshot_adapt_support_to_query,inhouse_percentile,19,random_repeated,30,0.6346153616905212,-8.001787268043899e+17
fomaml,B_fewshot_adapt_support_to_query,inhouse_percentile,19,random_repeated,71,0.2211538404226303,-7.274744824903762e+17
fomaml,B_fewshot_adapt_support_to_query,inhouse_percentile,19,random_repeated,89,0.8846153616905212,-7.491268213787853e+17
fomaml,B_fewshot_adapt_support_to_query,inhouse_percentile,19,random_repeated,85,0.875,-6.926251178506322e+17
fomaml,B_fewshot_adapt_support_to_query,inhouse_percentile,19,random_repeated,59,0.6057692170143127,-7.285845769175695e+17
fomaml,B_fewshot_adapt_support_to_query,inhouse_percentile,19,random_repeated,44,0.24038460850715637,-6.521892033496351e+17
metasgd,B_fewshot_adapt_support_to_query,raw_inhouse_target,19,random_repeated,23,0.36241321109052227,-2438489178112.0
metasgd,B_fewshot_adapt_support_to_query,raw_inhouse_target,19,random_repeated,52,0.21752824156773537,-2438489178112.0
metasgd,B_fewshot_adapt_support_to_query,raw_inhouse_target,19,random_repeated,102,0.7966561959705182,-2438489178112.0
metasgd,B_fewshot_adapt_support_to_query,raw_inhouse_target,19,random_repeated,92,0.7916862503095949,-2438489178112.0
metasgd,B_fewshot_adapt_support_to_query,raw_inhouse_target,19,random_repeated,13,0.17950464805909924,-2438489178112.0
metasgd,B_fewshot_adapt_support_to_query,raw_inhouse_target,19,random_repeated,91,0.8174858560708692,-2438489178112.0
metasgd,B_fewshot_adapt_support_to_query,raw_inhouse_target,19,random_repeated,36,0.710397436998435,-2438489178112.0
metasgd,B_fewshot_adapt_support_to_query,raw_inhouse_target,19,random_repeated,22,0.4548051993775042,-2438489178112.0
metasgd,B_fewshot_adapt_support_to_query,raw_inhouse_target,19,random_repeated,16,0.19256117908371134,-2438489178112.0
metasgd,B_fewshot_adapt_support_to_query,raw_inhouse_target,19,random_repeated,83,0.4363562940751377,-2438489178112.0
metasgd,B_fewshot_adapt_support_to_query,raw_inhouse_target,19,random_repeated,10,0.2580585765753896,-2438489178112.0
metasgd,B_fewshot_adapt_support_to_query,raw_inhouse_target,19,random_repeated,50,0.4957022938993934,-2438489178112.0
metasgd,B_fewshot_adapt_support_to_query,raw_inhouse_target,19,random_repeated,12,0.3353358208132731,-2438489178112.0
metasgd,B_fewshot_adapt_support_to_query,raw_inhouse_target,19,random_repeated,97,0.624819414195981,-2438489178112.0
metasgd,B_fewshot_adapt_support_to_query,raw_inhouse_target,19,random_repeated,88,0.7501729079419943,-2438489178112.0
metasgd,B_fewshot_adapt_support_to_query,raw_inhouse_target,19,random_repeated,30,0.5986688106192481,-2438489178112.0
metasgd,B_fewshot_adapt_support_to_query,raw_inhouse_target,19,random_repeated,71,0.326655938295472,-2438489178112.0
metasgd,B_fewshot_adapt_support_to_query,raw_inhouse_target,19,random_repeated,89,0.7603784272900662,-2438489178112.0
metasgd,B_fewshot_adapt_support_to_query,raw_inhouse_target,19,random_repeated,85,0.76035675302239,-2438489178112.0
metasgd,B_fewshot_adapt_support_to_query,raw_inhouse_target,19,random_repeated,59,0.5928021876040668,-2438489178112.0
metasgd,B_fewshot_adapt_support_to_query,raw_inhouse_target,19,random_repeated,44,0.3351209588605774,-2438489178112.0
metasgd,B_fewshot_adapt_support_to_query,inhouse_percentile,19,random_repeated,23,0.3076923191547394,-3.2940936576547487e+25
metasgd,B_fewshot_adapt_support_to_query,inhouse_percentile,19,random_repeated,52,0.14423076808452606,-2.8815559766292294e+25
metasgd,B_fewshot_adapt_support_to_query,inhouse_percentile,19,random_repeated,102,0.9519230723381042,-3.097330539655322e+25
metasgd,B_fewshot_adapt_support_to_query,inhouse_percentile,19,random_repeated,92,0.942307710647583,-3.084916803230919e+25
metasgd,B_fewshot_adapt_support_to_query,inhouse_percentile,19,random_repeated,13,0.10576923191547394,-3.307529574285136e+25
metasgd,B_fewshot_adapt_support_to_query,inhouse_percentile,19,random_repeated,91,0.9615384340286255,-2.979573443017788e+25
metasgd,B_fewshot_adapt_support_to_query,inhouse_percentile,19,random_repeated,36,0.7980769276618958,-2.7903698007397675e+25
metasgd,B_fewshot_adapt_support_to_query,inhouse_percentile,19,random_repeated,22,0.4423076808452606,-3.3071820837436474e+25
metasgd,B_fewshot_adapt_support_to_query,inhouse_percentile,19,random_repeated,16,0.125,-3.2960826778344964e+25
metasgd,B_fewshot_adapt_support_to_query,inhouse_percentile,19,random_repeated,83,0.4134615361690521,-3.2960826778344964e+25
metasgd,B_fewshot_adapt_support_to_query,inhouse_percentile,19,random_repeated,10,0.20192307233810425,-3.300541717045714e+25
metasgd,B_fewshot_adapt_support_to_query,inhouse_percentile,19,random_repeated,50,0.5,-3.439313113947717e+25
metasgd,B_fewshot_adapt_support_to_query,inhouse_percentile,19,random_repeated,12,0.25,-3.3014075610956736e+25
metasgd,B_fewshot_adapt_support_to_query,inhouse_percentile,19,random_repeated,97,0.6730769276618958,-3.332079884804234e+25
metasgd,B_fewshot_adapt_support_to_query,inhouse_percentile,19,random_repeated,88,0.8365384340286255,-3.013440512215614e+25
metasgd,B_fewshot_adapt_support_to_query,inhouse_percentile,19,random_repeated,30,0.6346153616905212,-3.3598023435511076e+25
metasgd,B_fewshot_adapt_support_to_query,inhouse_percentile,19,random_repeated,71,0.2211538404226303,-3.099275057064992e+25
metasgd,B_fewshot_adapt_support_to_query,inhouse_percentile,19,random_repeated,89,0.8846153616905212,-3.096621262345688e+25
metasgd,B_fewshot_adapt_support_to_query,inhouse_percentile,19,random_repeated,85,0.875,-3.0068820029445075e+25
metasgd,B_fewshot_adapt_support_to_query,inhouse_percentile,19,random_repeated,59,0.6057692170143127,-3.103937471629622e+25
metasgd,B_fewshot_adapt_support_to_query,inhouse_percentile,19,random_repeated,44,0.24038460850715637,-2.828989442963884e+25
supervised_ann,B_fewshot_adapt_support_to_query,raw_inhouse_target,19,random_repeated,23,0.36241321109052227,0.46639105677604675
supervised_ann,B_fewshot_adapt_support_to_query,raw_inhouse_target,19,random_repeated,52,0.21752824156773537,0.543944239616394
supervised_ann,B_fewshot_adapt_support_to_query,raw_inhouse_target,19,random_repeated,102,0.7966561959705182,0.5280375480651855
supervised_ann,B_fewshot_adapt_support_to_query,raw_inhouse_target,19,random_repeated,92,0.7916862503095949,0.6161223649978638
supervised_ann,B_fewshot_adapt_support_to_query,raw_inhouse_target,19,random_repeated,13,0.17950464805909924,0.22315803170204163
supervised_ann,B_fewshot_adapt_support_to_query,raw_inhouse_target,19,random_repeated,91,0.8174858560708692,0.4656570851802826
supervised_ann,B_fewshot_adapt_support_to_query,raw_inhouse_target,19,random_repeated,36,0.710397436998435,0.4905228912830353
supervised_ann,B_fewshot_adapt_support_to_query,raw_inhouse_target,19,random_repeated,22,0.4548051993775042,0.5925595760345459
supervised_ann,B_fewshot_adapt_support_to_query,raw_inhouse_target,19,random_repeated,16,0.19256117908371134,0.42817190289497375
supervised_ann,B_fewshot_adapt_support_to_query,raw_inhouse_target,19,random_repeated,83,0.4363562940751377,0.4281719923019409
supervised_ann,B_fewshot_adapt_support_to_query,raw_inhouse_target,19,random_repeated,10,0.2580585765753896,0.4076671004295349
supervised_ann,B_fewshot_adapt_support_to_query,raw_inhouse_target,19,random_repeated,50,0.4957022938993934,0.4620351195335388
supervised_ann,B_fewshot_adapt_support_to_query,raw_inhouse_target,19,random_repeated,12,0.3353358208132731,0.40504470467567444
supervised_ann,B_fewshot_adapt_support_to_query,raw_inhouse_target,19,random_repeated,97,0.624819414195981,0.5809682607650757
supervised_ann,B_fewshot_adapt_support_to_query,raw_inhouse_target,19,random_repeated,88,0.7501729079419943,0.48078611493110657
supervised_ann,B_fewshot_adapt_support_to_query,raw_inhouse_target,19,random_repeated,30,0.5986688106192481,0.5433114767074585
supervised_ann,B_fewshot_adapt_support_to_query,raw_inhouse_target,19,random_repeated,71,0.326655938295472,0.43163254857063293
supervised_ann,B_fewshot_adapt_support_to_query,raw_inhouse_target,19,random_repeated,89,0.7603784272900662,0.6347554922103882
supervised_ann,B_fewshot_adapt_support_to_query,raw_inhouse_target,19,random_repeated,85,0.76035675302239,0.5093799829483032
supervised_ann,B_fewshot_adapt_support_to_query,raw_inhouse_target,19,random_repeated,59,0.5928021876040668,0.49693819880485535
supervised_ann,B_fewshot_adapt_support_to_query,raw_inhouse_target,19,random_repeated,44,0.3351209588605774,0.5202764272689819
supervised_ann,B_fewshot_adapt_support_to_query,inhouse_percentile,19,random_repeated,23,0.3076923191547394,0.08444377034902573
supervised_ann,B_fewshot_adapt_support_to_query,inhouse_percentile,19,random_repeated,52,0.14423076808452606,0.5890304446220398
supervised_ann,B_fewshot_adapt_support_to_query,inhouse_percentile,19,random_repeated,102,0.9519230723381042,0.46085458993911743
supervised_ann,B_fewshot_adapt_support_to_query,inhouse_percentile,19,random_repeated,92,0.942307710647583,0.5729405283927917
supervised_ann,B_fewshot_adapt_support_to_query,inhouse_percentile,19,random_repeated,13,0.10576923191547394,-0.14902976155281067
supervised_ann,B_fewshot_adapt_support_to_query,inhouse_percentile,19,random_repeated,91,0.9615384340286255,0.6247491240501404
supervised_ann,B_fewshot_adapt_support_to_query,inhouse_percentile,19,random_repeated,36,0.7980769276618958,0.7799541354179382
supervised_ann,B_fewshot_adapt_support_to_query,inhouse_percentile,19,random_repeated,22,0.4423076808452606,0.36905065178871155
supervised_ann,B_fewshot_adapt_support_to_query,inhouse_percentile,19,random_repeated,16,0.125,0.09402764588594437
supervised_ann,B_fewshot_adapt_support_to_query,inhouse_percentile,19,random_repeated,83,0.4134615361690521,0.09402766078710556
supervised_ann,B_fewshot_adapt_support_to_query,inhouse_percentile,19,random_repeated,10,0.20192307233810425,0.05115471035242081
supervised_ann,B_fewshot_adapt_support_to_query,inhouse_percentile,19,random_repeated,50,0.5,0.1382007896900177
supervised_ann,B_fewshot_adapt_support_to_query,inhouse_percentile,19,random_repeated,12,0.25,0.17763230204582214
supervised_ann,B_fewshot_adapt_support_to_query,inhouse_percentile,19,random_repeated,97,0.6730769276618958,0.2623506784439087
supervised_ann,B_fewshot_adapt_support_to_query,inhouse_percentile,19,random_repeated,88,0.8365384340286255,0.58746737241745
supervised_ann,B_fewshot_adapt_support_to_query,inhouse_percentile,19,random_repeated,30,0.6346153616905212,0.23388996720314026
supervised_ann,B_fewshot_adapt_support_to_query,inhouse_percentile,19,random_repeated,71,0.2211538404226303,0.4093022644519806
supervised_ann,B_fewshot_adapt_support_to_query,inhouse_percentile,19,random_repeated,89,0.8846153616905212,0.5767706632614136
supervised_ann,B_fewshot_adapt_support_to_query,inhouse_percentile,19,random_repeated,85,0.875,0.5839707255363464
supervised_ann,B_fewshot_adapt_support_to_query,inhouse_percentile,19,random_repeated,59,0.6057692170143127,0.4795711040496826
supervised_ann,B_fewshot_adapt_support_to_query,inhouse_percentile,19,random_repeated,44,0.24038460850715637,0.7086024880409241
